date,share_code,issuer_name,investor_name,investor_classification,local_foreign,nationality,domicile,holdings_scripless,holdings_scrip,total_holding_shares,percentage
30-Jun-2026,AADI,ADARO ANDALAN INDONESIA Tbk,PERSADA CAPITAL INVESTAMA,Corporate,L,,INDONESIA,119887170,0,119887170,1.54
30-Jun-2026,AADI,ADARO ANDALAN INDONESIA Tbk,SARATOGA INVESTAMA SEDAYA TBK PT,Corporate,L,,INDONESIA,340897429,0,340897429,4.38
30-Jun-2026,AADI,ADARO ANDALAN INDONESIA Tbk,PT TRINUGRAHA THOHIR,Corporate,L,,INDONESIA,89926520,0,89926520,1.15
30-Jun-2026,AADI,ADARO ANDALAN INDONESIA Tbk,ADARO STRATEGIC INVESTMENTS,Corporate,L,,INDONESIA,3200142830,0,3200142830,41.1
30-Jun-2026,AADI,ADARO ANDALAN INDONESIA Tbk,ALAMTRI RESOURCES INDONESIA TBK PT,Corporate,L,,INDONESIA,1197023942,0,1197023942,15.37
30-Jun-2026,AADI,ADARO ANDALAN INDONESIA Tbk,FTAG INVESTMENT BANK LTD,Financial Institutional,F,,MALAYSIA,100722000,0,100722000,1.29
30-Jun-2026,AADI,ADARO ANDALAN INDONESIA Tbk,GARIBALDI THOHIR,Individual,L,INDONESIAN,INDONESIA,454011607,0,454011607,5.83
30-Jun-2026,AADI,ADARO ANDALAN INDONESIA Tbk,IR. T. PERMADI RACHMAT,Individual,L,INDONESIAN,INDONESIA,256255018,0,256255018,3.29
30-Jun-2026,AADI,ADARO ANDALAN INDONESIA Tbk,EDWIN SOERYADJAYA,Individual,L,INDONESIAN,INDONESIA,273955636,0,273955636,3.52
30-Jun-2026,AADI,ADARO ANDALAN INDONESIA Tbk,SANDIAGA SALAHUDDIN UNO,Individual,L,INDONESIAN,INDONESIA,159027175,0,159027175,2.04
30-Jun-2026,AALI,ASTRA AGRO LESTARI Tbk,PT ASTRA INTERNATIONAL TBK,Corporate,L,,INDONESIA,0,1533682440,1533682440,79.68
30-Jun-2026,AALI,ASTRA AGRO LESTARI Tbk,DJS KETENAGAKERJAAN PROGRAM JAMINAN HARI TUA,State Owned Enterprises,L,,INDONESIA,41979300,0,41979300,2.18
30-Jun-2026,ABBA,MAHAKA MEDIA Tbk,YAYASAN BINA SEJAHTERA WARGA BULOG,,,,,0,52975286,52975286,1.35
30-Jun-2026,ABBA,MAHAKA MEDIA Tbk,YAYASAN ABDI BANGSA,,,,,0,111372886,111372886,2.83
30-Jun-2026,ABBA,MAHAKA MEDIA Tbk,MEDIAHUIS IRELAND LIMITED,,,,,0,282886300,282886300,7.19
30-Jun-2026,ABBA,MAHAKA MEDIA Tbk,PT BEYOND MEDIA,Private Equity,L,,INDONESIA,1592831618,0,1592831618,40.47
30-Jun-2026,ABBA,MAHAKA MEDIA Tbk,PT.Grid One Media,Corporate,L,,INDONESIA,43791628,0,43791628,1.11
30-Jun-2026,ABBA,MAHAKA MEDIA Tbk,SOLIC KREASI BARU PT,Corporate,L,,INDONESIA,542042122,0,542042122,13.77
30-Jun-2026,ABBA,MAHAKA MEDIA Tbk,PT KAIROS EKSPRES INTERNASIONAL,Corporate,L,,INDONESIA,52362500,0,52362500,1.33
30-Jun-2026,ABBA,MAHAKA MEDIA Tbk,PEARL HILL INVESTMENTS LTD,Financial Institutional,F,,"VIRGIN ISLANDS, BRITISH",39999999,0,39999999,1.02
30-Jun-2026,ABBA,MAHAKA MEDIA Tbk,TJEN FOENG FA,Individual,L,INDONESIAN,INDONESIA,41856300,0,41856300,1.06
30-Jun-2026,ABBA,MAHAKA MEDIA Tbk,DRS. WINARTO,Individual,L,INDONESIAN,,178745400,0,178745400,4.54
30-Jun-2026,ABDA,ASURANSI BINA DANA ARTA Tbk,SKYLIGHT INVESTMENT LTD,Private Equity,F,,CAYMAN ISLANDS,21728234,0,21728234,3.5
30-Jun-2026,ABDA,ASURANSI BINA DANA ARTA Tbk,DBS BANK LTD.,Bank,F,,SINGAPORE,28000000,0,28000000,4.51
30-Jun-2026,ABDA,ASURANSI BINA DANA ARTA Tbk,OONA INDONESIA PTE LTD,Insurance,F,,SINGAPORE,538542104,0,538542104,86.75
30-Jun-2026,ABDA,ASURANSI BINA DANA ARTA Tbk,MAYBANK SECURITIES PTE. LTD.,Investment Manager,F,,SINGAPORE,30499400,0,30499400,4.91
30-Jun-2026,ABMM,ABM INVESTAMA Tbk,PT TIARA MARGA TRAKINDO,Corporate,L,,INDONESIA,1474573133,0,1474573133,53.56
30-Jun-2026,ABMM,ABM INVESTAMA Tbk,NOBLE INVESTMENT CORPORATION (SPC) LTD.,Corporate,F,,CAYMAN ISLANDS,96446100,0,96446100,3.5
30-Jun-2026,ABMM,ABM INVESTAMA Tbk,VALLE VERDE PTE LTD,Firm,F,,SINGAPORE,702349867,0,702349867,25.51
30-Jun-2026,ABMM,ABM INVESTAMA Tbk,DRS LO KHENG HONG,Individual,L,INDONESIAN,INDONESIA,155718900,0,155718900,5.66
30-Jun-2026,ACES,ASPIRASI HIDUP INDONESIA Tbk,PT KAWAN LAMA SEJAHTERA,Corporate,L,,INDONESIA,10272189700,0,10272189700,60.0
30-Jun-2026,ACES,ASPIRASI HIDUP INDONESIA Tbk,MERCER QIF FUND PLC,Mutual Funds,F,,IRELAND,188704500,0,188704500,1.1
30-Jun-2026,ACES,ASPIRASI HIDUP INDONESIA Tbk,ALBIZIA ASEAN OPPORTUNITIES FUND,Mutual Funds,F,,CAYMAN ISLANDS,488996500,0,488996500,2.86
30-Jun-2026,ACES,ASPIRASI HIDUP INDONESIA Tbk,NT TST CO S/A EDGBASTON ASIAN EQUITY (JERSEY) TRUST,Investment Advisors,F,,JERSEY,214006200,0,214006200,1.25
30-Jun-2026,ACRO,SAMCRO HYOSUNG ADILESTARI Tbk,JOO HEE KO,Individual,F,SOUTH KOREAN,INDONESIA,155459000,0,155459000,4.48
30-Jun-2026,ACRO,SAMCRO HYOSUNG ADILESTARI Tbk,SUMAN KIM,Individual,F,SOUTH KOREAN,INDONESIA,131628700,0,131628700,3.79
30-Jun-2026,ACRO,SAMCRO HYOSUNG ADILESTARI Tbk,KYUNGHEE KO,Individual,F,SOUTH KOREAN,INDONESIA,107563300,0,107563300,3.1
30-Jun-2026,ACRO,SAMCRO HYOSUNG ADILESTARI Tbk,TAE SUNG CHUNG,Individual,F,SOUTH KOREAN,INDONESIA,2720072495,0,2720072495,78.4
30-Jun-2026,ACST,ACSET INDONUSA Tbk,PT. KARYA SUPRA PERKASA,Corporate,L,,INDONESIA,16115027968,0,16115027968,91.17
30-Jun-2026,ADCP,ADHI COMMUTER PROPERTI Tbk,ADHI KARYA PERSERO TBK PT.,Corporate,L,,INDONESIA,0,19999900000,19999900000,90.0
30-Jun-2026,ADES,AKASHA WIRA INTERNATIONAL Tbk,WATER PARTNERS BOTTLING SA,Corporate,F,,SWITZERLAND,538896713,0,538896713,91.35
30-Jun-2026,ADES,AKASHA WIRA INTERNATIONAL Tbk,SURONO SUBEKTI,Individual,L,INDONESIAN,INDONESIA,6106500,0,6106500,1.04
30-Jun-2026,ADHI,ADHI KARYA (PERSERO) Tbk,PERUSAHAAN PERSEROAN (PERSERO) PT DANANTARA ASSET MANAGEMENT,Corporate,L,,,0,5354686054,5354686054,63.69
30-Jun-2026,ADHI,ADHI KARYA (PERSERO) Tbk,PT WARUNA NUSASENTANA,Firm,L,,INDONESIA,96194100,0,96194100,1.14
30-Jun-2026,ADHI,ADHI KARYA (PERSERO) Tbk,PT. MITRACOMM EKASARANA,Corporate,L,,INDONESIA,159880400,0,159880400,1.9
30-Jun-2026,ADHI,ADHI KARYA (PERSERO) Tbk,SALIM LIM,Individual,L,INDONESIAN,INDONESIA,141567623,0,141567623,1.68
30-Jun-2026,ADHI,ADHI KARYA (PERSERO) Tbk,"PANIN SEKURITAS Tbk, PT",Securities Company,L,,INDONESIA,238684268,0,238684268,2.84
30-Jun-2026,ADMF,ADIRA DINAMIKA MULTI FINANCE Tbk,"BANK DANAMON INDONESIA Tbk, PT - REGISTRAR",Bank,L,,INDONESIA,920700000,0,920700000,74.5
30-Jun-2026,ADMF,ADIRA DINAMIKA MULTI FINANCE Tbk,MUFG Bank Ltd,Private Bank,F,,JAPAN,233757759,0,233757759,18.92
30-Jun-2026,ADMG,POLYCHEM INDONESIA Tbk,"GAJAH TUNGGAL, TbK. PT.",Corporate,L,,INDONESIA,994150000,0,994150000,25.56
30-Jun-2026,ADMG,POLYCHEM INDONESIA Tbk,PT SATYA MULIA GEMA GEMILANG,Corporate,L,,INDONESIA,405356593,0,405356593,10.42
30-Jun-2026,ADMG,POLYCHEM INDONESIA Tbk,NEW WORLD GLOBAL LIMITED,Corporate,F,,,0,39997466,39997466,1.03
30-Jun-2026,ADMG,POLYCHEM INDONESIA Tbk,SOETIKNO HARTO SOEWITO,Individual,L,INDONESIAN,,111309200,0,111309200,2.86
30-Jun-2026,ADMG,POLYCHEM INDONESIA Tbk,DRS LO KHENG HONG,Individual,L,INDONESIAN,INDONESIA,50318100,0,50318100,1.29
30-Jun-2026,ADMG,POLYCHEM INDONESIA Tbk,PROVESTMENT LIMITED,Partnership,F,,"VIRGIN ISLANDS, BRITISH",1925414417,0,1925414417,49.51
30-Jun-2026,ADMR,ALAMTRI MINERALS INDONESIA Tbk,ALAMTRI RESOURCES INDONESIA TBK PT,Corporate,L,,INDONESIA,34933166100,0,34933166100,85.45
30-Jun-2026,ADMR,ALAMTRI MINERALS INDONESIA Tbk,SILVERCITY ENTERPRISE LIMITED,Corporate,F,,HONG KONG,436463680,0,436463680,1.07
30-Jun-2026,ADMR,ALAMTRI MINERALS INDONESIA Tbk,VERANUS CAPITAL PTE. LTD.,Investment Advisors,F,,SINGAPORE,532762560,0,532762560,1.3
30-Jun-2026,ADRO,ALAMTRI RESOURCES INDONESIA Tbk,SARATOGA INVESTAMA SEDAYA TBK PT,Corporate,L,,INDONESIA,1174890670,0,1174890670,4.0
30-Jun-2026,ADRO,ALAMTRI RESOURCES INDONESIA Tbk,ADARO STRATEGIC INVESTMENTS,Corporate,L,,INDONESIA,14045425500,0,14045425500,47.79
30-Jun-2026,ADRO,ALAMTRI RESOURCES INDONESIA Tbk,ALAMTRI RESOURCES INDONESIA TBK PT,Corporate,L,,INDONESIA,589195200,0,589195200,2.0
30-Jun-2026,ADRO,ALAMTRI RESOURCES INDONESIA Tbk,KOREA SOUTH-EAST POWER CO.LTD,Corporate,F,,"KOREA, REPUBLIC OF",480000000,0,480000000,1.63
30-Jun-2026,ADRO,ALAMTRI RESOURCES INDONESIA Tbk,GARIBALDI THOHIR,Individual,L,INDONESIAN,INDONESIA,1976632710,0,1976632710,6.73
30-Jun-2026,ADRO,ALAMTRI RESOURCES INDONESIA Tbk,IR. T. PERMADI RACHMAT,Individual,L,INDONESIAN,INDONESIA,1161671401,0,1161671401,3.95
30-Jun-2026,ADRO,ALAMTRI RESOURCES INDONESIA Tbk,EDWIN SOERYADJAYA,Individual,L,INDONESIAN,INDONESIA,1051738544,0,1051738544,3.58
30-Jun-2026,ADRO,ALAMTRI RESOURCES INDONESIA Tbk,SANDIAGA SALAHUDDIN UNO,Individual,L,INDONESIAN,INDONESIA,611849202,0,611849202,2.08
30-Jun-2026,ADRO,ALAMTRI RESOURCES INDONESIA Tbk,LAZARD EMERGING MARKETS EQUITY PORTFOLIO,Mutual Funds,F,,UNITED STATES,298427500,0,298427500,1.02
30-Jun-2026,AEGS,ANUGERAH SPAREPARTS SEJAHTERA Tbk,CV. JAMBI TRADE CENTER,Commanditaire Vennootschap (CV) Or Limited Partnership,L,,INDONESIA,10433000,0,10433000,1.04
30-Jun-2026,AEGS,ANUGERAH SPAREPARTS SEJAHTERA Tbk,ANDY TANUJAYA,Individual,L,INDONESIAN,INDONESIA,12545400,0,12545400,1.25
30-Jun-2026,AEGS,ANUGERAH SPAREPARTS SEJAHTERA Tbk,OEY JOHAN SINATRA SUMAWI,Individual,L,INDONESIAN,INDONESIA,25350010,0,25350010,2.52
30-Jun-2026,AEGS,ANUGERAH SPAREPARTS SEJAHTERA Tbk,KUSWIRA,Individual,L,INDONESIAN,INDONESIA,10232600,0,10232600,1.02
30-Jun-2026,AEGS,ANUGERAH SPAREPARTS SEJAHTERA Tbk,J SUWANTA SINARYA DR,Individual,L,INDONESIAN,INDONESIA,555649980,0,555649980,55.23
30-Jun-2026,AEGS,ANUGERAH SPAREPARTS SEJAHTERA Tbk,ANI ROLIYANI,Individual,L,INDONESIAN,INDONESIA,15130000,0,15130000,1.5
30-Jun-2026,AEGS,ANUGERAH SPAREPARTS SEJAHTERA Tbk,HASANUDIN,Individual,L,INDONESIAN,INDONESIA,15926800,0,15926800,1.58
30-Jun-2026,AEGS,ANUGERAH SPAREPARTS SEJAHTERA Tbk,JEIHAN SUMAWI PUTRA,Individual,L,INDONESIAN,INDONESIA,25000010,0,25000010,2.48
30-Jun-2026,AEGS,ANUGERAH SPAREPARTS SEJAHTERA Tbk,UOB KAY HIAN PTE LTD,Securities Company,F,,SINGAPORE,44095700,0,44095700,4.38
30-Jun-2026,AEGS,ANUGERAH SPAREPARTS SEJAHTERA Tbk,PHILLIP SECURITIES PTE LTD,Investment Manager,F,,SINGAPORE,14704300,0,14704300,1.46
30-Jun-2026,AGAR,ASIA SEJAHTERA MINA Tbk,PT. BENGAWAN TIMUR LAJU,Corporate,L,,INDONESIA,43000000,0,43000000,4.3
30-Jun-2026,AGAR,ASIA SEJAHTERA MINA Tbk,PT. SINAR TERANG ASIA RAYA,Corporate,L,,INDONESIA,299927300,0,299927300,29.99
30-Jun-2026,AGAR,ASIA SEJAHTERA MINA Tbk,PT. INDO KREASI PRATAMA,Corporate,L,,INDONESIA,450000000,0,450000000,45.0
30-Jun-2026,AGAR,ASIA SEJAHTERA MINA Tbk,HENRY TIRTASAPUTRA JUNIOR,Individual,L,INDONESIAN,INDONESIA,40000000,0,40000000,4.0
30-Jun-2026,AGAR,ASIA SEJAHTERA MINA Tbk,L. HAUW LIONG (LIANTO G),Individual,L,INDONESIAN,INDONESIA,40392900,0,40392900,4.04
30-Jun-2026,AGAR,ASIA SEJAHTERA MINA Tbk,ROBIN GOENADI,Individual,L,INDONESIAN,INDONESIA,39777500,0,39777500,3.98
30-Jun-2026,AGAR,ASIA SEJAHTERA MINA Tbk,INTAN POLANARIA SANTOSA,Individual,L,INDONESIAN,INDONESIA,33218600,0,33218600,3.32
30-Jun-2026,AGAR,ASIA SEJAHTERA MINA Tbk,WILDA TETY ARYDESIA,Individual,L,INDONESIAN,INDONESIA,41000000,0,41000000,4.1
30-Jun-2026,AGII,SAMATOR INDO GAS Tbk,PT. ANEKA MEGA ENERGI,Corporate,L,,INDONESIA,0,459999000,459999000,15.0
30-Jun-2026,AGII,SAMATOR INDO GAS Tbk,SARATOGA INVESTAMA SEDAYA TBK PT,Corporate,L,,INDONESIA,306666000,0,306666000,10.0
30-Jun-2026,AGII,SAMATOR INDO GAS Tbk,PT SAMATOR,Corporate,L,,INDONESIA,709549020,371144000,1080693020,35.24
30-Jun-2026,AGII,SAMATOR INDO GAS Tbk,MATRIX COMPANY LIMITED,Private Equity,F,,JERSEY,986967780,0,986967780,32.18
30-Jun-2026,AGII,SAMATOR INDO GAS Tbk,ZICO TRUST (S) LTD.,Trustee Bank,F,,SINGAPORE,91633900,0,91633900,2.99
30-Jun-2026,AGRO,BANK RAYA INDONESIA Tbk,BANK RAKYAT INDONESIA PT,Bank,L,,INDONESIA,21239760958,247401079,21487162037,86.85
30-Jun-2026,AGRO,BANK RAYA INDONESIA Tbk,DANA PENSUN PERKEBUNAN,Pension Funds,L,,INDONESIA,600703375,0,600703375,2.43
30-Jun-2026,AGRS,BANK IBK INDONESIA Tbk,PT INDUSTRIAL BANK OF KOREA,Private Bank,F,,"KOREA, REPUBLIC OF",4701453340,39090909045,43792362385,91.49
30-Jun-2026,AGRS,BANK IBK INDONESIA Tbk,PT KOREA INVESTMENT AND SEKURITAS INDONESIA - REGISTRAR,Securities Company,L,,INDONESIA,1414728100,0,1414728100,2.96
30-Jun-2026,AHAP,ASURANSI HARTA AMAN PRATAMA Tbk,PT ASIAN INTERNATIONAL INVESTINDO,Corporate,L,,INDONESIA,52829854,0,52829854,1.08
30-Jun-2026,AHAP,ASURANSI HARTA AMAN PRATAMA Tbk,SENDRA GUNAWAN,Individual,L,INDONESIAN,INDONESIA,594981066,0,594981066,12.14
30-Jun-2026,AHAP,ASURANSI HARTA AMAN PRATAMA Tbk,TAN KAH HO,Individual,F,SINGAPOREAN,SINGAPORE,115237763,0,115237763,2.35
30-Jun-2026,AHAP,ASURANSI HARTA AMAN PRATAMA Tbk,PT ASURANSI CENTRAL ASIA,Insurance,L,,INDONESIA,3066343009,0,3066343009,62.58
30-Jun-2026,AHAP,ASURANSI HARTA AMAN PRATAMA Tbk,BANGKOK INSURANCE PUBLIC COMPANY LIMITED,Insurance,F,,THAILAND,64086000,0,64086000,1.31
30-Jun-2026,AIMS,ARTHA MAHIYA INVESTAMA Tbk,PT DELTA WIBAWA BERSAMA,Corporate,L,,INDONESIA,68493151,0,68493151,31.13
30-Jun-2026,AIMS,ARTHA MAHIYA INVESTAMA Tbk,PT AIMS INDO INVESTAMA,Investment Advisors,L,,INDONESIA,74827991,0,74827991,34.01
30-Jun-2026,AIMS,ARTHA MAHIYA INVESTAMA Tbk,HADI WIJAYA,Individual,L,INDONESIAN,INDONESIA,2538900,0,2538900,1.15
30-Jun-2026,AIMS,ARTHA MAHIYA INVESTAMA Tbk,JONI,Individual,L,INDONESIAN,INDONESIA,3037700,0,3037700,1.38
30-Jun-2026,AIMS,ARTHA MAHIYA INVESTAMA Tbk,IR EFENDI LEMAN,Individual,L,INDONESIAN,INDONESIA,11155000,0,11155000,5.07
30-Jun-2026,AIMS,ARTHA MAHIYA INVESTAMA Tbk,CHRIST JONATAN DAELY,Individual,L,INDONESIAN,INDONESIA,3041848,0,3041848,1.38
30-Jun-2026,AIMS,ARTHA MAHIYA INVESTAMA Tbk,ANTHONY SETIADI,Individual,L,INDONESIAN,INDONESIA,2736300,0,2736300,1.24
30-Jun-2026,AIMS,ARTHA MAHIYA INVESTAMA Tbk,ABEL IGNATIUS AUREY,Individual,L,INDONESIAN,INDONESIA,4848800,0,4848800,2.2
30-Jun-2026,AIMS,ARTHA MAHIYA INVESTAMA Tbk,LIANG ZHANG,Individual,F,CHINESE,CHINA,3829000,0,3829000,1.74
30-Jun-2026,AIMS,ARTHA MAHIYA INVESTAMA Tbk,LIQIN LING,Individual,F,CHINESE,CHINA,9681000,0,9681000,4.4
30-Jun-2026,AISA,FKS FOOD SEJAHTERA Tbk,PT PANGAN SEJAHTERA INVESTAMA,Corporate,L,,INDONESIA,5459512500,0,5459512500,58.63
30-Jun-2026,AISA,FKS FOOD SEJAHTERA Tbk,PT ASTA ASKARA SENTOSA,Corporate,L,,INDONESIA,1441374472,0,1441374472,15.48
30-Jun-2026,AISA,FKS FOOD SEJAHTERA Tbk,PRIMANEX LIMITED,Venture Capital,F,,BRITISH INDIAN OCEAN TERRITORY,173114557,0,173114557,1.86
30-Jun-2026,AISA,FKS FOOD SEJAHTERA Tbk,TROPHY INVESTORS II Ltd,Corporate,F,,BRITISH INDIAN OCEAN TERRITORY,146693750,0,146693750,1.58
30-Jun-2026,AISA,FKS FOOD SEJAHTERA Tbk,UBS AG SINGAPORE BRANCH,Private Bank,F,,SINGAPORE,158836700,0,158836700,1.71
30-Jun-2026,AISA,FKS FOOD SEJAHTERA Tbk,PT ASURANSI SIMAS JIWA,Insurance,L,,INDONESIA,169350483,0,169350483,1.82
30-Jun-2026,AKKU,ANUGERAH KAGUM KARYA UTAMA Tbk,PT TALENTA USAHA PRIMA,Corporate,L,,INDONESIA,81643800,0,81643800,1.27
30-Jun-2026,AKKU,ANUGERAH KAGUM KARYA UTAMA Tbk,PT ANTARIKSA BINTANG CEMERLANG,Corporate,L,,INDONESIA,190502200,0,190502200,2.95
30-Jun-2026,AKKU,ANUGERAH KAGUM KARYA UTAMA Tbk,PT CIHAMPELAS SEJUTA BUSANA,Corporate,L,,INDONESIA,183698600,0,183698600,2.85
30-Jun-2026,AKKU,ANUGERAH KAGUM KARYA UTAMA Tbk,PT BINTANG BERSINAR CEMERLANG,Corporate,L,,INDONESIA,721187100,0,721187100,11.18
30-Jun-2026,AKKU,ANUGERAH KAGUM KARYA UTAMA Tbk,PT GEMPAR BUSANA JAYA,Corporate,L,,INDONESIA,81643800,0,81643800,1.27
30-Jun-2026,AKKU,ANUGERAH KAGUM KARYA UTAMA Tbk,PT GEMA BUSANA RAYA,Corporate,L,,INDONESIA,394611900,0,394611900,6.12
30-Jun-2026,AKKU,ANUGERAH KAGUM KARYA UTAMA Tbk,PT MAJU KARYA SRIKANDI,Corporate,L,,INDONESIA,108858400,0,108858400,1.69
30-Jun-2026,AKKU,ANUGERAH KAGUM KARYA UTAMA Tbk,PT. KAGUM KARYA UTAMA,Firm,L,,INDONESIA,147670900,0,147670900,2.29
30-Jun-2026,AKKU,ANUGERAH KAGUM KARYA UTAMA Tbk,PT KAGUM KARYA MAKMUR,Firm,L,,INDONESIA,117407100,0,117407100,1.82
30-Jun-2026,AKKU,ANUGERAH KAGUM KARYA UTAMA Tbk,PT. RENALDIJAYA EKAINTI,Firm,L,,INDONESIA,1036756100,0,1036756100,16.08
30-Jun-2026,AKKU,ANUGERAH KAGUM KARYA UTAMA Tbk,PT LOKASI EMAS INDONESIA PROPERTI,Firm,L,,INDONESIA,126925800,0,126925800,1.97
30-Jun-2026,AKKU,ANUGERAH KAGUM KARYA UTAMA Tbk,PT SUKSES SELALU SEMPURNA,Corporate,L,,INDONESIA,251735200,0,251735200,3.9
30-Jun-2026,AKKU,ANUGERAH KAGUM KARYA UTAMA Tbk,PT LENTERA BINTANG TERANG,Corporate,L,,INDONESIA,68036500,0,68036500,1.05
30-Jun-2026,AKKU,ANUGERAH KAGUM KARYA UTAMA Tbk,PT JOKOWOW INDONESIA HEBAT,Corporate,L,,INDONESIA,134889200,0,134889200,2.09
30-Jun-2026,AKKU,ANUGERAH KAGUM KARYA UTAMA Tbk,PT. RELBI JAYA EKA INTI,Firm,L,,INDONESIA,223590000,0,223590000,3.47
30-Jun-2026,AKKU,ANUGERAH KAGUM KARYA UTAMA Tbk,PT. KAGUM JAYA EKA INTI,Firm,L,,INDONESIA,136701600,0,136701600,2.12
30-Jun-2026,AKKU,ANUGERAH KAGUM KARYA UTAMA Tbk,PT. RENA JAYA EKA INTI,Firm,L,,INDONESIA,122608200,0,122608200,1.9
30-Jun-2026,AKKU,ANUGERAH KAGUM KARYA UTAMA Tbk,PT. RESTI JAYA EKA INTI,Firm,L,,INDONESIA,126601700,0,126601700,1.96
30-Jun-2026,AKKU,ANUGERAH KAGUM KARYA UTAMA Tbk,PT KAGUM UTAMA JAYA,Firm,L,,INDONESIA,117865600,0,117865600,1.83
30-Jun-2026,AKKU,ANUGERAH KAGUM KARYA UTAMA Tbk,PT. KOREK API GUNA MANDIRI,Firm,L,,INDONESIA,358795300,0,358795300,5.56
30-Jun-2026,AKKU,ANUGERAH KAGUM KARYA UTAMA Tbk,PT. KAGUM MAKMUR UTAMA,Firm,L,,INDONESIA,138442000,0,138442000,2.15
30-Jun-2026,AKKU,ANUGERAH KAGUM KARYA UTAMA Tbk,KINGSWOOD UNION CORPORATION,Private Equity,F,,SINGAPORE,72535000,0,72535000,1.12
30-Jun-2026,AKKU,ANUGERAH KAGUM KARYA UTAMA Tbk,OIL AND GAS VENTURES LIMITED,Venture Capital,F,,SEYCHELLES,195289000,0,195289000,3.03
30-Jun-2026,AKKU,ANUGERAH KAGUM KARYA UTAMA Tbk,RENA LUCIANI HUSADA,Individual,L,INDONESIAN,INDONESIA,250000100,0,250000100,3.88
30-Jun-2026,AKPI,ARGHA KARYA PRIMA INDUSTRY Tbk,PT GITANIRWANA MANDRASAKTI,Corporate,L,,INDONESIA,28680660,0,28680660,4.68
30-Jun-2026,AKPI,ARGHA KARYA PRIMA INDUSTRY Tbk,PT PRISMATAMA NUGRAHA,Corporate,L,,INDONESIA,37009340,130019668,167029008,27.28
30-Jun-2026,AKPI,ARGHA KARYA PRIMA INDUSTRY Tbk,"NAWA PANDUTA, PT",Corporate,L,,,0,92133534,92133534,15.05
30-Jun-2026,AKPI,ARGHA KARYA PRIMA INDUSTRY Tbk,PT. TIARA INTIMAHKOTA,Corporate,L,,INDONESIA,80045006,141027982,221072988,36.11
30-Jun-2026,AKPI,ARGHA KARYA PRIMA INDUSTRY Tbk,DINA RISJAD,Individual,L,INDONESIAN,INDONESIA,10433162,0,10433162,1.7
30-Jun-2026,AKPI,ARGHA KARYA PRIMA INDUSTRY Tbk,DEDEY RISJAD,Individual,L,INDONESIAN,INDONESIA,10433162,0,10433162,1.7
30-Jun-2026,AKPI,ARGHA KARYA PRIMA INDUSTRY Tbk,ZARANI RISJAD,Individual,L,INDONESIAN,INDONESIA,10433162,0,10433162,1.7
30-Jun-2026,AKPI,ARGHA KARYA PRIMA INDUSTRY Tbk,RIZAL RISJAD,Individual,L,INDONESIAN,INDONESIA,10433162,0,10433162,1.7
30-Jun-2026,AKPI,ARGHA KARYA PRIMA INDUSTRY Tbk,SELVIYA RISJAD DANANTO,Individual,L,INDONESIAN,INDONESIA,10433162,0,10433162,1.7
30-Jun-2026,AKPI,ARGHA KARYA PRIMA INDUSTRY Tbk,RADIAN RISJAD,Individual,L,INDONESIAN,INDONESIA,10433161,0,10433161,1.7
30-Jun-2026,AKPI,ARGHA KARYA PRIMA INDUSTRY Tbk,HENRY LIEM,Individual,L,INDONESIAN,,13177659,0,13177659,2.15
30-Jun-2026,AKPI,ARGHA KARYA PRIMA INDUSTRY Tbk,Amirsyah Risjad,Individual,L,INDONESIAN,INDONESIA,10503862,0,10503862,1.72
30-Jun-2026,AKRA,AKR CORPORINDO Tbk,PT ARTHAKENCANA RAYATAMA,Firm,L,,INDONESIA,3293622000,9675201600,12968823600,64.61
30-Jun-2026,AKRA,AKR CORPORINDO Tbk,HARYANTO ADIKOESOEMO,Individual,L,INDONESIAN,INDONESIA,224604600,0,224604600,1.12
30-Jun-2026,AKRA,AKR CORPORINDO Tbk,PT. PRUDENTIAL LIFE ASSURANCE,Insurance,L,,INDONESIA,217763600,0,217763600,1.08
30-Jun-2026,AKRA,AKR CORPORINDO Tbk,THE NT TST CO S/A CIM INVESTMENT FUND ICAV,Mutual Funds,F,,IRELAND,424348900,0,424348900,2.11
30-Jun-2026,AKRA,AKR CORPORINDO Tbk,ABERDEEN ASIA FOCUS PLC,Mutual Funds,F,,UNITED KINGDOM,206676800,0,206676800,1.03
30-Jun-2026,AKRA,AKR CORPORINDO Tbk,GOVERNMENT OF NORWAY,Sovereign Wealth Fund,F,,NORWAY,581700100,0,581700100,2.9
30-Jun-2026,AKRA,AKR CORPORINDO Tbk,EMPLOYEES PROVIDENT FUND BOARD,Pension Funds,F,,MALAYSIA,647500000,0,647500000,3.23
30-Jun-2026,AKSI,MINERAL SUMBERDAYA MANDIRI Tbk,PT BATULICIN ENAM SEMBILAN TRANSPORTASI,Corporate,L,,INDONESIA,3299750,662400000,665699750,92.46
30-Jun-2026,ALDO,ALKINDO NARATAMA Tbk,PT.GOLDEN ARISTA INTERNATIONAL,Corporate,L,,INDONESIA,1810571784,0,1810571784,67.04
30-Jun-2026,ALDO,ALKINDO NARATAMA Tbk,PT PABRIK KERTAS NOREE INDONESIA,Corporate,L,,INDONESIA,57587200,0,57587200,2.13
30-Jun-2026,ALDO,ALKINDO NARATAMA Tbk,PT ARDANA INVESTAMA INDONESIA,Corporate,L,,INDONESIA,78610600,0,78610600,2.91
30-Jun-2026,ALDO,ALKINDO NARATAMA Tbk,WILLY SOESANTO,Individual,L,INDONESIAN,,45652702,0,45652702,1.69
30-Jun-2026,ALDO,ALKINDO NARATAMA Tbk,VERY BUDIAWAN,Individual,L,INDONESIAN,INDONESIA,91390948,0,91390948,3.38
30-Jun-2026,ALDO,ALKINDO NARATAMA Tbk,IRENE SASTROAMIJOYO,Individual,L,INDONESIAN,INDONESIA,55990400,0,55990400,2.07
30-Jun-2026,ALDO,ALKINDO NARATAMA Tbk,LILI MULYADI SUTANTO,Individual,L,INDONESIAN,INDONESIA,84307692,0,84307692,3.12
30-Jun-2026,ALDO,ALKINDO NARATAMA Tbk,SONNY KOESOEMAHARSONO,Individual,L,INDONESIAN,INDONESIA,33278698,0,33278698,1.23
30-Jun-2026,ALDO,ALKINDO NARATAMA Tbk,HERLAMBANG PUTRA SURJADI,Individual,L,INDONESIAN,INDONESIA,46316720,0,46316720,1.71
30-Jun-2026,ALDO,ALKINDO NARATAMA Tbk,DADANG KURNIAWAN WIKARA,Individual,L,INDONESIAN,INDONESIA,116174700,0,116174700,4.3
30-Jun-2026,ALDO,ALKINDO NARATAMA Tbk,HERWANTO SUTANTO,Individual,L,INDONESIAN,INDONESIA,49230770,0,49230770,1.82
30-Jun-2026,ALDO,ALKINDO NARATAMA Tbk,HILDA SUTANTO,Individual,L,INDONESIAN,INDONESIA,92841438,0,92841438,3.44
30-Jun-2026,ALDO,ALKINDO NARATAMA Tbk,EDDY YUSUF,Individual,L,INDONESIAN,INDONESIA,28462912,0,28462912,1.05
30-Jun-2026,ALII,ANCARA LOGISTICS INDONESIA Tbk,PT. GRAHA ADIKA NIAGA,Corporate,L,,INDONESIA,5202000000,0,5202000000,32.87
30-Jun-2026,ALII,ANCARA LOGISTICS INDONESIA Tbk,INFINITUDE GLOBAL FUND VCC,Corporate,F,,MAURITIUS,298685950,0,298685950,1.89
30-Jun-2026,ALII,ANCARA LOGISTICS INDONESIA Tbk,SOLOMED CAPITAL PTE LTD,Corporate,F,,SINGAPORE,4998000000,0,4998000000,31.58
30-Jun-2026,ALII,ANCARA LOGISTICS INDONESIA Tbk,BORNEO LOGISTICS SERVICES PTE. LTD.,Corporate,F,,SINGAPORE,1744000000,0,1744000000,11.02
30-Jun-2026,ALII,ANCARA LOGISTICS INDONESIA Tbk,ANINDITHA ANESTYA BAKRIE,Individual,L,INDONESIAN,INDONESIA,308612450,0,308612450,1.95
30-Jun-2026,ALII,ANCARA LOGISTICS INDONESIA Tbk,NALINKANT AMRATLAL RATHOD,Individual,F,INDIAN,INDIA,353179500,0,353179500,2.23
30-Jun-2026,ALII,ANCARA LOGISTICS INDONESIA Tbk,PLENTITUDE FUND SPC,Mutual Funds,F,,CAYMAN ISLANDS,244958300,0,244958300,1.55
30-Jun-2026,ALII,ANCARA LOGISTICS INDONESIA Tbk,EMINENCE GLOBAL FUND PCC,Mutual Funds,F,,MAURITIUS,746356300,0,746356300,4.72
30-Jun-2026,ALII,ANCARA LOGISTICS INDONESIA Tbk,ABUNDANTIA FUND SPC,Mutual Funds,F,,CAYMAN ISLANDS,789281240,0,789281240,4.99
30-Jun-2026,ALII,ANCARA LOGISTICS INDONESIA Tbk,PINNACLEIQ INCORPORATED VCC SUB-FUND,Mutual Funds,F,,MAURITIUS,764524400,0,764524400,4.83
30-Jun-2026,ALKA,ALAKASA INDUSTRINDO Tbk,"GESIT PERKASA, PT",Corporate,L,,,0,425393555,425393555,83.79
30-Jun-2026,ALKA,ALAKASA INDUSTRINDO Tbk,PT. SELARAS INVESTAMA GLOBALINDO,Investment Advisors,L,,INDONESIA,14369250,0,14369250,2.83
30-Jun-2026,ALKA,ALAKASA INDUSTRINDO Tbk,PT SANTINILESTARI LOKAPRIMA,Corporate,L,,,0,8142750,8142750,1.6
30-Jun-2026,ALKA,ALAKASA INDUSTRINDO Tbk,ANDREW PASCALIS ADJIPUTRO,Individual,L,INDONESIAN,INDONESIA,12500000,0,12500000,2.46
30-Jun-2026,ALKA,ALAKASA INDUSTRINDO Tbk,AGNESRI MAHARLYN FIRANI PUTRI,Individual,L,INDONESIAN,INDONESIA,12500000,0,12500000,2.46
30-Jun-2026,ALMI,ALUMINDO LIGHT METAL INDUSTRY Tbk,PRAKINDO INVESTAMA  PT,,,,,0,38438704,38438704,1.01
30-Jun-2026,ALMI,ALUMINDO LIGHT METAL INDUSTRY Tbk,PT GUNA INVESTINDO,Corporate,L,,INDONESIA,0,330080000,330080000,8.65
30-Jun-2026,ALMI,ALUMINDO LIGHT METAL INDUSTRY Tbk,PT HUSIN INVESTAMA,Corporate,L,,INDONESIA,30766836,2506865142,2537631978,66.5
30-Jun-2026,ALMI,ALUMINDO LIGHT METAL INDUSTRY Tbk,PT ALIM INVESTINDO,Corporate,L,,INDONESIA,0,600020374,600020374,15.72
30-Jun-2026,ALMI,ALUMINDO LIGHT METAL INDUSTRY Tbk,MARINDO INVESTAMA PT,Corporate,L,,,0,93459476,93459476,2.45
30-Jun-2026,ALTO,TRI BANYAN TIRTA Tbk,PT. TUDUNG BERSAMA TIRTA,Corporate,L,,INDONESIA,30670000,0,30670000,1.4
30-Jun-2026,ALTO,TRI BANYAN TIRTA Tbk,PT. TIRTAMAS ANGGADA,Corporate,L,,INDONESIA,356130919,0,356130919,16.25
30-Jun-2026,ALTO,TRI BANYAN TIRTA Tbk,PT. FIKASA BINTANG CEMERLANG,Corporate,L,,INDONESIA,798633308,0,798633308,36.44
30-Jun-2026,ALTO,TRI BANYAN TIRTA Tbk,PERSERO DANAREKSA PT a/c SPECIAL,State Owned Company,L,,INDONESIA,149437339,0,149437339,6.82
30-Jun-2026,ALTO,TRI BANYAN TIRTA Tbk,IR. D. SAHARDONO AMIARSO,Individual,L,INDONESIAN,,25000000,0,25000000,1.14
30-Jun-2026,ALTO,TRI BANYAN TIRTA Tbk,SOEGIANTO,Individual,L,INDONESIAN,INDONESIA,37462600,0,37462600,1.71
30-Jun-2026,ALTO,TRI BANYAN TIRTA Tbk,BHAKTI SALIM,Individual,L,INDONESIAN,INDONESIA,46900000,0,46900000,2.14
30-Jun-2026,ALTO,TRI BANYAN TIRTA Tbk,ANTONIUS ANDI SUSANTO,Individual,L,INDONESIAN,INDONESIA,44805150,0,44805150,2.04
30-Jun-2026,ALTO,TRI BANYAN TIRTA Tbk,LIONG JUEN FAT,Individual,L,INDONESIAN,,73914500,0,73914500,3.37
30-Jun-2026,ALTO,TRI BANYAN TIRTA Tbk,IRENE THESMAN,Individual,L,INDONESIAN,,108790006,0,108790006,4.96
30-Jun-2026,ALTO,TRI BANYAN TIRTA Tbk,IR. BUDIJANTO SETIAWAN,Individual,L,INDONESIAN,INDONESIA,70615500,0,70615500,3.22
30-Jun-2026,ALTO,TRI BANYAN TIRTA Tbk,DRS JOSEPH SUSILO,Individual,L,INDONESIAN,INDONESIA,47605800,0,47605800,2.17
30-Jun-2026,ALTO,TRI BANYAN TIRTA Tbk,PT TRIMEGAH SEKURITAS INDONESIA TBK,Securities Company,L,,INDONESIA,210832443,0,210832443,9.62
30-Jun-2026,AMAG,ASURANSI MULTI ARTHA GUNA Tbk,"PANINVEST TBK, PT",Private Equity,L,,INDONESIA,188233921,0,188233921,3.76
30-Jun-2026,AMAG,ASURANSI MULTI ARTHA GUNA Tbk,FAIRFAX ASIA LIMITED,Corporate,F,,BARBADOS,0,4001242013,4001242013,80.0
30-Jun-2026,AMAG,ASURANSI MULTI ARTHA GUNA Tbk,"BANK PAN INDONESIA TBK, PT",Bank,L,,INDONESIA,388000000,0,388000000,7.76
30-Jun-2026,AMAG,ASURANSI MULTI ARTHA GUNA Tbk,PT Asuransi Multi Artha Guna,Insurance,L,,INDONESIA,55806100,0,55806100,1.12
30-Jun-2026,AMAG,ASURANSI MULTI ARTHA GUNA Tbk,DANA PENSIUN KARYAWAN PANIN BANK,Pension Funds,L,,INDONESIA,210019533,0,210019533,4.2
30-Jun-2026,AMAN,MAKMUR BERKAH AMANDA Tbk,PT GRIYA PRIMA AMANDA (GPA),,,,,0,3158500000,3158500000,81.54
30-Jun-2026,AMAN,MAKMUR BERKAH AMANDA Tbk,F. IRENE FANCY,Individual,L,INDONESIAN,INDONESIA,113540000,0,113540000,2.93
30-Jun-2026,AMAN,MAKMUR BERKAH AMANDA Tbk,EDDI TJENDANA,Individual,L,INDONESIAN,INDONESIA,43933000,0,43933000,1.13
30-Jun-2026,AMAN,MAKMUR BERKAH AMANDA Tbk,ANDIERSEN,Individual,L,INDONESIAN,INDONESIA,53195800,0,53195800,1.37
30-Jun-2026,AMAN,MAKMUR BERKAH AMANDA Tbk,SIAUW JENNICE MARIA,Individual,L,INDONESIAN,INDONESIAN,0,114335000,114335000,2.95
30-Jun-2026,AMAN,MAKMUR BERKAH AMANDA Tbk,EDWARD SAMULA TOARI,Individual,L,INDONESIAN,INDONESIA,160020000,0,160020000,4.13
30-Jun-2026,AMAN,MAKMUR BERKAH AMANDA Tbk,JOHAN TEDJA SURYA,Individual,L,INDONESIAN,INDONESIA,159869400,15665000,175534400,4.53
30-Jun-2026,AMAR,BANK AMAR INDONESIA Tbk,PT. MARVEL INVESTAMA ASIA,Corporate,L,,INDONESIA,0,183811000,183811000,1.0
30-Jun-2026,AMAR,BANK AMAR INDONESIA Tbk,JAGAT RAYA IMAJINASI PT,Corporate,L,,INDONESIA,1210726588,0,1210726588,6.59
30-Jun-2026,AMAR,BANK AMAR INDONESIA Tbk,"SBI HOLDINGS, INC.",Investment Advisors,F,,JAPAN,1035714286,0,1035714286,5.63
30-Jun-2026,AMAR,BANK AMAR INDONESIA Tbk,TOLARAM PTE. LTD.,Corporate,F,,"VIRGIN ISLANDS, BRITISH",13832054873,0,13832054873,75.25
30-Jun-2026,AMAR,BANK AMAR INDONESIA Tbk,PT BANK AMAR INDONESIA TBK,Bank,L,,INDONESIA,367421455,0,367421455,2.0
30-Jun-2026,AMAR,BANK AMAR INDONESIA Tbk,BANK OF SINGAPORE LIMITED,Private Bank,F,,SINGAPORE,1075024605,0,1075024605,5.85
30-Jun-2026,AMFG,ASAHIMAS FLAT GLASS Tbk,PT. RODAMAS,Corporate,L,,INDONESIA,0,172260000,172260000,39.69
30-Jun-2026,AMFG,ASAHIMAS FLAT GLASS Tbk,PT RODAMAS,Corporate,L,,INDONESIA,8417700,0,8417700,1.94
30-Jun-2026,AMFG,ASAHIMAS FLAT GLASS Tbk,AGC Inc.,Corporate,F,,JAPAN,20380400,172860000,193240400,44.53
30-Jun-2026,AMFG,ASAHIMAS FLAT GLASS Tbk,ANDY TANUJAYA,Individual,L,INDONESIAN,INDONESIA,7564200,0,7564200,1.74
30-Jun-2026,AMFG,ASAHIMAS FLAT GLASS Tbk,LIEM TJEN HUNG,Individual,L,INDONESIAN,INDONESIA,6611500,0,6611500,1.52
30-Jun-2026,AMFG,ASAHIMAS FLAT GLASS Tbk,DBS VICKERS SECS SINGAPORE (PTE) LTD A/C CLIENTS,Securities Company,F,,SINGAPORE,8265400,0,8265400,1.9
30-Jun-2026,AMIN,ATELIERS MECANIQUES D`INDONESIE Tbk,SPHERE CORPORATION SDN.BHD.,PermanentEstablishment,F,,MALAYSIA,17438300,613200000,630638300,58.39
30-Jun-2026,AMIN,ATELIERS MECANIQUES D`INDONESIE Tbk,VICTORIA,Individual,L,INDONESIAN,INDONESIA,25725100,0,25725100,2.38
30-Jun-2026,AMIN,ATELIERS MECANIQUES D`INDONESIE Tbk,RUDY SUSANTO,Individual,L,INDONESIAN,INDONESIAN,0,42000000,42000000,3.89
30-Jun-2026,AMIN,ATELIERS MECANIQUES D`INDONESIE Tbk,DONAL MANIK,Individual,L,INDONESIAN,,13425800,0,13425800,1.24
30-Jun-2026,AMIN,ATELIERS MECANIQUES D`INDONESIE Tbk,LIM PEEK CHIN,Individual,F,MALAYSIAN,MALAYSIA,20000000,0,20000000,1.85
30-Jun-2026,AMIN,ATELIERS MECANIQUES D`INDONESIE Tbk,JEF CHARLES H. BOEDT,Individual,F,BELGIAN,BELGIUM,18152500,0,18152500,1.68
30-Jun-2026,AMIN,ATELIERS MECANIQUES D`INDONESIE Tbk,CHONG KIM KONG,Individual,F,MALAYSIAN,MALAYSIA,109200000,0,109200000,10.11
30-Jun-2026,AMIN,ATELIERS MECANIQUES D`INDONESIE Tbk,CHONG KIM LEONG,Individual,F,MALAYSIAN,MALAYSIAN,0,75600000,75600000,7.0
30-Jun-2026,AMIN,ATELIERS MECANIQUES D`INDONESIE Tbk,LAI KIM TENG,Individual,F,MALAYSIAN,MALAYSIA,27555000,0,27555000,2.55
30-Jun-2026,AMIN,ATELIERS MECANIQUES D`INDONESIE Tbk,MAYBANK SECURITIES PTE. LTD.,Investment Manager,F,,SINGAPORE,11901000,0,11901000,1.1
30-Jun-2026,AMMN,AMMAN MINERAL INTERNASIONAL Tbk,"KEMILAU SINAR LESTARI, PT",Corporate,L,,INDONESIA,1907770954,0,1907770954,2.63
30-Jun-2026,AMMN,AMMAN MINERAL INTERNASIONAL Tbk,PT PESONA SUKSES CEMERLANG,Corporate,L,,INDONESIA,3408377112,0,3408377112,4.7
30-Jun-2026,AMMN,AMMAN MINERAL INTERNASIONAL Tbk,PT MEDCO ENERGI INTERNASIONAL TBK,Corporate,L,,INDONESIA,15167510552,0,15167510552,20.92
30-Jun-2026,AMMN,AMMAN MINERAL INTERNASIONAL Tbk,PT SUMBER GEMILANG PERSADA,Corporate,L,,INDONESIA,23332191394,0,23332191394,32.17
30-Jun-2026,AMMN,AMMAN MINERAL INTERNASIONAL Tbk,PT KEMILAU INVESTAMA MAKMUR,Corporate,L,,INDONESIA,2856070404,0,2856070404,3.94
30-Jun-2026,AMMN,AMMAN MINERAL INTERNASIONAL Tbk,PT AP INVESTMENT,Corporate,L,,INDONESIA,11204682720,0,11204682720,15.45
30-Jun-2026,AMMN,AMMAN MINERAL INTERNASIONAL Tbk,21 INTERNATIONAL VENTURE SPC,Private Equity,F,,CAYMAN ISLANDS,1806649600,0,1806649600,2.49
30-Jun-2026,AMMN,AMMAN MINERAL INTERNASIONAL Tbk,SAJIR 9 LLC,Corporate,F,,UNITED STATES,3701583968,0,3701583968,5.1
30-Jun-2026,AMMN,AMMAN MINERAL INTERNASIONAL Tbk,PT MAYBANK SEKURITAS INDONESIA - REGISTRAR,Securities Company,L,,INDONESIA,981813300,0,981813300,1.35
30-Jun-2026,AMMS,AGUNG MENJANGAN MAS Tbk,PT. SURYA KARYA DIGITAL,Investment Advisors,L,,INDONESIA,60529543,0,60529543,4.9
30-Jun-2026,AMMS,AGUNG MENJANGAN MAS Tbk,PT MANDARA MAS SEMESTA,Corporate,L,,INDONESIA,297706588,0,297706588,24.1
30-Jun-2026,AMMS,AGUNG MENJANGAN MAS Tbk,RADIANT RUBY COMPANY LTD,Corporate,F,,"VIRGIN ISLANDS, BRITISH",630001529,0,630001529,51.0
30-Jun-2026,AMMS,AGUNG MENJANGAN MAS Tbk,DIAZ KURNIAWAN,Individual,L,INDONESIAN,INDONESIA,12523800,0,12523800,1.01
30-Jun-2026,AMMS,AGUNG MENJANGAN MAS Tbk,ABRAHAM TEDJANEGARA,Individual,L,INDONESIAN,INDONESIA,37607200,0,37607200,3.04
30-Jun-2026,AMOR,ASHMORE ASSET MANAGEMENT INDONESIA Tbk,PT ADIKARSA SARANA,Corporate,L,,INDONESIA,289921600,0,289921600,13.05
30-Jun-2026,AMOR,ASHMORE ASSET MANAGEMENT INDONESIA Tbk,ARIEF CAHYADI WANA,Individual,L,INDONESIAN,INDONESIA,120000000,0,120000000,5.4
30-Jun-2026,AMOR,ASHMORE ASSET MANAGEMENT INDONESIA Tbk,FX EDDY  HARTANTO SH,Individual,L,INDONESIAN,INDONESIA,125200000,0,125200000,5.63
30-Jun-2026,AMOR,ASHMORE ASSET MANAGEMENT INDONESIA Tbk,RONALDUS GANDAHUSADA IR,Individual,L,INDONESIAN,INDONESIA,140000000,0,140000000,6.3
30-Jun-2026,AMOR,ASHMORE ASSET MANAGEMENT INDONESIA Tbk,PT ASHMORE ASSET MANAGEMENT INDONESIA TBK,Investment Manager,L,,INDONESIA,30935200,0,30935200,1.39
30-Jun-2026,AMOR,ASHMORE ASSET MANAGEMENT INDONESIA Tbk,ASHMORE INVESTMENT MANAGEMENT LIMITED,Securities Company,F,,,0,1334120000,1334120000,60.04
30-Jun-2026,AMRT,SUMBER ALFARIA TRIJAYA Tbk,"SUMBER ALFARIA TRIJAYA, TBK",Corporate,L,,INDONESIA,432669000,0,432669000,1.04
30-Jun-2026,AMRT,SUMBER ALFARIA TRIJAYA Tbk,"AMANDA CIPTA PERSADA, PT",Corporate,L,,INDONESIA,5828544500,0,5828544500,14.04
30-Jun-2026,AMRT,SUMBER ALFARIA TRIJAYA Tbk,SIGMANTARA ALFINDO,Corporate,L,,INDONESIA,16151783259,0,16151783259,38.9
30-Jun-2026,AMRT,SUMBER ALFARIA TRIJAYA Tbk,MITSUBISHI CORPORATION,Firm,F,,JAPAN,2034681026,0,2034681026,4.9
30-Jun-2026,AMRT,SUMBER ALFARIA TRIJAYA Tbk,"YSW&CO., LTD.",Corporate,F,,JAPAN,1720909474,0,1720909474,4.14
30-Jun-2026,AMRT,SUMBER ALFARIA TRIJAYA Tbk,JONATHAN CHANG,Individual,L,INDONESIAN,INDONESIA,2066981700,0,2066981700,4.98
30-Jun-2026,AMRT,SUMBER ALFARIA TRIJAYA Tbk,FIDELITY INVESTMENT TRUST: FIDELITY SERIES EMERGING MARKETS OPPORTUNITIES FUND,Mutual Funds,F,,UNITED STATES,844524800,0,844524800,2.03
30-Jun-2026,AMRT,SUMBER ALFARIA TRIJAYA Tbk,"HSBC-FUND SERVICES, THE OVERLOOK PARTNERS FUND L.P.",Mutual Funds,F,,UNITED KINGDOM,1311522600,0,1311522600,3.16
30-Jun-2026,AMRT,SUMBER ALFARIA TRIJAYA Tbk,EMPLOYEES PROVIDENT FUND BOARD,Pension Funds,F,,MALAYSIA,562313500,0,562313500,1.35
30-Jun-2026,ANDI,ANDIRA AGRO Tbk,PT. ANUGERAH PERKASA SEMESTA,Corporate,L,,INDONESIA,699970000,0,699970000,7.49
30-Jun-2026,ANDI,ANDIRA AGRO Tbk,"CENTRAL ENERGI PRATAMA, PT",Corporate,L,,,0,4650030000,4650030000,49.73
30-Jun-2026,ANDI,ANDIRA AGRO Tbk,FRANCIS INDARTO,Individual,L,INDONESIAN,INDONESIA,165588000,0,165588000,1.77
30-Jun-2026,ANDI,ANDIRA AGRO Tbk,EDY SUWARNO AL JAP L SING,Individual,L,INDONESIAN,,331809600,0,331809600,3.55
30-Jun-2026,ANDI,ANDIRA AGRO Tbk,EVELINE LISTIJOSUPUTRO,Individual,L,INDONESIAN,,172212800,0,172212800,1.84
30-Jun-2026,ANDI,ANDIRA AGRO Tbk,REKSA DANA SUCORINVEST CITRA DANA BERIMBANG,Mutual Funds,L,,INDONESIA,179131700,0,179131700,1.92
30-Jun-2026,ANDI,ANDIRA AGRO Tbk,REKSA DANA MINNA PADI PASOPATI SAHAM,Mutual Funds,L,,INDONESIA,153141216,0,153141216,1.64
30-Jun-2026,ANDI,ANDIRA AGRO Tbk,REKSA DANA MINNA PADI PRINGGONDANI SAHAM,Mutual Funds,L,,INDONESIA,216986186,0,216986186,2.32
30-Jun-2026,ANDI,ANDIRA AGRO Tbk,REKSA DANA EMCO MANTAP,Mutual Funds,L,,INDONESIA,223720100,0,223720100,2.39
30-Jun-2026,ANDI,ANDIRA AGRO Tbk,REKSA DANA EMCO GROWTH FUND,Mutual Funds,L,,INDONESIA,102856200,0,102856200,1.1
30-Jun-2026,ANDI,ANDIRA AGRO Tbk,PT MINNA PADI INVESTAMA SEKURITAS Tbk,Securities Company,L,,INDONESIA,215954200,0,215954200,2.31
30-Jun-2026,ANJT,AUSTINDO NUSANTARA JAYA Tbk,CILIANDRA PERKASA,Corporate,L,,INDONESIA,82415246,0,82415246,2.46
30-Jun-2026,ANJT,AUSTINDO NUSANTARA JAYA Tbk,FIRST RESOURCES LIMITED,Corporate,F,,SINGAPORE,3217218477,0,3217218477,95.92
30-Jun-2026,ANTM,ANEKA TAMBANG Tbk,PERUSAHAAN PERSEROAN (PERSERO) PT MINERAL INDUSTRI INDONESIA,Corporate,L,,INDONESIA,0,15619999999,15619999999,65.0
30-Jun-2026,ANTM,ANEKA TAMBANG Tbk,PT. PRUDENTIAL LIFE ASSURANCE,Insurance,L,,INDONESIA,253142400,0,253142400,1.05
30-Jun-2026,ANTM,ANEKA TAMBANG Tbk,FIDELITY INVESTMENT TRUST: FIDELITY SERIES EMERGING MARKETS OPPORTUNITIES FUND,Mutual Funds,F,,UNITED STATES,284758100,0,284758100,1.18
30-Jun-2026,ANTM,ANEKA TAMBANG Tbk,EMPLOYEES PROVIDENT FUND BOARD,Pension Funds,F,,MALAYSIA,552203600,0,552203600,2.3
30-Jun-2026,APEX,APEXINDO PRATAMA DUTA Tbk,HERTECH KHARISMA PT,,,,,0,48661832,48661832,1.37
30-Jun-2026,APEX,APEXINDO PRATAMA DUTA Tbk,DAAZ BARA LESTARI PT,Firm,L,,INDONESIA,157309034,0,157309034,4.44
30-Jun-2026,APEX,APEXINDO PRATAMA DUTA Tbk,PT ASERRA CAPITAL,Private Equity,L,,INDONESIA,1126374177,0,1126374177,31.76
30-Jun-2026,APEX,APEXINDO PRATAMA DUTA Tbk,Vistra Trust (Singapore) PTE. Limited,Corporate,F,,SINGAPORE,0,86985027,86985027,2.45
30-Jun-2026,APEX,APEXINDO PRATAMA DUTA Tbk,AUGUSTA INVESTMENTS I PTE.LTD. ID134190500001,Investment Fund Selling Agent,F,,SINGAPORE,220767550,0,220767550,6.23
30-Jun-2026,APEX,APEXINDO PRATAMA DUTA Tbk,DBS BANK LTD.,Bank,F,,SINGAPORE,53197000,0,53197000,1.5
30-Jun-2026,APEX,APEXINDO PRATAMA DUTA Tbk,SANTOSO CHALID,Individual,L,INDONESIAN,INDONESIA,38436900,0,38436900,1.08
30-Jun-2026,APEX,APEXINDO PRATAMA DUTA Tbk,RISMA PURBA,Individual,L,INDONESIAN,INDONESIA,78894200,0,78894200,2.22
30-Jun-2026,APEX,APEXINDO PRATAMA DUTA Tbk,PEAK SEKURITAS INDONESIA PT,Securities Company,L,,INDONESIA,61543339,0,61543339,1.74
30-Jun-2026,APEX,APEXINDO PRATAMA DUTA Tbk,UOB KAY HIAN (HONG KONG) LTD,Securities Company,F,,HONG KONG,771356500,0,771356500,21.75
30-Jun-2026,APIC,PACIFIC STRATEGIC FINANCIAL Tbk,PT ZED UTAMA PERSADA,Firm,L,,INDONESIA,536337600,0,536337600,4.56
30-Jun-2026,APIC,PACIFIC STRATEGIC FINANCIAL Tbk,PT. ALANA CIPTA SELARAS,Corporate,L,,INDONESIA,469478300,0,469478300,3.99
30-Jun-2026,APIC,PACIFIC STRATEGIC FINANCIAL Tbk,PT PAN PACIFIC INVESTAMA,Firm,L,,INDONESIA,3272225055,0,3272225055,27.81
30-Jun-2026,APIC,PACIFIC STRATEGIC FINANCIAL Tbk,PT PACIFIC INDOCORPORA,Corporate,L,,INDONESIA,1107792332,0,1107792332,9.41
30-Jun-2026,APIC,PACIFIC STRATEGIC FINANCIAL Tbk,PT. Askar Pelangi Abadi,Corporate,L,,INDONESIA,423742800,0,423742800,3.6
30-Jun-2026,APIC,PACIFIC STRATEGIC FINANCIAL Tbk,PT TIRTA CITRA SOLUSI,Corporate,L,,INDONESIA,530479700,0,530479700,4.51
30-Jun-2026,APIC,PACIFIC STRATEGIC FINANCIAL Tbk,PT. BARA SEJAHTERA SUKSES,Corporate,L,,INDONESIA,174774900,0,174774900,1.49
30-Jun-2026,APIC,PACIFIC STRATEGIC FINANCIAL Tbk,PT ASTANA BERKAT INDONESIA,Corporate,L,,INDONESIA,578860000,0,578860000,4.92
30-Jun-2026,APIC,PACIFIC STRATEGIC FINANCIAL Tbk,PT. MEGAH ANGKASA PERKASA,Corporate,L,,INDONESIA,339298325,0,339298325,2.88
30-Jun-2026,APIC,PACIFIC STRATEGIC FINANCIAL Tbk,PT ARIMA KARYA PERSADA,Corporate,L,,INDONESIA,414202000,0,414202000,3.52
30-Jun-2026,APIC,PACIFIC STRATEGIC FINANCIAL Tbk,STONEPEAK INVESTMENT LIMITED,Investment Advisors,F,,HONG KONG,130810300,0,130810300,1.11
30-Jun-2026,APIC,PACIFIC STRATEGIC FINANCIAL Tbk,POLAR INVESTMENT CORPORATION,Investment Advisors,F,,MARSHALL ISLANDS,207447700,0,207447700,1.76
30-Jun-2026,APIC,PACIFIC STRATEGIC FINANCIAL Tbk,BANQUE PICTET AND CIE SA,Bank,F,,SWITZERLAND,386008100,0,386008100,3.28
30-Jun-2026,APIC,PACIFIC STRATEGIC FINANCIAL Tbk,Rudy Purnomo,Individual,L,INDONESIAN,INDONESIA,160000000,0,160000000,1.36
30-Jun-2026,APIC,PACIFIC STRATEGIC FINANCIAL Tbk,REKSA DANA SUCORINVEST EQUITY PRIMA FUND,Mutual Funds,L,,INDONESIA,130985400,0,130985400,1.11
30-Jun-2026,APIC,PACIFIC STRATEGIC FINANCIAL Tbk,EASTERN PEAK GROUP CORPORATION,Partnership,F,,"VIRGIN ISLANDS, BRITISH",450617500,0,450617500,3.83
30-Jun-2026,APIC,PACIFIC STRATEGIC FINANCIAL Tbk,PT PACIFIC SEKURITAS INDONESIA,Securities Company,L,,INDONESIA,306900000,0,306900000,2.61
30-Jun-2026,APII,ARITA PRIMA INDONESIA Tbk,"ARITA ENGINEERING, SDN BHD",,,,,0,151125260,151125260,14.05
30-Jun-2026,APII,ARITA PRIMA INDONESIA Tbk,"ARITA GLOBAL,PT",Corporate,L,,INDONESIA,0,622214760,622214760,57.84
30-Jun-2026,APII,ARITA PRIMA INDONESIA Tbk,Koh Boon Kuang,Individual,F,MALAYSIAN,,30000000,0,30000000,2.79
30-Jun-2026,APII,ARITA PRIMA INDONESIA Tbk,LOW YEW LEAN,Individual,F,MALAYSIAN,MALAYSIAN,33486500,26659980,60146480,5.59
30-Jun-2026,APII,ARITA PRIMA INDONESIA Tbk,Priority Creations SDN.BHD,Private Equity,F,,MALAYSIA,17625000,0,17625000,1.64
30-Jun-2026,APII,ARITA PRIMA INDONESIA Tbk,"Fajar Untung Sdn,Bhd",Private Equity,F,,MALAYSIA,51296000,0,51296000,4.77
30-Jun-2026,APII,ARITA PRIMA INDONESIA Tbk,SMC Capital SDN.BHD.,Private Equity,F,,MALAYSIA,31300000,0,31300000,2.91
30-Jun-2026,APII,ARITA PRIMA INDONESIA Tbk,"Bangga Kencana Sdn,Bhd",Private Equity,F,,MALAYSIA,42750000,0,42750000,3.97
30-Jun-2026,APII,ARITA PRIMA INDONESIA Tbk,PHILLIP SECURITIES PTE LTD,Investment Manager,F,,SINGAPORE,34660700,0,34660700,3.22
30-Jun-2026,APLI,ASIAPLAST INDUSTRIES Tbk,PT. HOKI INVESTASI SEJATI,Corporate,L,,INDONESIA,15342100,0,15342100,1.13
30-Jun-2026,APLI,ASIAPLAST INDUSTRIES Tbk,PT MACO AMANGRAHA,Corporate,L,,INDONESIA,201304000,600000000,801304000,58.8
30-Jun-2026,APLI,ASIAPLAST INDUSTRIES Tbk,LIE SHE MOY,Individual,L,INDONESIAN,INDONESIA,17083000,0,17083000,1.25
30-Jun-2026,APLI,ASIAPLAST INDUSTRIES Tbk,EMY LIM,Individual,L,INDONESIAN,INDONESIA,66387100,0,66387100,4.87
30-Jun-2026,APLI,ASIAPLAST INDUSTRIES Tbk,ALEXANDER AGUNG PRANOTO,Individual,L,INDONESIAN,INDONESIA,388333748,0,388333748,28.5
30-Jun-2026,APLN,AGUNG PODOMORO LAND Tbk,"INDOFICA, PT",Corporate,L,,INDONESIA,18777785148,0,18777785148,82.72
30-Jun-2026,APLN,AGUNG PODOMORO LAND Tbk,DBS BANK LTD.,Bank,F,,SINGAPORE,255215500,0,255215500,1.12
30-Jun-2026,APLN,AGUNG PODOMORO LAND Tbk,TRIHATMA KUSUMA HALIMAN,Individual,L,INDONESIAN,INDONESIA,1134702185,0,1134702185,5.0
30-Jun-2026,APLN,AGUNG PODOMORO LAND Tbk,HONKY HARJO,Individual,L,INDONESIAN,INDONESIA,278704600,0,278704600,1.23
30-Jun-2026,ARCI,ARCHI INDONESIA Tbk,PT RAJAWALI KAPITAL EMAS,Corporate,L,,INDONESIA,21109750000,0,21109750000,83.65
30-Jun-2026,ARCI,ARCHI INDONESIA Tbk,GOVERNMENT OF NORWAY,Sovereign Wealth Fund,F,,NORWAY,365214800,0,365214800,1.45
30-Jun-2026,ARCI,ARCHI INDONESIA Tbk,CGS INTERNATIONAL SEKURITAS INDONESIA,Securities Company,L,,INDONESIA,581957400,0,581957400,2.31
30-Jun-2026,AREA,DUNIA VIRTUAL ONLINE Tbk,PT. SKALA GARUDA UTAMA,Corporate,L,,INDONESIA,83050000,0,83050000,3.27
30-Jun-2026,AREA,DUNIA VIRTUAL ONLINE Tbk,PT. SENTRA MAHAJAYA PELITA,Corporate,L,,INDONESIA,87780000,0,87780000,3.46
30-Jun-2026,AREA,DUNIA VIRTUAL ONLINE Tbk,PT. MITRA NIAGA PALAPA,Corporate,L,,INDONESIA,113118800,0,113118800,4.45
30-Jun-2026,AREA,DUNIA VIRTUAL ONLINE Tbk,PT. BARAKARSA KREASI BANGSA,Corporate,L,,INDONESIA,87780000,0,87780000,3.46
30-Jun-2026,AREA,DUNIA VIRTUAL ONLINE Tbk,PT. DWI TUNGGAL PUTRA,Corporate,L,,INDONESIA,0,966667000,966667000,38.06
30-Jun-2026,AREA,DUNIA VIRTUAL ONLINE Tbk,MICHAEL KURNIA WIRAWAN ALIFEN,Individual,L,INDONESIAN,INDONESIA,0,280800000,280800000,11.06
30-Jun-2026,AREA,DUNIA VIRTUAL ONLINE Tbk,SUGENG ALIFEN,Individual,L,INDONESIAN,INDONESIA,0,780534000,780534000,30.73
30-Jun-2026,ARGO,ARGO PANTES Tbk,DHARMA MANUNGGAL,,,,,0,98500000,98500000,3.1
30-Jun-2026,ARGO,ARGO PANTES Tbk,RAGAM LOGAM,,,,,0,35337935,35337935,1.11
30-Jun-2026,ARGO,ARGO PANTES Tbk,THE NING KING,,,,,0,40980000,40980000,1.29
30-Jun-2026,ARGO,ARGO PANTES Tbk,ARGO MANUNGGAL LAND DEVELOPMENT,,,,,0,1229818254,1229818254,38.74
30-Jun-2026,ARGO,ARGO PANTES Tbk,KUKUH MANUNGGAL PROPERTINDO,,,,,0,510175438,510175438,16.07
30-Jun-2026,ARGO,ARGO PANTES Tbk,TREVOR GLOBAL LTD,,,,,0,422807017,422807017,13.32
30-Jun-2026,ARGO,ARGO PANTES Tbk,PT PILAR TEGUH SUKSES SEJATI,Corporate,L,,INDONESIA,65005000,0,65005000,2.05
30-Jun-2026,ARGO,ARGO PANTES Tbk,PT CITRA RAYA INVESTAMA SEJAHTERA,Corporate,L,,INDONESIA,79331400,0,79331400,2.5
30-Jun-2026,ARGO,ARGO PANTES Tbk,PT BERKAH AGUNG SELARAS,Corporate,L,,INDONESIA,65000000,0,65000000,2.05
30-Jun-2026,ARGO,ARGO PANTES Tbk,PT ARGO MANUNGGAL TRIASTA,Corporate,L,,INDONESIA,370000000,0,370000000,11.66
30-Jun-2026,ARII,ATLAS RESOURCES Tbk,PT. CALORIE VIVA UTAMA,Corporate,L,,INDONESIA,840579700,250000000,1090579700,29.08
30-Jun-2026,ARII,ATLAS RESOURCES Tbk,PT DIAN SWASTATIKA SENTOSA TBK,Corporate,L,,INDONESIA,123333000,0,123333000,3.29
30-Jun-2026,ARII,ATLAS RESOURCES Tbk,PT. INFRA ALPHA INVESTINDO,Corporate,L,,INDONESIA,186000000,0,186000000,4.96
30-Jun-2026,ARII,ATLAS RESOURCES Tbk,PT. INFRA ALPHA ENERGI,Corporate,L,,INDONESIA,156000000,0,156000000,4.16
30-Jun-2026,ARII,ATLAS RESOURCES Tbk,PT. CIPTA SELARAS PARAHYANGAN,Corporate,L,,INDONESIA,92495300,0,92495300,2.47
30-Jun-2026,ARII,ATLAS RESOURCES Tbk,PT. SUMBER DAYA KEMILAU,Corporate,L,,INDONESIA,187658300,0,187658300,5.0
30-Jun-2026,ARII,ATLAS RESOURCES Tbk,PT. SUMBER DAYA KUMALA,Corporate,L,,INDONESIA,187000000,0,187000000,4.99
30-Jun-2026,ARII,ATLAS RESOURCES Tbk,VITOL ASIA PTE LTD,Corporate,F,,SINGAPORE,303000000,0,303000000,8.08
30-Jun-2026,ARII,ATLAS RESOURCES Tbk,UBS AG SINGAPORE BRANCH,Private Bank,F,,SINGAPORE,87666000,0,87666000,2.34
30-Jun-2026,ARII,ATLAS RESOURCES Tbk,BANK OF SINGAPORE LIMITED,Private Bank,F,,SINGAPORE,100000000,0,100000000,2.67
30-Jun-2026,ARII,ATLAS RESOURCES Tbk,JAY T OENTORO,Individual,L,INDONESIAN,INDONESIA,86770000,0,86770000,2.31
30-Jun-2026,ARII,ATLAS RESOURCES Tbk,ABDI ANDRE,Individual,L,INDONESIAN,INDONESIA,238617000,237350000,475967000,12.69
30-Jun-2026,ARII,ATLAS RESOURCES Tbk,PT ASURANSI SIMAS JIWA,Insurance,L,,INDONESIA,117981800,0,117981800,3.15
30-Jun-2026,ARII,ATLAS RESOURCES Tbk,REKSA DANA BALANCED FUND SUCORINVEST ANAK PINTAR,Mutual Funds,L,,INDONESIA,42238000,0,42238000,1.13
30-Jun-2026,ARII,ATLAS RESOURCES Tbk,INTERVENTURES  CAPITAL PTE. LTD,Corporate,F,,SINGAPORE,59741400,0,59741400,1.59
30-Jun-2026,ARKA,ARKHA JAYANTI PERSADA Tbk,PT. ARKHA TANTO PRIMA,Corporate,L,,INDONESIA,892326600,0,892326600,44.62
30-Jun-2026,ARKA,ARKHA JAYANTI PERSADA Tbk,"JAF ASIA INVESTMENT, PT",Corporate,L,,INDONESIA,200000000,0,200000000,10.0
30-Jun-2026,ARKA,ARKHA JAYANTI PERSADA Tbk,AKHMAD FAQIH,Individual,L,INDONESIAN,INDONESIA,28055200,0,28055200,1.4
30-Jun-2026,ARKA,ARKHA JAYANTI PERSADA Tbk,HANIFA SUTRISNA,Individual,L,INDONESIAN,INDONESIA,31196200,0,31196200,1.56
30-Jun-2026,ARKO,ARKORA HYDRO Tbk,PT BINA PERTIWI ENERGI,Corporate,L,,INDONESIA,144686000,0,144686000,4.94
30-Jun-2026,ARKO,ARKORA HYDRO Tbk,"PROSPERA KAPITAL INVESTAMA, PT",Corporate,L,,INDONESIA,55500000,0,55500000,1.9
30-Jun-2026,ARKO,ARKORA HYDRO Tbk,PT SENTOSA BERSAMA MITRA,Corporate,L,,INDONESIA,58994650,0,58994650,2.01
30-Jun-2026,ARKO,ARKORA HYDRO Tbk,PT STAR PACIFIC TBK,Investment Advisors,L,,INDONESIA,103503400,0,103503400,3.53
30-Jun-2026,ARKO,ARKORA HYDRO Tbk,"ARKORA BAKTI INDONESIA, PT",Corporate,L,,INDONESIA,1138837925,0,1138837925,38.89
30-Jun-2026,ARKO,ARKORA HYDRO Tbk,PT TIRTA ORISA YASA,Corporate,L,,INDONESIA,83895000,0,83895000,2.86
30-Jun-2026,ARKO,ARKORA HYDRO Tbk,ENERGIA PRIMA NUSANTARA PT,Corporate,L,,INDONESIA,777487893,0,777487893,26.55
30-Jun-2026,ARKO,ARKORA HYDRO Tbk,PT TATA TIRTA DATUN,Corporate,L,,INDONESIA,40301100,0,40301100,1.38
30-Jun-2026,ARKO,ARKORA HYDRO Tbk,ACEI SINGAPORE HOLDINGS PRIVATE LTD.,Private Equity,F,,SINGAPORE,31473432,0,31473432,1.07
30-Jun-2026,ARKO,ARKORA HYDRO Tbk,HAPSORO,Individual,L,INDONESIAN,INDONESIA,59605000,0,59605000,2.04
30-Jun-2026,ARMY,ARMIDIAN KARYATAMA Tbk,ZICO TRUST (S) LTD AS TRUSTEE OF PROMETHEA STRATEGIC FUND,,,,,0,220414500,220414500,2.45
30-Jun-2026,ARMY,ARMIDIAN KARYATAMA Tbk,PT. VICTORIA INVESTAMA Tbk,Brokerage Firms,L,,INDONESIA,124871061,0,124871061,1.39
30-Jun-2026,ARMY,ARMIDIAN KARYATAMA Tbk,PT. Sejahtera Mahkota Persada,Corporate,L,,INDONESIA,98800000,0,98800000,1.1
30-Jun-2026,ARMY,ARMIDIAN KARYATAMA Tbk,PT. PANCA GLOBAL KAPITAL TBK,Private Equity,L,,INDONESIA,264900000,0,264900000,2.94
30-Jun-2026,ARMY,ARMIDIAN KARYATAMA Tbk,PT GASA PERDANA CIPTADAYA,Corporate,L,,INDONESIA,648009400,0,648009400,7.2
30-Jun-2026,ARMY,ARMIDIAN KARYATAMA Tbk,"MANDIRI MEGA JAYA, PT",Private Equity,L,,INDONESIA,1842368800,0,1842368800,20.46
30-Jun-2026,ARMY,ARMIDIAN KARYATAMA Tbk,RETAIL DEVELOPMENT GROUP LIMITED,Firm,F,,CAYMAN ISLANDS,454612300,0,454612300,5.05
30-Jun-2026,ARMY,ARMIDIAN KARYATAMA Tbk,"BANK DANAMON INDONESIA Tbk, PT - REGISTRAR",Bank,L,,INDONESIA,265999207,0,265999207,2.95
30-Jun-2026,ARMY,ARMIDIAN KARYATAMA Tbk,HENDRA HASAN KUSTARJO,Individual,L,INDONESIAN,INDONESIA,156250000,0,156250000,1.73
30-Jun-2026,ARMY,ARMIDIAN KARYATAMA Tbk,YOHANES HALIM,Individual,L,INDONESIAN,INDONESIA,138274500,0,138274500,1.54
30-Jun-2026,ARMY,ARMIDIAN KARYATAMA Tbk,ARIEF EFFENDI,Individual,L,INDONESIAN,SINGAPORE,134997800,0,134997800,1.5
30-Jun-2026,ARMY,ARMIDIAN KARYATAMA Tbk,"CAPITAL LIFE SYARIAH, PT",Insurance,L,,INDONESIA,180000000,0,180000000,2.0
30-Jun-2026,ARMY,ARMIDIAN KARYATAMA Tbk,PERUSAHAAN PERSEROAN (PERSERO) PT ASABRI,State Owned Enterprises,L,,INDONESIA,1042703112,0,1042703112,11.58
30-Jun-2026,ARMY,ARMIDIAN KARYATAMA Tbk,REKSA DANA SYARIAH EMCO SAHAM SYARIAH BAROKAH,Mutual Funds,L,,INDONESIA,213074400,0,213074400,2.37
30-Jun-2026,ARMY,ARMIDIAN KARYATAMA Tbk,REKSA DANA SAHAM EMCO PESONA,Mutual Funds,L,,INDONESIA,120525400,0,120525400,1.34
30-Jun-2026,ARMY,ARMIDIAN KARYATAMA Tbk,REKSA DANA EMCO MANTAP,Mutual Funds,L,,INDONESIA,266787000,0,266787000,2.96
30-Jun-2026,ARMY,ARMIDIAN KARYATAMA Tbk,REKSA DANA EMCO GROWTH FUND,Mutual Funds,L,,INDONESIA,245515900,0,245515900,2.73
30-Jun-2026,ARMY,ARMIDIAN KARYATAMA Tbk,JAKSA AGUNG MUDA BIDANG TINDAK PIDANA KHUSUS KEJAKSAAN REPUBLIK INDONESIA KEJAKSAAN REPUBLIK INDONESIA,Government,L,,INDONESIA,526952595,0,526952595,5.85
30-Jun-2026,ARMY,ARMIDIAN KARYATAMA Tbk,PT Yuanta Sekuritas Indonesia,Securities Company,L,,INDONESIA,243314500,0,243314500,2.7
30-Jun-2026,ARNA,ARWANA CITRAMULIA Tbk,"PT ARWANA CITRAMULIA, Tbk",Corporate,L,,INDONESIA,360122000,0,360122000,4.91
30-Jun-2026,ARNA,ARWANA CITRAMULIA Tbk,PT SUPRAKREASI ERADINAMIKA,Corporate,L,,INDONESIA,1093319700,0,1093319700,14.89
30-Jun-2026,ARNA,ARWANA CITRAMULIA Tbk,DBS BANK LTD S/A PEMBERTON ASIAN OPPORTUNITIES FUND,Investment Advisors,F,,SINGAPORE,199941200,0,199941200,2.72
30-Jun-2026,ARNA,ARWANA CITRAMULIA Tbk,"UBS AG, LONDON",Bank,F,,SWITZERLAND,100609428,0,100609428,1.37
30-Jun-2026,ARNA,ARWANA CITRAMULIA Tbk,PANGOLIN INV MANAG PTE LTD-PANGOLIN ASIA FUND,Investment Advisors,F,,CAYMAN ISLANDS,213282900,0,213282900,2.91
30-Jun-2026,ARNA,ARWANA CITRAMULIA Tbk,TANDEAN RUSTANDY,Individual,L,INDONESIAN,INDONESIA,2739979400,0,2739979400,37.32
30-Jun-2026,ARNA,ARWANA CITRAMULIA Tbk,SUSAN SUJANTO,Individual,L,INDONESIAN,INDONESIA,360000000,0,360000000,4.9
30-Jun-2026,ARNA,ARWANA CITRAMULIA Tbk,PT. AIA FINANCIAL,Insurance,L,,INDONESIA,149376100,0,149376100,2.03
30-Jun-2026,ARNA,ARWANA CITRAMULIA Tbk,JPMCB NA AIF CLT RE-FIDELITY ASIAN VALUES PLC,Mutual Funds,F,,UNITED KINGDOM,190497700,0,190497700,2.59
30-Jun-2026,ARNA,ARWANA CITRAMULIA Tbk,FIDELITY FUNDS,Mutual Funds,F,,LUXEMBOURG,543645300,0,543645300,7.41
30-Jun-2026,ARNA,ARWANA CITRAMULIA Tbk,SWEDBANK ROBUR SMALL CAP EMERGING MARKETS,Mutual Funds,F,,SWEDEN,205000000,0,205000000,2.79
30-Jun-2026,ARNA,ARWANA CITRAMULIA Tbk,GOVERNMENT OF NORWAY,Sovereign Wealth Fund,F,,NORWAY,109174800,0,109174800,1.49
30-Jun-2026,ARNA,ARWANA CITRAMULIA Tbk,EMPLOYEES PROVIDENT FUND BOARD,Pension Funds,F,,MALAYSIA,124108700,0,124108700,1.69
30-Jun-2026,ARTA,ARTHAVEST Tbk,PT HARAPAN PERSADA RESOURCES,Firm,L,,INDONESIA,17859300,0,17859300,4.0
30-Jun-2026,ARTA,ARTHAVEST Tbk,PT. PUTRA MAS ANUGERAH,Corporate,L,,INDONESIA,5731400,0,5731400,1.28
30-Jun-2026,ARTA,ARTHAVEST Tbk,PT. HANDAL CIPTA PERKASA,Corporate,L,,INDONESIA,18971200,0,18971200,4.25
30-Jun-2026,ARTA,ARTHAVEST Tbk,PT PANDU TEKNOLOGI INTEGRASI,Corporate,L,,INDONESIA,9315000,0,9315000,2.09
30-Jun-2026,ARTA,ARTHAVEST Tbk,UNITED OVERSEAS BANK NOMINEES (PRIVATE) LIMITED,Private Bank,F,,SINGAPORE,20000000,0,20000000,4.48
30-Jun-2026,ARTA,ARTHAVEST Tbk,"LUCAS, SH. CN",Individual,L,INDONESIAN,INDONESIA,366858600,0,366858600,82.13
30-Jun-2026,ARTA,ARTHAVEST Tbk,UOB KAY HIAN PTE LTD,Securities Company,F,,SINGAPORE,5920500,0,5920500,1.33
30-Jun-2026,ARTI,RATU PRABU ENERGI Tbk,"RATU PRABU, PT",Corporate,L,,INDONESIA,2591776837,0,2591776837,33.06
30-Jun-2026,ARTI,RATU PRABU ENERGI Tbk,PRADNANDO A RONOAMISENO,Individual,L,INDONESIAN,,120463000,0,120463000,1.54
30-Jun-2026,ARTI,RATU PRABU ENERGI Tbk,TANDI ISWANDI,Individual,L,INDONESIAN,INDONESIA,96992600,0,96992600,1.24
30-Jun-2026,ARTI,RATU PRABU ENERGI Tbk,HERLINNA,Individual,L,INDONESIAN,INDONESIA,125000000,0,125000000,1.59
30-Jun-2026,ARTI,RATU PRABU ENERGI Tbk,EDMUND SIEK,Individual,L,INDONESIAN,INDONESIA,129617500,0,129617500,1.65
30-Jun-2026,ARTI,RATU PRABU ENERGI Tbk,PT. ASURANSI JIWA IFG,Insurance,L,,INDONESIA,349282000,0,349282000,4.46
30-Jun-2026,ARTI,RATU PRABU ENERGI Tbk,REKSA DANA TREASURE SAHAM MANTAP,Mutual Funds,L,,INDONESIA,78500000,0,78500000,1.0
30-Jun-2026,ARTI,RATU PRABU ENERGI Tbk,DANA PENSIUN BUKIT ASAM,Pension Funds,L,,INDONESIA,735000000,0,735000000,9.38
30-Jun-2026,ARTO,BANK JAGO Tbk,PT DOMPET KARYA ANAK BANGSA,Corporate,L,,INDONESIA,2965745000,0,2965745000,21.4
30-Jun-2026,ARTO,BANK JAGO Tbk,"METAMORFOSIS EKOSISTEM INDONESIA, PT",Firm,L,,INDONESIA,3991415625,138562500,4129978125,29.79
30-Jun-2026,ARTO,BANK JAGO Tbk,EPHESUS UNITED CORP,Corporate,F,,"VIRGIN ISLANDS, BRITISH",528073653,0,528073653,3.81
30-Jun-2026,ARTO,BANK JAGO Tbk,JETWAY WEALTH MANAGEMENT LIMITED,Corporate,F,,CAYMAN ISLANDS,480227700,0,480227700,3.46
30-Jun-2026,ARTO,BANK JAGO Tbk,WEALTH TRACK TECHNOLOGY LIMITED,Financial Institutional,F,,HONG KONG,1619309375,0,1619309375,11.68
30-Jun-2026,ARTO,BANK JAGO Tbk,ARTO HARDY,Individual,L,INDONESIAN,INDONESIA,174548050,0,174548050,1.26
30-Jun-2026,ARTO,BANK JAGO Tbk,GOVERNMENT OF SINGAPORE,Government,F,,SINGAPORE,1148207249,0,1148207249,8.28
30-Jun-2026,ASBI,ASURANSI BINTANG Tbk,PT NGRUMAT BONDO UTOMO,Corporate,L,,INDONESIA,87302164,0,87302164,25.06
30-Jun-2026,ASBI,ASURANSI BINTANG Tbk,PT SRIHANA UTAMA,Corporate,L,,INDONESIA,123522776,0,123522776,35.46
30-Jun-2026,ASBI,ASURANSI BINTANG Tbk,PT.WARISAN KASIH BUNDA,Corporate,L,,INDONESIA,81653688,0,81653688,23.44
30-Jun-2026,ASBI,ASURANSI BINTANG Tbk,PT AMANDAMAI ARTHAKITA JAGASELAMA,Corporate,L,,INDONESIA,4558599,0,4558599,1.31
30-Jun-2026,ASBI,ASURANSI BINTANG Tbk,PT. Kosa Ikibari Wira,Corporate,L,,INDONESIA,10147788,0,10147788,2.91
30-Jun-2026,ASBI,ASURANSI BINTANG Tbk,PT PANGESTU INVESTA,Corporate,L,,INDONESIA,5403856,0,5403856,1.55
30-Jun-2026,ASBI,ASURANSI BINTANG Tbk,ANDRUS ROESTAM MOENAF,Individual,L,INDONESIAN,INDONESIA,3706254,0,3706254,1.06
30-Jun-2026,ASBI,ASURANSI BINTANG Tbk,PT. ASURANSI BANGUN ASKRIDA,Insurance,L,,INDONESIA,13389100,0,13389100,3.84
30-Jun-2026,ASDM,ASURANSI DAYIN MITRA Tbk,"EQUITY DEVELOPMENT INVESTMENT, PT.",Investment Advisors,L,,INDONESIA,13741000,267852800,281593800,73.33
30-Jun-2026,ASDM,ASURANSI DAYIN MITRA Tbk,PT. ARTHAVEST Tbk,Corporate,L,,INDONESIA,23076000,0,23076000,6.01
30-Jun-2026,ASDM,ASURANSI DAYIN MITRA Tbk,PT. HANDAL CIPTA PERKASA,Corporate,L,,INDONESIA,7630000,0,7630000,1.99
30-Jun-2026,ASDM,ASURANSI DAYIN MITRA Tbk,"PRIMA TUNAS INVESTAMA, PT.",Investment Advisors,L,,INDONESIA,20371200,0,20371200,5.31
30-Jun-2026,ASDM,ASURANSI DAYIN MITRA Tbk,SURONO SUBEKTI,Individual,L,INDONESIAN,INDONESIA,11220700,0,11220700,2.92
30-Jun-2026,ASDM,ASURANSI DAYIN MITRA Tbk,"DANIEL BUDI SETIAWAN, MM.Ir",Individual,L,INDONESIAN,INDONESIA,11089500,0,11089500,2.89
30-Jun-2026,ASDM,ASURANSI DAYIN MITRA Tbk,REKSA DANA PRIMA,Mutual Funds,L,,INDONESIA,4000000,0,4000000,1.04
30-Jun-2026,ASGR,ASTRA GRAPHIA Tbk,PT ASTRA INTERNATIONAL TBK,Corporate,L,,INDONESIA,0,1036752580,1036752580,76.87
30-Jun-2026,ASGR,ASTRA GRAPHIA Tbk,TEKARDJO ANGKASA,Individual,L,INDONESIAN,INDONESIA,18888800,0,18888800,1.4
30-Jun-2026,ASGR,ASTRA GRAPHIA Tbk,"SIE, DAVID GUNAWAN",Individual,L,INDONESIAN,INDONESIA,60755000,0,60755000,4.5
30-Jun-2026,ASGR,ASTRA GRAPHIA Tbk,RISMA PURBA,Individual,L,INDONESIAN,INDONESIA,14228800,0,14228800,1.05
30-Jun-2026,ASHA,CILACAP SAMUDERA FISHING INDUSTRY Tbk,PT. TIBURON PERKASA CORPORA,Corporate,L,,INDONESIA,200000000,0,200000000,4.0
30-Jun-2026,ASHA,CILACAP SAMUDERA FISHING INDUSTRY Tbk,PT ASHA FORTUNA CORPORA,Corporate,L,,INDONESIA,1500000000,0,1500000000,30.0
30-Jun-2026,ASHA,CILACAP SAMUDERA FISHING INDUSTRY Tbk,PT MESTIKA ARTA DIRGA,Corporate,L,,INDONESIA,350000000,0,350000000,7.0
30-Jun-2026,ASHA,CILACAP SAMUDERA FISHING INDUSTRY Tbk,PT INTI SUKSES INTERNATIONAL,Corporate,L,,INDONESIA,550000000,0,550000000,11.0
30-Jun-2026,ASHA,CILACAP SAMUDERA FISHING INDUSTRY Tbk,EKO WACHYUDHI,Individual,L,INDONESIAN,INDONESIA,200000000,0,200000000,4.0
30-Jun-2026,ASHA,CILACAP SAMUDERA FISHING INDUSTRY Tbk,SRI INDAH REJEKI,Individual,L,INDONESIAN,INDONESIA,124456000,0,124456000,2.49
30-Jun-2026,ASHA,CILACAP SAMUDERA FISHING INDUSTRY Tbk,ERLIN SUTIOSO,Individual,L,INDONESIAN,INDONESIA,175100000,0,175100000,3.5
30-Jun-2026,ASHA,CILACAP SAMUDERA FISHING INDUSTRY Tbk,HARIANTO LING,Individual,L,INDONESIAN,INDONESIA,168500000,0,168500000,3.37
30-Jun-2026,ASHA,CILACAP SAMUDERA FISHING INDUSTRY Tbk,ERVIN SUTIOSO,Individual,L,INDONESIAN,INDONESIA,375000000,0,375000000,7.5
30-Jun-2026,ASHA,CILACAP SAMUDERA FISHING INDUSTRY Tbk,RIZKY ADHI PRASETYO,Individual,L,INDONESIAN,INDONESIA,106323600,0,106323600,2.13
30-Jun-2026,ASII,ASTRA INTERNATIONAL Tbk,PT ASTRA INTERNATIONAL TBK,Corporate,L,,INDONESIA,563492100,0,563492100,1.39
30-Jun-2026,ASII,ASTRA INTERNATIONAL Tbk,JARDINE CYCLE  AND CARRIAGE LIMITED,Corporate,F,,SINGAPORE,11395000,20276860040,20288255040,50.11
30-Jun-2026,ASII,ASTRA INTERNATIONAL Tbk,TOYOTA MOTOR CORPORATION,Corporate,F,,,0,1920000000,1920000000,4.74
30-Jun-2026,ASII,ASTRA INTERNATIONAL Tbk,DJS KETENAGAKERJAAN PROGRAM JAMINAN HARI TUA,State Owned Enterprises,L,,INDONESIA,1109315600,0,1109315600,2.74
30-Jun-2026,ASII,ASTRA INTERNATIONAL Tbk,CITIBANK NEW YORK S/A ORBIS SICAV,Mutual Funds,F,,LUXEMBOURG,581076651,0,581076651,1.44
30-Jun-2026,ASII,ASTRA INTERNATIONAL Tbk,EMPLOYEES PROVIDENT FUND BOARD,Pension Funds,F,,MALAYSIA,493302102,0,493302102,1.22
30-Jun-2026,ASJT,ASURANSI JASA TANIA Tbk,Sylvia,Individual,L,INDONESIAN,INDONESIA,30862000,0,30862000,2.2
30-Jun-2026,ASJT,ASURANSI JASA TANIA Tbk,CLAUDIA MAYASARI,Individual,L,INDONESIAN,INDONESIA,16017300,0,16017300,1.14
30-Jun-2026,ASJT,ASURANSI JASA TANIA Tbk,MIDIAWATY KOSASIH,Individual,L,INDONESIAN,INDONESIA,25555400,0,25555400,1.83
30-Jun-2026,ASJT,ASURANSI JASA TANIA Tbk,PERUSAHAAN PERSEROAN (PERSERO) PT ASABRI,State Owned Enterprises,L,,INDONESIA,28130800,0,28130800,2.01
30-Jun-2026,ASJT,ASURANSI JASA TANIA Tbk,DANA PENSUN PERKEBUNAN,Pension Funds,L,,INDONESIA,1083519966,0,1083519966,77.39
30-Jun-2026,ASJT,ASURANSI JASA TANIA Tbk,PT MINNA PADI INVESTAMA SEKURITAS Tbk,Securities Company,L,,INDONESIA,49630033,0,49630033,3.55
30-Jun-2026,ASLC,AUTOPEDIA SUKSES LESTARI Tbk,ADI SARANA ARMADA TBK PT,Corporate,L,,INDONESIA,0,9891216695,9891216695,77.6
30-Jun-2026,ASLC,AUTOPEDIA SUKSES LESTARI Tbk,SUWANTARA GOTAMA,Individual,L,INDONESIAN,INDONESIA,317593800,0,317593800,2.49
30-Jun-2026,ASLC,AUTOPEDIA SUKSES LESTARI Tbk,JANY CANDRA,Individual,L,INDONESIAN,INDONESIA,191200045,0,191200045,1.5
30-Jun-2026,ASLI,ASRI KARYA LESTARI Tbk,PT CAKRAWALA MULTI MINERAL,Corporate,L,,INDONESIA,732500000,0,732500000,11.72
30-Jun-2026,ASLI,ASRI KARYA LESTARI Tbk,PT WAHANA KONSTRUKSI MANDIRI,Corporate,L,,INDONESIA,3187500000,0,3187500000,51.0
30-Jun-2026,ASLI,ASRI KARYA LESTARI Tbk,PT BIBIT BERKAH INVESTAMA,Corporate,L,,INDONESIA,76904700,0,76904700,1.23
30-Jun-2026,ASLI,ASRI KARYA LESTARI Tbk,PT. TIRTA GEMILANG ABADI,Corporate,L,,INDONESIA,62790000,0,62790000,1.0
30-Jun-2026,ASLI,ASRI KARYA LESTARI Tbk,"ABD HARIZ FANNY IRHAN, MBA",Individual,L,INDONESIAN,INDONESIA,63566000,0,63566000,1.02
30-Jun-2026,ASLI,ASRI KARYA LESTARI Tbk,INDAH TIARA SARI,Individual,L,INDONESIAN,INDONESIA,83554100,0,83554100,1.34
30-Jun-2026,ASLI,ASRI KARYA LESTARI Tbk,WELLY SUSANTO,Individual,L,INDONESIAN,INDONESIA,217500000,0,217500000,3.48
30-Jun-2026,ASLI,ASRI KARYA LESTARI Tbk,EDDY HARIYANTO,Individual,L,INDONESIAN,INDONESIA,290008500,0,290008500,4.64
30-Jun-2026,ASLI,ASRI KARYA LESTARI Tbk,SULISTIONO,Individual,L,INDONESIAN,INDONESIA,295000000,0,295000000,4.72
30-Jun-2026,ASMI,ASURANSI MAXIMUS GRAHA PERSADA Tbk,PT GRAHA KREASINDO PRIMA,Corporate,L,,INDONESIA,261128500,0,261128500,2.91
30-Jun-2026,ASMI,ASURANSI MAXIMUS GRAHA PERSADA Tbk,PT INDOMITRA PRIMA SEJATI,Corporate,L,,INDONESIA,90215000,0,90215000,1.01
30-Jun-2026,ASMI,ASURANSI MAXIMUS GRAHA PERSADA Tbk,PT. KRESNA ASSET MANAGEMENT S/A PT KRESNA USAHA KREATIF,Investment Advisors,L,,INDONESIA,98756300,0,98756300,1.1
30-Jun-2026,ASMI,ASURANSI MAXIMUS GRAHA PERSADA Tbk,PT KARUNIA PERDANA ISTENIA,Firm,L,,INDONESIA,335564300,0,335564300,3.75
30-Jun-2026,ASMI,ASURANSI MAXIMUS GRAHA PERSADA Tbk,MITRA INTAN AGUNG,Corporate,L,,INDONESIA,185358300,0,185358300,2.07
30-Jun-2026,ASMI,ASURANSI MAXIMUS GRAHA PERSADA Tbk,PT SEJAHTERA CIPTA PRIMAGUNA,Corporate,L,,INDONESIA,285020000,0,285020000,3.18
30-Jun-2026,ASMI,ASURANSI MAXIMUS GRAHA PERSADA Tbk,PT DIAN GRAHA CIPTA,Corporate,L,,INDONESIA,105805000,0,105805000,1.18
30-Jun-2026,ASMI,ASURANSI MAXIMUS GRAHA PERSADA Tbk,JOHANNES B DARMAWAN,Individual,L,INDONESIAN,INDONESIA,111984500,0,111984500,1.25
30-Jun-2026,ASMI,ASURANSI MAXIMUS GRAHA PERSADA Tbk,THEE MARIANA KURNIAWAN,Individual,L,INDONESIAN,INDONESIA,174820500,0,174820500,1.95
30-Jun-2026,ASMI,ASURANSI MAXIMUS GRAHA PERSADA Tbk,"ASURANSI JIWA KRESNA, PT",Insurance,L,,INDONESIA,2684208800,0,2684208800,29.96
30-Jun-2026,ASPI,ANDALAN SAKTI PRIMAINDO Tbk,ANDALAN SAKTI INTI,Corporate,L,,INDONESIA,349995000,0,349995000,51.18
30-Jun-2026,ASPI,ANDALAN SAKTI PRIMAINDO Tbk,FERNANDUS CHAMSI K,Individual,L,INDONESIAN,INDONESIA,23638500,0,23638500,3.46
30-Jun-2026,ASPI,ANDALAN SAKTI PRIMAINDO Tbk,FRANSISCUS ERICK WIRYADI,Individual,L,INDONESIAN,,33300000,0,33300000,4.87
30-Jun-2026,ASPI,ANDALAN SAKTI PRIMAINDO Tbk,REINHART WIDJAJA HAKIM,Individual,L,INDONESIAN,INDONESIA,15000000,0,15000000,2.19
30-Jun-2026,ASPI,ANDALAN SAKTI PRIMAINDO Tbk,ERIS,Individual,L,INDONESIAN,INDONESIA,22000000,0,22000000,3.22
30-Jun-2026,ASPI,ANDALAN SAKTI PRIMAINDO Tbk,RUDI SUTRISNA,Individual,L,INDONESIAN,INDONESIA,23640000,0,23640000,3.46
30-Jun-2026,ASPI,ANDALAN SAKTI PRIMAINDO Tbk,IMACULATA YOHANA KLAU,Individual,L,INDONESIAN,INDONESIA,14055900,0,14055900,2.06
30-Jun-2026,ASPI,ANDALAN SAKTI PRIMAINDO Tbk,JOHNSON PONTOH,Individual,L,INDONESIAN,INDONESIA,23640000,0,23640000,3.46
30-Jun-2026,ASPI,ANDALAN SAKTI PRIMAINDO Tbk,ANTONIUS GUNAWAN GHO,Individual,L,INDONESIAN,,9626200,0,9626200,1.41
30-Jun-2026,ASPI,ANDALAN SAKTI PRIMAINDO Tbk,CINDY LAWRENCIA,Individual,L,INDONESIAN,INDONESIA,33570000,0,33570000,4.91
30-Jun-2026,ASPI,ANDALAN SAKTI PRIMAINDO Tbk,DEBBY TANIA SAM,Individual,L,INDONESIAN,INDONESIA,33640000,0,33640000,4.92
30-Jun-2026,ASPI,ANDALAN SAKTI PRIMAINDO Tbk,OKTAFIANO,Individual,L,INDONESIAN,INDONESIA,33325000,0,33325000,4.87
30-Jun-2026,ASPR,ASIA PRAMULIA Tbk,ALEX  YOE,Individual,L,INDONESIAN,INDONESIA,0,1292000000,1292000000,47.64
30-Jun-2026,ASPR,ASIA PRAMULIA Tbk,SUSAN YOEWONO,Individual,L,INDONESIAN,INDONESIA,0,551000000,551000000,20.32
30-Jun-2026,ASPR,ASIA PRAMULIA Tbk,RICKY WINOTO,Individual,L,INDONESIAN,INDONESIA,0,57000000,57000000,2.1
30-Jun-2026,ASPR,ASIA PRAMULIA Tbk,HUA LI,Individual,F,CHINESE,CHINA,122400000,0,122400000,4.51
30-Jun-2026,ASPR,ASIA PRAMULIA Tbk,XUANXUAN YU,Individual,F,CHINESE,CHINA,47450000,0,47450000,1.75
30-Jun-2026,ASRI,ALAM SUTERA REALTY Tbk,PT. ARGO MANUNGGAL INTERNATIONAL,Corporate,L,,INDONESIA,635737600,0,635737600,3.24
30-Jun-2026,ASRI,ALAM SUTERA REALTY Tbk,PT. TUNAS KORALINDO,Corporate,L,,INDONESIA,957900000,0,957900000,4.87
30-Jun-2026,ASRI,ALAM SUTERA REALTY Tbk,"PERATA BUSANA, PT",Corporate,L,,INDONESIA,375111900,0,375111900,1.91
30-Jun-2026,ASRI,ALAM SUTERA REALTY Tbk,PT. TANGERANG FAJAR INDUSTRIAL ESTATE,Corporate,L,,INDONESIA,2071900000,2982450000,5054350000,25.72
30-Jun-2026,ASRI,ALAM SUTERA REALTY Tbk,PT. RAWA INTAN,Corporate,L,,INDONESIA,485210600,0,485210600,2.47
30-Jun-2026,ASRI,ALAM SUTERA REALTY Tbk,"MANUNGGAL PRIME DEVELOPMENT, PT",Corporate,L,,INDONESIA,3967795916,0,3967795916,20.19
30-Jun-2026,ASRI,ALAM SUTERA REALTY Tbk,GO KIONG HWOO,Individual,L,INDONESIAN,INDONESIA,547168600,0,547168600,2.78
30-Jun-2026,ASRI,ALAM SUTERA REALTY Tbk,"PANIN SEKURITAS Tbk, PT",Securities Company,L,,INDONESIA,756799900,0,756799900,3.85
30-Jun-2026,ASRI,ALAM SUTERA REALTY Tbk,PT MAYBANK SEKURITAS INDONESIA - REGISTRAR,Securities Company,L,,INDONESIA,1864591948,0,1864591948,9.49
30-Jun-2026,ASRM,ASURANSI RAMAYANA Tbk,ARFIANTI,,,,,0,29135110,29135110,2.28
30-Jun-2026,ASRM,ASURANSI RAMAYANA Tbk,A WINOTO DOERIAT,,,,,0,244952854,244952854,19.17
30-Jun-2026,ASRM,ASURANSI RAMAYANA Tbk,KOREAN REINSURANCE COMPANY,,,,,0,127799734,127799734,10.0
30-Jun-2026,ASRM,ASURANSI RAMAYANA Tbk,SYAHRIL,,,,,0,402728008,402728008,31.51
30-Jun-2026,ASRM,ASURANSI RAMAYANA Tbk,"WIRASTUTI PUNTARAKSMA, S.H.",,,,,0,145601698,145601698,11.39
30-Jun-2026,ASRM,ASURANSI RAMAYANA Tbk,PT RAGAM VENTURINDO,Venture Capital,L,,INDONESIA,135030147,0,135030147,10.57
30-Jun-2026,ASRM,ASURANSI RAMAYANA Tbk,M.RADIYANTI ISTIGNO,Individual,L,INDONESIAN,INDONESIA,13066611,0,13066611,1.02
30-Jun-2026,ASRM,ASURANSI RAMAYANA Tbk,SURONO SUBEKTI,Individual,L,INDONESIAN,INDONESIA,15067626,0,15067626,1.18
30-Jun-2026,ASRM,ASURANSI RAMAYANA Tbk,KOPERASI KONSUMEN PT ASURANSI RAMAYANA,Cooperatives,L,,INDONESIA,20447956,0,20447956,1.6
30-Jun-2026,ASSA,ADI SARANA ARMADA Tbk,"Adi Dinamika Investindo, PT",Private Equity,L,,INDONESIA,851951100,0,851951100,23.08
30-Jun-2026,ASSA,ADI SARANA ARMADA Tbk,TRIDAYA HITA SENTOSA PT,Corporate,L,,INDONESIA,56760308,0,56760308,1.54
30-Jun-2026,ASSA,ADI SARANA ARMADA Tbk,TRIKIRANA INVESTINDO PRIMA PT.,Private Equity,L,,INDONESIA,111855874,0,111855874,3.03
30-Jun-2026,ASSA,ADI SARANA ARMADA Tbk,TRIPUTRA INVESTINDO ARYA,Corporate,L,,INDONESIA,46151039,0,46151039,1.25
30-Jun-2026,ASSA,ADI SARANA ARMADA Tbk,"UBS AG, LONDON",Bank,F,,SWITZERLAND,43737105,0,43737105,1.18
30-Jun-2026,ASSA,ADI SARANA ARMADA Tbk,UBS AG SINGAPORE BRANCH,Private Bank,F,,SINGAPORE,58849100,0,58849100,1.59
30-Jun-2026,ASSA,ADI SARANA ARMADA Tbk,ARIF RACHMAT,Individual,L,INDONESIAN,INDONESIA,69911529,0,69911529,1.89
30-Jun-2026,ASSA,ADI SARANA ARMADA Tbk,CHRISTIAN ARIANO RACHMAT,Individual,L,INDONESIAN,INDONESIA,60056370,0,60056370,1.63
30-Jun-2026,ASSA,ADI SARANA ARMADA Tbk,IR. T. PERMADI RACHMAT,Individual,L,INDONESIAN,INDONESIA,177173500,0,177173500,4.8
30-Jun-2026,ASSA,ADI SARANA ARMADA Tbk,SUWANTARA GOTAMA,Individual,L,INDONESIAN,INDONESIA,92627100,0,92627100,2.51
30-Jun-2026,ASSA,ADI SARANA ARMADA Tbk,ERIDA,Individual,L,INDONESIAN,INDONESIA,108071500,0,108071500,2.93
30-Jun-2026,ASSA,ADI SARANA ARMADA Tbk,PRODJO SUNARJANTO SP,Individual,L,INDONESIAN,INDONESIA,342568300,0,342568300,9.28
30-Jun-2026,ASSA,ADI SARANA ARMADA Tbk,GOVERNMENT OF NORWAY,Sovereign Wealth Fund,F,,NORWAY,50370100,0,50370100,1.36
30-Jun-2026,ASSA,ADI SARANA ARMADA Tbk,CITIBANK NEW YORK S/A INTERNATIONAL FINANCE CORPORATION,Investment Manager,F,,UNITED STATES,97443900,0,97443900,2.64
30-Jun-2026,ATAP,TRIMITRA PRAWARA GOLDLAND Tbk,PT. MAXINDO MITRA SOLUSI,Corporate,L,,INDONESIA,16666666,0,16666666,1.33
30-Jun-2026,ATAP,TRIMITRA PRAWARA GOLDLAND Tbk,PT TRIMITRA PRAWARA,Corporate,L,,,0,950000000,950000000,76.0
30-Jun-2026,ATAP,TRIMITRA PRAWARA GOLDLAND Tbk,DR KISHORE KUMAR,Individual,L,INDONESIAN,INDONESIA,19109100,0,19109100,1.53
30-Jun-2026,ATAP,TRIMITRA PRAWARA GOLDLAND Tbk,YOYO SUGENG TRIYOGO,Individual,L,INDONESIAN,INDONESIA,0,24960000,24960000,2.0
30-Jun-2026,ATAP,TRIMITRA PRAWARA GOLDLAND Tbk,INDRIATI,Individual,L,INDONESIAN,INDONESIA,0,25040000,25040000,2.0
30-Jun-2026,ATAP,TRIMITRA PRAWARA GOLDLAND Tbk,MANOHARDAS PITOOMAL,Individual,L,INDONESIAN,INDONESIA,16666666,0,16666666,1.33
30-Jun-2026,ATIC,ANABATIC TECHNOLOGIES Tbk,ARTHA INVESTAMA JAYA PT,Private Equity,L,,INDONESIA,542387148,122000000,664387148,28.69
30-Jun-2026,ATIC,ANABATIC TECHNOLOGIES Tbk,PT. SAM INVESTAMA,Private Equity,L,,INDONESIA,120000287,0,120000287,5.18
30-Jun-2026,ATIC,ANABATIC TECHNOLOGIES Tbk,INTI GLOBAL RESOURCES INDONESIA PT.,Corporate,L,,INDONESIA,40717700,0,40717700,1.76
30-Jun-2026,ATIC,ANABATIC TECHNOLOGIES Tbk,MULTI SARANA EDUKASI PT,Corporate,L,,INDONESIA,35451980,0,35451980,1.53
30-Jun-2026,ATIC,ANABATIC TECHNOLOGIES Tbk,FLAMINGGO MANDIRI PT,Corporate,L,,INDONESIA,55906430,0,55906430,2.41
30-Jun-2026,ATIC,ANABATIC TECHNOLOGIES Tbk,CAHAYA FAJAR MENTARI PT.,Corporate,L,,INDONESIA,70565214,0,70565214,3.05
30-Jun-2026,ATIC,ANABATIC TECHNOLOGIES Tbk,TIS INC,Corporate,F,,JAPAN,863645841,0,863645841,37.3
30-Jun-2026,ATIC,ANABATIC TECHNOLOGIES Tbk,MARIA DJUANDA,Individual,L,INDONESIAN,INDONESIA,41199845,0,41199845,1.78
30-Jun-2026,ATIC,ANABATIC TECHNOLOGIES Tbk,HANDOKO ANINDYA TANUADJI,Individual,L,INDONESIAN,SINGAPORE,238741323,0,238741323,10.31
30-Jun-2026,ATIC,ANABATIC TECHNOLOGIES Tbk,HARRY  SURJANTO HAMBALI,Individual,L,INDONESIAN,INDONESIA,47181967,0,47181967,2.04
30-Jun-2026,ATIC,ANABATIC TECHNOLOGIES Tbk,ROSY MERIANTI TANUADJI,Individual,L,INDONESIAN,INDONESIA,28226026,0,28226026,1.22
30-Jun-2026,ATLA,ATLANTIS SUBSEA INDONESIA Tbk,YOPHI KURNIAWAN ISWANTO,Individual,L,INDONESIAN,INDONESIA,1049875000,0,1049875000,16.93
30-Jun-2026,ATLA,ATLANTIS SUBSEA INDONESIA Tbk,OEY PIT SIE,Individual,L,INDONESIAN,INDONESIA,79431400,0,79431400,1.28
30-Jun-2026,ATLA,ATLANTIS SUBSEA INDONESIA Tbk,RUDI R. SUTANTRA,Individual,L,INDONESIAN,INDONESIA,2711254200,0,2711254200,43.73
30-Jun-2026,AUTO,ASTRA OTOPARTS Tbk,PT ASTRA INTERNATIONAL TBK,Corporate,L,,INDONESIA,0,3855786337,3855786337,80.0
30-Jun-2026,AUTO,ASTRA OTOPARTS Tbk,PT PAKARTI YOGA,Corporate,L,,INDONESIA,52562412,0,52562412,1.09
30-Jun-2026,AUTO,ASTRA OTOPARTS Tbk,Toyota Tsusho Corporation,Corporate,F,,JAPAN,236167000,0,236167000,4.9
30-Jun-2026,AUTO,ASTRA OTOPARTS Tbk,PT. PRUDENTIAL LIFE ASSURANCE,Insurance,L,,INDONESIA,49919500,0,49919500,1.04
30-Jun-2026,AVIA,AVIA AVIAN Tbk,PT TANCORP SURYA SENTOSA,,,,,0,22674971000,22674971000,36.6
30-Jun-2026,AVIA,AVIA AVIAN Tbk,PT WAHANA LANCAR REJEKI,Corporate,L,,INDONESIA,20129652900,0,20129652900,32.49
30-Jun-2026,AVIA,AVIA AVIAN Tbk,PT AVIA AVIAN Tbk,Corporate,L,,INDONESIA,2850000000,0,2850000000,4.6
30-Jun-2026,AVIA,AVIA AVIAN Tbk,PT WIRA LAJU REJEKI,Corporate,L,,INDONESIA,928500000,0,928500000,1.5
30-Jun-2026,AVIA,AVIA AVIAN Tbk,"INDUS SELECT MASTER FUND, LTD.",Corporate,F,,CAYMAN ISLANDS,1222324900,0,1222324900,1.97
30-Jun-2026,AVIA,AVIA AVIAN Tbk,ARCHIPELAGO INVESTMENT PTE LTD,Corporate,F,,SINGAPORE,3902748900,0,3902748900,6.3
30-Jun-2026,AVIA,AVIA AVIAN Tbk,"CACEIS BANK, LUXEMBOURG BRANCH",Trustee Bank,F,,LUXEMBOURG,620762585,0,620762585,1.0
30-Jun-2026,AVIA,AVIA AVIAN Tbk,ROBERT CHRISTIAN TANOKO,Individual,L,INDONESIAN,INDONESIA,40609100,1388297200,1428906300,2.31
30-Jun-2026,AVIA,AVIA AVIAN Tbk,RUDI TANOKO,Individual,L,INDONESIAN,INDONESIAN,0,1041265000,1041265000,1.68
30-Jun-2026,AWAN,ERA DIGITAL MEDIA Tbk,BANK OF SINGAPORE LIMITED,Private Bank,F,,SINGAPORE,2624750000,0,2624750000,76.41
30-Jun-2026,AWAN,ERA DIGITAL MEDIA Tbk,SHARON SANJAY NATHANI,Individual,L,INDONESIAN,INDONESIA,67686300,0,67686300,1.97
30-Jun-2026,AWAN,ERA DIGITAL MEDIA Tbk,SANJAY SUNNIL NATHANI,Individual,L,INDONESIAN,INDONESIA,50237900,0,50237900,1.46
30-Jun-2026,AWAN,ERA DIGITAL MEDIA Tbk,SGMC VCC,Mutual Funds,F,,SINGAPORE,400000000,0,400000000,11.64
30-Jun-2026,AXIO,TERA DATA INDONUSA Tbk,ANEKA SAKTI BAKTI PT (ASABA),Corporate,L,,INDONESIA,291510400,0,291510400,4.99
30-Jun-2026,AXIO,TERA DATA INDONUSA Tbk,ADITAMA JASA BAHANA PT,Corporate,L,,INDONESIA,66227200,0,66227200,1.13
30-Jun-2026,AXIO,TERA DATA INDONUSA Tbk,PT EXA NUSA PERSADA,Corporate,L,,INDONESIA,0,3460240000,3460240000,59.25
30-Jun-2026,AXIO,TERA DATA INDONUSA Tbk,ASABA UTAMA CORPORATAMA PT,Corporate,L,,INDONESIA,284676400,0,284676400,4.87
30-Jun-2026,AXIO,TERA DATA INDONUSA Tbk,PT PRIMITIAS IKOTA JAYA,Corporate,L,,INDONESIA,500965800,503440000,1004405800,17.2
30-Jun-2026,AXIO,TERA DATA INDONUSA Tbk,ANNY SUHALIM,Individual,L,INDONESIAN,INDONESIA,0,120000000,120000000,2.05
30-Jun-2026,AXIO,TERA DATA INDONUSA Tbk,ERWIN SETIAWAN,Individual,L,INDONESIAN,INDONESIA,116086200,0,116086200,1.99
30-Jun-2026,AXIO,TERA DATA INDONUSA Tbk,BUDI SURYO BEJO,Individual,L,INDONESIAN,INDONESIA,75500000,0,75500000,1.29
30-Jun-2026,AYAM,JANU PUTRA SEJAHTERA Tbk,PT. HENING HIMPUN BERKAT,Firm,L,,INDONESIA,78426300,0,78426300,1.96
30-Jun-2026,AYAM,JANU PUTRA SEJAHTERA Tbk,"H. SINGGIH JANURATMOKO, S.K.H",Individual,L,INDONESIAN,INDONESIA,3061926000,0,3061926000,76.55
30-Jun-2026,AYAM,JANU PUTRA SEJAHTERA Tbk,FADHL MUHAMMAD FIRDAUS,Individual,L,INDONESIAN,INDONESIA,35266000,32000000,67266000,1.68
30-Jun-2026,AYAM,JANU PUTRA SEJAHTERA Tbk,"STEFAN PRANATA, SE",Individual,L,INDONESIAN,INDONESIA,86318700,0,86318700,2.16
30-Jun-2026,AYLS,AGRO YASA LESTARI Tbk,PT BINTANG CAHAYA INVESTMENT,Corporate,L,,INDONESIA,594720000,0,594720000,69.69
30-Jun-2026,AYLS,AGRO YASA LESTARI Tbk,JIMMY SETIAWAN,Individual,L,INDONESIAN,INDONESIA,10000000,0,10000000,1.17
30-Jun-2026,AYLS,AGRO YASA LESTARI Tbk,CHIFAN GRANETTA,Individual,L,INDONESIAN,INDONESIA,17753500,0,17753500,2.08
30-Jun-2026,AYLS,AGRO YASA LESTARI Tbk,WEI WU,Individual,F,CHINESE,CHINA,35690289,0,35690289,4.18
30-Jun-2026,AYLS,AGRO YASA LESTARI Tbk,KAI WANG,Individual,F,CHINESE,CHINA,41839300,0,41839300,4.9
30-Jun-2026,AYLS,AGRO YASA LESTARI Tbk,YUFEI LI,Individual,F,CHINESE,INDONESIA,12516600,0,12516600,1.47
30-Jun-2026,AYLS,AGRO YASA LESTARI Tbk,UOB KAY HIAN PTE LTD,Securities Company,F,,SINGAPORE,12000000,0,12000000,1.41
30-Jun-2026,BABP,BANK MNC INTERNASIONAL Tbk,MNC TOURISM INDONESIA TBK,Firm,L,,INDONESIA,3034200264,0,3034200264,6.82
30-Jun-2026,BABP,BANK MNC INTERNASIONAL Tbk,PT MNC KAPITAL INDONESIA TBK,Investment Advisors,L,,INDONESIA,21718342179,0,21718342179,48.85
30-Jun-2026,BABP,BANK MNC INTERNASIONAL Tbk,PT GLOBAL MEDIACOM TBK,Corporate,L,,INDONESIA,3213433333,0,3213433333,7.23
30-Jun-2026,BABP,BANK MNC INTERNASIONAL Tbk,WINFLY LTD,Investment Advisors,F,,"VIRGIN ISLANDS, BRITISH",10423122655,0,10423122655,23.44
30-Jun-2026,BABY,MULTITREND INDO Tbk,BLOOMING YEARS PTE.LTD.,Corporate,F,,SINGAPORE,2636424211,0,2636424211,92.35
30-Jun-2026,BABY,MULTITREND INDO Tbk,SUDHI CAPITAL PTE. LTD.,Corporate,F,,SINGAPORE,87405120,0,87405120,3.06
30-Jun-2026,BACA,BANK CAPITAL INDONESIA Tbk,PT. ALANA CIPTA SELARAS,Corporate,L,,INDONESIA,302813800,0,302813800,1.52
30-Jun-2026,BACA,BANK CAPITAL INDONESIA Tbk,PT. CAPITAL GLOBAL INVESTAMA,Private Equity,L,,INDONESIA,9909647262,199530249,10109177511,50.66
30-Jun-2026,BACA,BANK CAPITAL INDONESIA Tbk,BANK JULIUS BAER & CO. LTD,Private Bank,F,,SINGAPORE,4795302489,0,4795302489,24.03
30-Jun-2026,BACA,BANK CAPITAL INDONESIA Tbk,"PACIFIC LIFE INSURANCE, PT",Insurance,L,,INDONESIA,367100000,0,367100000,1.84
30-Jun-2026,BACA,BANK CAPITAL INDONESIA Tbk,REKSA DANA FOSTER EQUITY FUND,Mutual Funds,L,,INDONESIA,318090000,0,318090000,1.59
30-Jun-2026,BACA,BANK CAPITAL INDONESIA Tbk,REKSA DANA GEMILANG DANA SAHAM INDONESIA,Mutual Funds,L,,INDONESIA,205784500,0,205784500,1.03
30-Jun-2026,BACA,BANK CAPITAL INDONESIA Tbk,REKSA DANA CAPITAL EQUITY FUND,Mutual Funds,L,,INDONESIA,405651500,0,405651500,2.03
30-Jun-2026,BACA,BANK CAPITAL INDONESIA Tbk,INTERVENTURES  CAPITAL PTE. LTD,Corporate,F,,SINGAPORE,220933160,0,220933160,1.11
30-Jun-2026,BAIK,BERSAMA MENCAPAI PUNCAK Tbk,PT ANAK BAIK SEJAHTERA,Corporate,L,,,0,888900000,888900000,78.84
30-Jun-2026,BAIK,BERSAMA MENCAPAI PUNCAK Tbk,MUKHAMMAD ARIANSYAH WAHYU HIDAYAH,Individual,L,INDONESIAN,INDONESIA,15767000,0,15767000,1.4
30-Jun-2026,BAJA,SARANACENTRAL BAJATAMA Tbk,"GUNAPRANA TATASINAR, PT",Corporate,L,,INDONESIA,88000000,0,88000000,4.89
30-Jun-2026,BAJA,SARANACENTRAL BAJATAMA Tbk,PANDJI SURYA SOERJOPRAHONO,Individual,L,INDONESIAN,INDONESIA,0,296400000,296400000,16.47
30-Jun-2026,BAJA,SARANACENTRAL BAJATAMA Tbk,NATHANNIEL SEBASTHIAN,Individual,L,INDONESIAN,INDONESIA,60640000,0,60640000,3.37
30-Jun-2026,BAJA,SARANACENTRAL BAJATAMA Tbk,SOEDJONO HALIM,Individual,L,INDONESIAN,INDONESIA,50570100,0,50570100,2.81
30-Jun-2026,BAJA,SARANACENTRAL BAJATAMA Tbk,HANDAJA SUSANTO,Individual,L,INDONESIAN,INDONESIA,80000,296016000,296096000,16.45
30-Jun-2026,BAJA,SARANACENTRAL BAJATAMA Tbk,SOEDIARTO SOERJOPRAHONO,Individual,L,INDONESIAN,INDONESIA,0,146000000,146000000,8.11
30-Jun-2026,BAJA,SARANACENTRAL BAJATAMA Tbk,ANTON SEBASTIAN,Individual,L,INDONESIAN,INDONESIAN,0,25760000,25760000,1.43
30-Jun-2026,BAJA,SARANACENTRAL BAJATAMA Tbk,ENTARIO WIDJAJA SUSANTO,Individual,L,INDONESIAN,INDONESIA,0,296016000,296016000,16.45
30-Jun-2026,BAJA,SARANACENTRAL BAJATAMA Tbk,IBNU SUSANTO,Individual,L,INDONESIAN,INDONESIA,23243200,296016000,319259200,17.74
30-Jun-2026,BAJA,SARANACENTRAL BAJATAMA Tbk,LAKSMONO TIRTA KUSUMO,Individual,L,INDONESIAN,INDONESIAN,0,43792000,43792000,2.43
30-Jun-2026,BAJA,SARANACENTRAL BAJATAMA Tbk,SUDJONO WARSITO,Individual,L,INDONESIAN,,21346900,0,21346900,1.19
30-Jun-2026,BALI,BALI TOWERINDO SENTRA Tbk,ACMESTAR INVESTMENT LIMITED,,,,,0,180038400,180038400,4.58
30-Jun-2026,BALI,BALI TOWERINDO SENTRA Tbk,CORPORATE UNITED INVESTMENTS LIMITED,,,,,0,133625000,133625000,3.4
30-Jun-2026,BALI,BALI TOWERINDO SENTRA Tbk,MCBEAL DEVELOPMENT LIMITED,,,,,0,87461600,87461600,2.22
30-Jun-2026,BALI,BALI TOWERINDO SENTRA Tbk,PT. BANGUN KELOLA SWADAYA,Corporate,L,,INDONESIA,66421000,0,66421000,1.69
30-Jun-2026,BALI,BALI TOWERINDO SENTRA Tbk,PT KHARISMA CIPTA TOWERINDO,Corporate,L,,INDONESIA,2348950000,0,2348950000,59.7
30-Jun-2026,BALI,BALI TOWERINDO SENTRA Tbk,PT PANDU INTI KARYA,Corporate,L,,INDONESIA,45900073,0,45900073,1.17
30-Jun-2026,BALI,BALI TOWERINDO SENTRA Tbk,KINGSWOOD UNION CORPORATION,Private Equity,F,,SINGAPORE,100000000,0,100000000,2.54
30-Jun-2026,BALI,BALI TOWERINDO SENTRA Tbk,Neat Action Finance Limited,Private Equity,F,,"VIRGIN ISLANDS, BRITISH",92500000,0,92500000,2.35
30-Jun-2026,BALI,BALI TOWERINDO SENTRA Tbk,AMANUSA INVESTMENT INC,Corporate,F,,"VIRGIN ISLANDS, BRITISH",98549900,0,98549900,2.5
30-Jun-2026,BALI,BALI TOWERINDO SENTRA Tbk,CASCADEN INVESTMENT LIMITED,Investment Advisors,F,,"VIRGIN ISLANDS, BRITISH",68625000,0,68625000,1.74
30-Jun-2026,BALI,BALI TOWERINDO SENTRA Tbk,UBS AG HONGKONG,Private Bank,F,,HONG KONG,65000000,0,65000000,1.65
30-Jun-2026,BALI,BALI TOWERINDO SENTRA Tbk,MUKTAR WIDJAJA,Individual,L,INDONESIAN,INDONESIA,190750000,0,190750000,4.85
30-Jun-2026,BALI,BALI TOWERINDO SENTRA Tbk,REKSA DANA SUCORINVEST EQUITY PRIMA FUND,Mutual Funds,L,,INDONESIA,74696700,0,74696700,1.9
30-Jun-2026,BALI,BALI TOWERINDO SENTRA Tbk,REKSA DANA SUCORINVEST EQUITY FUND,Mutual Funds,L,,INDONESIA,42317300,0,42317300,1.08
30-Jun-2026,BALI,BALI TOWERINDO SENTRA Tbk,CASCADE GOLD LIMITED,,F,,,0,40895000,40895000,1.04
30-Jun-2026,BALI,BALI TOWERINDO SENTRA Tbk,PT TRIMEGAH SEKURITAS INDONESIA TBK,Securities Company,L,,INDONESIA,113945450,0,113945450,2.9
30-Jun-2026,BANK,BANK ALADIN SYARIAH Tbk,PT. SHINTA UTAMA,Corporate,L,,INDONESIA,150182750,0,150182750,1.01
30-Jun-2026,BANK,BANK ALADIN SYARIAH Tbk,PT LANCAR DISTRINDO,Corporate,L,,INDONESIA,296750000,0,296750000,1.99
30-Jun-2026,BANK,BANK ALADIN SYARIAH Tbk,"SUMBER ALFARIA TRIJAYA, TBK",Corporate,L,,INDONESIA,294118000,0,294118000,1.97
30-Jun-2026,BANK,BANK ALADIN SYARIAH Tbk,PT ALADIN GLOBAL VENTURES,Corporate,L,,INDONESIA,7442260935,149397311,7591658246,50.82
30-Jun-2026,BANK,BANK ALADIN SYARIAH Tbk,GOODSTAR (H.K.) LIMITED,Corporate,F,,HONG KONG,183487414,0,183487414,1.23
30-Jun-2026,BANK,BANK ALADIN SYARIAH Tbk,SPRING VISTA INTERNATIONAL LIMITED,Corporate,F,,"VIRGIN ISLANDS, BRITISH",670920100,0,670920100,4.49
30-Jun-2026,BANK,BANK ALADIN SYARIAH Tbk,BANK JULIUS BAER & CO. LTD,Private Bank,F,,SINGAPORE,242293300,0,242293300,1.62
30-Jun-2026,BANK,BANK ALADIN SYARIAH Tbk,DJOKO SUSANTO,Individual,L,INDONESIAN,INDONESIA,50004100,100000000,150004100,1.0
30-Jun-2026,BANK,BANK ALADIN SYARIAH Tbk,PT CAPITAL LIFE INDONESIA,Insurance,L,,INDONESIA,450779100,0,450779100,3.02
30-Jun-2026,BANK,BANK ALADIN SYARIAH Tbk,"CAPITAL LIFE SYARIAH, PT",Insurance,L,,INDONESIA,716384600,0,716384600,4.8
30-Jun-2026,BANK,BANK ALADIN SYARIAH Tbk,"BHINNEKA LIFE INDONESIA, PT",Insurance,L,,INDONESIA,393848700,0,393848700,2.64
30-Jun-2026,BANK,BANK ALADIN SYARIAH Tbk,"PACIFIC LIFE INSURANCE, PT",Insurance,L,,INDONESIA,416285000,0,416285000,2.79
30-Jun-2026,BANK,BANK ALADIN SYARIAH Tbk,REKSA DANA SUCORINVEST EQUITY FUND,Mutual Funds,L,,INDONESIA,241373000,0,241373000,1.62
30-Jun-2026,BANK,BANK ALADIN SYARIAH Tbk,REKSA DANA SUCORINVEST SHARIA EQUITY FUND,Mutual Funds,L,,INDONESIA,168162300,0,168162300,1.13
30-Jun-2026,BANK,BANK ALADIN SYARIAH Tbk,BORTOLI INTERNATIONAL LTD,,F,,"VIRGIN ISLANDS, BRITISH",0,646000000,646000000,4.32
30-Jun-2026,BAPA,BEKASI ASRI PEMULA Tbk,"ADICIPTA GRIYASEJATI, PT",Corporate,L,,INDONESIA,204775000,0,204775000,30.94
30-Jun-2026,BAPA,BEKASI ASRI PEMULA Tbk,BUDI KARTIKA,Individual,L,INDONESIAN,INDONESIA,10152000,0,10152000,1.53
30-Jun-2026,BAPA,BEKASI ASRI PEMULA Tbk,BELVIN TANNADI,Individual,L,INDONESIAN,INDONESIA,76384700,0,76384700,11.54
30-Jun-2026,BAPA,BEKASI ASRI PEMULA Tbk,"INTI FIKASA SEKURITAS, PT",Securities Company,L,,INDONESIA,63036100,0,63036100,9.53
30-Jun-2026,BAPA,BEKASI ASRI PEMULA Tbk,PT.Papua Timber Jaya,Corporate,L,,,120000000,0,120000000,18.13
30-Jun-2026,BAPI,BHAKTI AGUNG PROPERTINDO Tbk,PT GRHA AGUNG PROPERTINDO,,,,,0,2250675350,2250675350,40.25
30-Jun-2026,BAPI,BHAKTI AGUNG PROPERTINDO Tbk,PT PEJATEN KENCANA UTAMA ABADI,Corporate,L,,INDONESIA,80000000,0,80000000,1.43
30-Jun-2026,BAPI,BHAKTI AGUNG PROPERTINDO Tbk,"NUGRAHA PRIMA GRIYATAMA, PT",Corporate,L,,INDONESIA,963542650,0,963542650,17.23
30-Jun-2026,BAPI,BHAKTI AGUNG PROPERTINDO Tbk,TEDDY KURNIAWAN,Individual,L,INDONESIAN,INDONESIA,136365000,0,136365000,2.44
30-Jun-2026,BAPI,BHAKTI AGUNG PROPERTINDO Tbk,HIMAWAN SUTANTO,Individual,L,INDONESIAN,INDONESIA,233312400,0,233312400,4.17
30-Jun-2026,BAPI,BHAKTI AGUNG PROPERTINDO Tbk,AKHMAD FAQIH,Individual,L,INDONESIAN,INDONESIA,56100100,0,56100100,1.0
30-Jun-2026,BAPI,BHAKTI AGUNG PROPERTINDO Tbk,KADAFI YAHYA,Individual,L,INDONESIAN,INDONESIA,111360000,0,111360000,1.99
30-Jun-2026,BAPI,BHAKTI AGUNG PROPERTINDO Tbk,Reksa Dana Victoria Equity Maxima,Mutual Funds,L,,INDONESIA,79000000,0,79000000,1.41
30-Jun-2026,BATA,SEPATU BATA Tbk,BAFIN (NEDERLAND) B.V.,,,,,0,1066187400,1066187400,82.01
30-Jun-2026,BATA,SEPATU BATA Tbk,LIEM TJEN HUNG,Individual,L,INDONESIAN,INDONESIA,71661600,0,71661600,5.51
30-Jun-2026,BATA,SEPATU BATA Tbk,ALBIZIA ASEAN OPPORTUNITIES FUND,Mutual Funds,F,,CAYMAN ISLANDS,54313900,0,54313900,4.18
30-Jun-2026,BATR,BENTENG API TECHNIC Tbk,PT HAETTHEA GLOBAL INVESTAMA,Corporate,L,,INDONESIA,121366900,0,121366900,4.01
30-Jun-2026,BATR,BENTENG API TECHNIC Tbk,LASKAR MERAPI NUSANTARA PT,Corporate,L,,INDONESIA,109735800,0,109735800,3.63
30-Jun-2026,BATR,BENTENG API TECHNIC Tbk,PT PUTRA PATRIA MAKMUR,Corporate,L,,INDONESIA,41973000,0,41973000,1.39
30-Jun-2026,BATR,BENTENG API TECHNIC Tbk,PT. BENTENG API TECHNIC TBK,Corporate,L,,INDONESIA,49147800,0,49147800,1.62
30-Jun-2026,BATR,BENTENG API TECHNIC Tbk,EKADANA PRAYOGA SURYADI,Individual,L,INDONESIAN,INDONESIA,426802400,0,426802400,14.11
30-Jun-2026,BATR,BENTENG API TECHNIC Tbk,ANWAR DIANTO,Individual,L,INDONESIAN,INDONESIA,121803200,0,121803200,4.03
30-Jun-2026,BATR,BENTENG API TECHNIC Tbk,RIDWAN,Individual,L,INDONESIAN,INDONESIA,1332440000,0,1332440000,44.05
30-Jun-2026,BATR,BENTENG API TECHNIC Tbk,IR.SUHARNO,Individual,L,INDONESIAN,INDONESIA,70283600,0,70283600,2.32
30-Jun-2026,BATR,BENTENG API TECHNIC Tbk,Bayu Haekal Suryadi,Individual,L,INDONESIAN,INDONESIA,426802400,0,426802400,14.11
30-Jun-2026,BATR,BENTENG API TECHNIC Tbk,SUGENG SURYADI,Individual,L,INDONESIAN,INDONESIA,130798200,0,130798200,4.32
30-Jun-2026,BAUT,MITRA ANGKASA SEJAHTERA Tbk,PT FAS BERSAMA INVESTAMA,Private Equity,L,,INDONESIA,749900000,0,749900000,15.62
30-Jun-2026,BAUT,MITRA ANGKASA SEJAHTERA Tbk,NA FASTENERS PTE LTD,Corporate,F,,SINGAPORE,2600000000,0,2600000000,54.16
30-Jun-2026,BAUT,MITRA ANGKASA SEJAHTERA Tbk,HANDI IRAWAN DJUWADI,Individual,L,INDONESIAN,INDONESIA,48887700,0,48887700,1.02
30-Jun-2026,BAYU,BAYU BUANA Tbk,"PUTRA SEJAHTERA PERSADA, PT",,,,,0,5506000,5506000,1.56
30-Jun-2026,BAYU,BAYU BUANA Tbk,PT TEKNIKO INDONESIA,Corporate,L,,INDONESIA,14700000,0,14700000,4.16
30-Jun-2026,BAYU,BAYU BUANA Tbk,PT. GRAHA SENTOSA PERSADA,Corporate,L,,INDONESIA,99170686,0,99170686,28.08
30-Jun-2026,BAYU,BAYU BUANA Tbk,PT. SELARAS DWIPANTARA PRIMAMUKTI,Corporate,L,,INDONESIA,10000000,0,10000000,2.83
30-Jun-2026,BAYU,BAYU BUANA Tbk,STANDARD CHARTERED BANK SG S/A VP BANK A/C DIAMOND MILLENIUM LTD (ID005464400003),Private Bank,F,,"VIRGIN ISLANDS, BRITISH",13609000,0,13609000,3.85
30-Jun-2026,BAYU,BAYU BUANA Tbk,STANDARD CHARTERED BANK SG S/A VP BANK A/C SAPPHIRE LINK LTD (ID005464400008),Private Bank,F,,"VIRGIN ISLANDS, BRITISH",17000000,0,17000000,4.81
30-Jun-2026,BAYU,BAYU BUANA Tbk,"UNION BANCAIRE PRIVEE, UBP SA SINGAPORE BRANCH",Private Bank,F,,SINGAPORE,30901377,0,30901377,8.75
30-Jun-2026,BAYU,BAYU BUANA Tbk,BANK JULIUS BAER & CO. LTD,Private Bank,F,,SINGAPORE,27914815,0,27914815,7.9
30-Jun-2026,BAYU,BAYU BUANA Tbk,DBS BANK LTD.,Bank,F,,SINGAPORE,10000000,0,10000000,2.83
30-Jun-2026,BAYU,BAYU BUANA Tbk,BANK OF SINGAPORE LIMITED,Private Bank,F,,SINGAPORE,23535600,0,23535600,6.66
30-Jun-2026,BAYU,BAYU BUANA Tbk,CA INDOSUEZ (SWITZERLAND) SA,Bank,F,,SINGAPORE,15000000,0,15000000,4.25
30-Jun-2026,BAYU,BAYU BUANA Tbk,OVERSEA-CHINESE BANKING CORPORATION LIMITED,Private Bank,F,,SINGAPORE,16868370,0,16868370,4.78
30-Jun-2026,BAYU,BAYU BUANA Tbk,REKSA DANA SUCORINVEST MAXI FUND,Mutual Funds,L,,INDONESIA,8979300,0,8979300,2.54
30-Jun-2026,BAYU,BAYU BUANA Tbk,REKSA DANA BALANCED FUND SUCORINVEST ANAK PINTAR,Mutual Funds,L,,INDONESIA,9639000,0,9639000,2.73
30-Jun-2026,BAYU,BAYU BUANA Tbk,BP2S SG/BNP PARIBAS SINGAPORE BRANCH WEALTH MANAGEMENT,Private Bank,F,,SINGAPORE,8900874,0,8900874,2.52
30-Jun-2026,BBCA,BANK CENTRAL ASIA Tbk,PT DWIMURIA INVESTAMA ANDALAN,Corporate,L,,INDONESIA,0,67729950000,67729950000,54.94
30-Jun-2026,BBCA,BANK CENTRAL ASIA Tbk,PT CATURGUWIRATNA SUMAPALA,Corporate,L,,INDONESIA,0,1261750000,1261750000,1.02
30-Jun-2026,BBCA,BANK CENTRAL ASIA Tbk,PT TRICIPTA MANDHALA GUMILANG,Corporate,L,,INDONESIA,0,1313250000,1313250000,1.07
30-Jun-2026,BBCA,BANK CENTRAL ASIA Tbk,ANTHONI SALIM,Individual,L,INDONESIAN,INDONESIA,1416306835,0,1416306835,1.15
30-Jun-2026,BBHI,ALLO BANK INDONESIA Tbk,BUKALAPAK.COM TBK PT,Corporate,L,,INDONESIA,2497816903,0,2497816903,11.49
30-Jun-2026,BBHI,ALLO BANK INDONESIA Tbk,PT SARANA JASA UTAMA,Corporate,L,,INDONESIA,465671806,0,465671806,2.14
30-Jun-2026,BBHI,ALLO BANK INDONESIA Tbk,PT INDOLIFE INVESTAMA PERKASA,Private Equity,L,,INDONESIA,1303815386,0,1303815386,6.0
30-Jun-2026,BBHI,ALLO BANK INDONESIA Tbk,PT MEGA CORPORA,Firm,L,,INDONESIA,13011205966,217302565,13228508531,60.88
30-Jun-2026,BBHI,ALLO BANK INDONESIA Tbk,H HOLDINGS INC,Corporate,F,,CAYMAN ISLANDS,448744769,0,448744769,2.07
30-Jun-2026,BBHI,ALLO BANK INDONESIA Tbk,ABADI INVESTMENTS PTE. LTD,Private Equity,F,,SINGAPORE,1521117930,0,1521117930,7.0
30-Jun-2026,BBKP,BANK KB INDONESIA Tbk,STIC EUGENE STAR HOLDINGS INC,Private Equity,F,,"KOREA, REPUBLIC OF",31900000000,0,31900000000,16.98
30-Jun-2026,BBKP,BANK KB INDONESIA Tbk,"KOOKMIN BANK CO., LTD.",Financial Institutional,F,,,0,125655736951,125655736951,66.88
30-Jun-2026,BBLD,BUANA FINANCE Tbk,PT. GRAHA SENTOSA PERSADA,Corporate,L,,INDONESIA,53098593,0,53098593,3.23
30-Jun-2026,BBLD,BUANA FINANCE Tbk,PT. SING LING PERKASA,Corporate,L,,INDONESIA,60165000,0,60165000,3.66
30-Jun-2026,BBLD,BUANA FINANCE Tbk,PT. SARI DASA KARSA,Corporate,L,,INDONESIA,1112584069,0,1112584069,67.6
30-Jun-2026,BBLD,BUANA FINANCE Tbk,LGT BANK AG,Private Bank,F,,LIECHTENSTEIN,70683000,0,70683000,4.29
30-Jun-2026,BBLD,BUANA FINANCE Tbk,"UNION BANCAIRE PRIVEE, UBP SA SINGAPORE BRANCH",Private Bank,F,,SINGAPORE,17507784,0,17507784,1.06
30-Jun-2026,BBLD,BUANA FINANCE Tbk,BANK OF SINGAPORE LIMITED,Private Bank,F,,SINGAPORE,90328400,0,90328400,5.49
30-Jun-2026,BBLD,BUANA FINANCE Tbk,OVERSEA-CHINESE BANKING CORPORATION LIMITED,Private Bank,F,,SINGAPORE,62786409,0,62786409,3.81
30-Jun-2026,BBLD,BUANA FINANCE Tbk,GAN GEE PHO,Individual,F,SINGAPOREAN,SINGAPORE,70192500,0,70192500,4.26
30-Jun-2026,BBLD,BUANA FINANCE Tbk,PT ASURANSI BINA DANA ARTA TBK,Insurance,L,,INDONESIA,44535385,0,44535385,2.71
30-Jun-2026,BBMD,BANK MESTIKA DHARMA Tbk,"MESTIKA BENUA MAS, PT",Corporate,L,,,0,3658020000,3658020000,89.44
30-Jun-2026,BBMD,BANK MESTIKA DHARMA Tbk,"BANK MESTIKA DHARMA TBK, PT",Bank,L,,INDONESIA,60965400,0,60965400,1.49
30-Jun-2026,BBMD,BANK MESTIKA DHARMA Tbk,INDRA GANDA,Individual,L,INDONESIAN,INDONESIA,59991000,0,59991000,1.47
30-Jun-2026,BBMD,BANK MESTIKA DHARMA Tbk,ZULMIN,Individual,L,INDONESIAN,INDONESIA,67870100,0,67870100,1.66
30-Jun-2026,BBMD,BANK MESTIKA DHARMA Tbk,MARIA WIDJAJA,Individual,F,SINGAPOREAN,SINGAPORE,63249300,0,63249300,1.55
30-Jun-2026,BBMD,BANK MESTIKA DHARMA Tbk,MAYBANK SECURITIES PTE. LTD.,Investment Manager,F,,SINGAPORE,111020000,0,111020000,2.71
30-Jun-2026,BBNI,BANK NEGARA INDONESIA Tbk,PERUSAHAAN PERSEROAN (PERSERO) PT DANANTARA ASSET MANAGEMENT,Corporate,L,,,0,22154603872,22154603872,59.4
30-Jun-2026,BBNI,BANK NEGARA INDONESIA Tbk,WINARNO TJAJADI,Individual,L,INDONESIAN,INDONESIA,780000000,0,780000000,2.09
30-Jun-2026,BBNI,BANK NEGARA INDONESIA Tbk,DJS KETENAGAKERJAAN PROGRAM JAMINAN HARI TUA,State Owned Enterprises,L,,INDONESIA,1308007936,0,1308007936,3.51
30-Jun-2026,BBNI,BANK NEGARA INDONESIA Tbk,PT TASPEN (PERSERO),State Owned Enterprises,L,,INDONESIA,482732900,0,482732900,1.29
30-Jun-2026,BBNI,BANK NEGARA INDONESIA Tbk,EMPLOYEES PROVIDENT FUND BOARD,Pension Funds,F,,MALAYSIA,548885006,0,548885006,1.47
30-Jun-2026,BBRI,BANK RAKYAT INDONESIA (PERSERO) Tbk,PERUSAHAAN PERSEROAN (PERSERO) PT DANANTARA ASSET MANAGEMENT,Corporate,L,,,0,79804867107,79804867107,52.66
30-Jun-2026,BBRI,BANK RAKYAT INDONESIA (PERSERO) Tbk,DJS KETENAGAKERJAAN PROGRAM JAMINAN HARI TUA,State Owned Enterprises,L,,INDONESIA,1650917514,0,1650917514,1.09
30-Jun-2026,BBRI,BANK RAKYAT INDONESIA (PERSERO) Tbk,INDONESIA INVESTMENT AUTHORITY,Sovereign Wealth Fund,L,,INDONESIA,5498021834,0,5498021834,3.63
30-Jun-2026,BBRI,BANK RAKYAT INDONESIA (PERSERO) Tbk,EMPLOYEES PROVIDENT FUND BOARD,Pension Funds,F,,MALAYSIA,1782021658,0,1782021658,1.18
30-Jun-2026,BBRM,PELAYARAN NASIONAL BINA BUANA RAYA Tbk,PT. MARCO POLO INDONESIA,Corporate,L,,INDONESIA,5997334652,0,5997334652,70.73
30-Jun-2026,BBRM,PELAYARAN NASIONAL BINA BUANA RAYA Tbk,PT. SINAR BINTANG MAKMUR,Corporate,L,,INDONESIA,635536000,0,635536000,7.49
30-Jun-2026,BBRM,PELAYARAN NASIONAL BINA BUANA RAYA Tbk,NAM CHEONG PIONEER SDN BHD,Corporate,F,,MALAYSIA,1066666666,0,1066666666,12.58
30-Jun-2026,BBRM,PELAYARAN NASIONAL BINA BUANA RAYA Tbk,DEUTSCHE BK AG (PRIVATE BANKING) SPORE WM CLIENT,Bank,F,,SINGAPORE,157000000,0,157000000,1.85
30-Jun-2026,BBSI,KROM BANK INDONESIA Tbk,PT. SUN ANTARNUSA INVESTMENT,Corporate,L,,INDONESIA,178971567,0,178971567,4.87
30-Jun-2026,BBSI,KROM BANK INDONESIA Tbk,PT FINACCEL TEKNOLOGI INDONESIA,Corporate,L,,INDONESIA,2756042477,0,2756042477,75.0
30-Jun-2026,BBSI,KROM BANK INDONESIA Tbk,PT SUNSONINDO TEXTILE INVESTAMA,Corporate,L,,INDONESIA,155778973,0,155778973,4.24
30-Jun-2026,BBSI,KROM BANK INDONESIA Tbk,"SUN LAND INVESTAMA,PT",Corporate,L,,INDONESIA,182533737,0,182533737,4.97
30-Jun-2026,BBSI,KROM BANK INDONESIA Tbk,HSBC LTD-SINGAPORE BRANCH PRIVATE BANKING DIVISION ACCOUNT CLIENTS,Private Bank,F,,SINGAPORE,168135751,0,168135751,4.58
30-Jun-2026,BBSI,KROM BANK INDONESIA Tbk,SUNDJONO SURIADI,Individual,L,INDONESIAN,INDONESIA,180471077,0,180471077,4.91
30-Jun-2026,BBSS,BUMI BENOWO SUKSES SEJAHTERA Tbk,AGUNG ALAM ANUGRAH PT,,,,,0,3499950000,3499950000,72.92
30-Jun-2026,BBSS,BUMI BENOWO SUKSES SEJAHTERA Tbk,PT Agung Anugrah Investama,Private Equity,L,,INDONESIA,796862800,0,796862800,16.6
30-Jun-2026,BBSS,BUMI BENOWO SUKSES SEJAHTERA Tbk,DHARMA BUDI,Individual,L,INDONESIAN,INDONESIA,65838700,0,65838700,1.37
30-Jun-2026,BBSS,BUMI BENOWO SUKSES SEJAHTERA Tbk,ANDIERSEN,Individual,L,INDONESIAN,INDONESIA,80546000,0,80546000,1.68
30-Jun-2026,BBSS,BUMI BENOWO SUKSES SEJAHTERA Tbk,SUGENG WIJAYA SUTEDJA,Individual,L,INDONESIAN,INDONESIA,48872300,0,48872300,1.02
30-Jun-2026,BBSS,BUMI BENOWO SUKSES SEJAHTERA Tbk,HENDRA KUSUMA KARGITO,Individual,L,INDONESIAN,INDONESIA,49121700,0,49121700,1.02
30-Jun-2026,BBTN,BANK TABUNGAN NEGARA (PERSERO) Tbk,PERUSAHAAN PERSEROAN (PERSERO) PT DANANTARA ASSET MANAGEMENT,Corporate,L,,,0,8336459982,8336459982,59.4
30-Jun-2026,BBTN,BANK TABUNGAN NEGARA (PERSERO) Tbk,DJS KETENAGAKERJAAN PROGRAM JAMINAN HARI TUA,State Owned Enterprises,L,,INDONESIA,389275808,0,389275808,2.77
30-Jun-2026,BBTN,BANK TABUNGAN NEGARA (PERSERO) Tbk,PT TASPEN (PERSERO),State Owned Enterprises,L,,INDONESIA,695002517,0,695002517,4.95
30-Jun-2026,BBTN,BANK TABUNGAN NEGARA (PERSERO) Tbk,REKSA DANA SUCORINVEST EQUITY FUND,Mutual Funds,L,,INDONESIA,166370000,0,166370000,1.19
30-Jun-2026,BBTN,BANK TABUNGAN NEGARA (PERSERO) Tbk,HANDELSBANKEN TILLVAXTMARKNAD TEMA,Mutual Funds,F,,SWEDEN,156224839,0,156224839,1.11
30-Jun-2026,BBYB,BANK NEO COMMERCE Tbk,PT GOZCO CAPITAL,Corporate,L,,INDONESIA,1326387921,79996460,1406384381,10.53
30-Jun-2026,BBYB,BANK NEO COMMERCE Tbk,PT AKULAKU SILVRR INDONESIA,Corporate,L,,INDONESIA,4598768727,0,4598768727,34.45
30-Jun-2026,BBYB,BANK NEO COMMERCE Tbk,SARATOGA INVESTAMA SEDAYA TBK PT,Corporate,L,,INDONESIA,474037743,0,474037743,3.55
30-Jun-2026,BBYB,BANK NEO COMMERCE Tbk,YELLOW BRICK ENTERPRISE LTD,Corporate,F,,"VIRGIN ISLANDS, BRITISH",487218961,0,487218961,3.65
30-Jun-2026,BBYB,BANK NEO COMMERCE Tbk,ROCKCORE FINANCIAL TECHNOLOGY CO LTD,Corporate,F,,CAYMAN ISLANDS,736968376,0,736968376,5.52
30-Jun-2026,BBYB,BANK NEO COMMERCE Tbk,PROVIDENT GROWTH FUND II GP LTD.,Investment Advisors,F,,CAYMAN ISLANDS,136261930,0,136261930,1.02
30-Jun-2026,BBYB,BANK NEO COMMERCE Tbk,UNGKORO DARMOSUSILO,Individual,L,INDONESIAN,INDONESIA,210000000,0,210000000,1.57
30-Jun-2026,BBYB,BANK NEO COMMERCE Tbk,WINATO KARTONO,Individual,L,INDONESIAN,INDONESIA,228463119,0,228463119,1.71
30-Jun-2026,BBYB,BANK NEO COMMERCE Tbk,Reksa Dana Pan Arcadia Dana Saham Bertumbuh,Exchange Traded Funds,L,,INDONESIA,159096570,0,159096570,1.19
30-Jun-2026,BBYB,BANK NEO COMMERCE Tbk,MAYBANK SECURITIES PTE. LTD.,Investment Manager,F,,SINGAPORE,191591324,0,191591324,1.44
30-Jun-2026,BCAP,MNC KAPITAL INDONESIA Tbk,MNC TOURISM INDONESIA TBK,Firm,L,,INDONESIA,2100000000,0,2100000000,4.93
30-Jun-2026,BCAP,MNC KAPITAL INDONESIA Tbk,PT MNC ASIA HOLDING TBK,Corporate,L,,INDONESIA,20137511460,0,20137511460,47.25
30-Jun-2026,BCAP,MNC KAPITAL INDONESIA Tbk,HT INVESTMENT DEVELOPMENT LTD,Investment Advisors,F,,"VIRGIN ISLANDS, BRITISH",3708705000,0,3708705000,8.7
30-Jun-2026,BCAP,MNC KAPITAL INDONESIA Tbk,LITERATI CAPITAL INVESTMENTS LIMITED,Investment Advisors,F,,"VIRGIN ISLANDS, BRITISH",631730800,0,631730800,1.48
30-Jun-2026,BCAP,MNC KAPITAL INDONESIA Tbk,TJOMO TJENGUNDORO.TJENG,Individual,L,INDONESIAN,INDONESIA,1178061200,0,1178061200,2.76
30-Jun-2026,BCAP,MNC KAPITAL INDONESIA Tbk,LIE EFFENDI HARSONO,Individual,L,INDONESIAN,INDONESIA,542811400,0,542811400,1.27
30-Jun-2026,BCAP,MNC KAPITAL INDONESIA Tbk,JALAN PANTAI LIMITED,Partnership,F,,"VIRGIN ISLANDS, BRITISH",3900000000,0,3900000000,9.15
30-Jun-2026,BCAP,MNC KAPITAL INDONESIA Tbk,SANREMO VENTURES INC.,Partnership,F,,"VIRGIN ISLANDS, BRITISH",454000000,0,454000000,1.07
30-Jun-2026,BCAP,MNC KAPITAL INDONESIA Tbk,UOB KAY HIAN (HONG KONG) LTD,Securities Company,F,,HONG KONG,2782427300,0,2782427300,6.53
30-Jun-2026,BCIC,BANK JTRUST INDONESIA Tbk,PT. JTRUST INVESTMENTS INDONESIA,,,,,0,251471458,251471458,1.39
30-Jun-2026,BCIC,BANK JTRUST INDONESIA Tbk,JTRUST ASIA PTE. LTD.,Private Bank,F,,SINGAPORE,3381207875,0,3381207875,18.67
30-Jun-2026,BCIC,BANK JTRUST INDONESIA Tbk,GF CAPITAL LLC,Investment Advisors,F,,JAPAN,878377481,0,878377481,4.85
30-Jun-2026,BCIC,BANK JTRUST INDONESIA Tbk,J TRUST CO LTD,Private Bank,F,,JAPAN,1469132879,10734002331,12203135210,67.38
30-Jun-2026,BCIC,BANK JTRUST INDONESIA Tbk,SAMURAI CAPITAL MANAGEMENT NO 2 LIMITED LIABILITY COMPANY,Private Equity,F,,JAPAN,700339767,0,700339767,3.87
30-Jun-2026,BCIP,BUMI CITRA PERMAI Tbk,PT BUMI CITRA INVESTINDO,Investment Advisors,L,,INDONESIA,538267200,0,538267200,37.64
30-Jun-2026,BCIP,BUMI CITRA PERMAI Tbk,PT. Askar Pelangi Abadi,Corporate,L,,INDONESIA,15300000,0,15300000,1.07
30-Jun-2026,BCIP,BUMI CITRA PERMAI Tbk,HENDRIK,Individual,L,INDONESIAN,INDONESIA,33412600,0,33412600,2.34
30-Jun-2026,BCIP,BUMI CITRA PERMAI Tbk,SAUT MARULITUA SINAGA,Individual,L,INDONESIAN,INDONESIA,54895300,0,54895300,3.84
30-Jun-2026,BCIP,BUMI CITRA PERMAI Tbk,MUHAMMAD RAFIF,Individual,L,INDONESIAN,INDONESIA,14415200,0,14415200,1.01
30-Jun-2026,BCIP,BUMI CITRA PERMAI Tbk,BRENDA BUDIMAN,Individual,L,INDONESIAN,INDONESIA,20906900,0,20906900,1.46
30-Jun-2026,BCIP,BUMI CITRA PERMAI Tbk,SRIYONO,Individual,L,INDONESIAN,INDONESIA,18486200,0,18486200,1.29
30-Jun-2026,BCIP,BUMI CITRA PERMAI Tbk,PERUSAHAAN PERSEROAN (PERSERO) PT ASABRI,State Owned Enterprises,L,,INDONESIA,18000000,0,18000000,1.26
30-Jun-2026,BCIP,BUMI CITRA PERMAI Tbk,REKSA DANA SYARIAH PACIFIC SAHAM SYARIAH III,Mutual Funds,L,,INDONESIA,56027300,0,56027300,3.92
30-Jun-2026,BCIP,BUMI CITRA PERMAI Tbk,DPPK JIWASRAYA,Pension Funds,L,,INDONESIA,42320000,0,42320000,2.96
30-Jun-2026,BDKR,BERDIKARI PONDASI PERKASA Tbk,PT RIGHT LANE CAPITAL,Corporate,L,,INDONESIA,229968500,0,229968500,4.87
30-Jun-2026,BDKR,BERDIKARI PONDASI PERKASA Tbk,PT. BERDIKARI PONDASI PERKASA TBK,Corporate,L,,INDONESIA,215579900,0,215579900,4.56
30-Jun-2026,BDKR,BERDIKARI PONDASI PERKASA Tbk,PT KARTIKA SUKSES PENDIRIJAYA,Corporate,L,,INDONESIA,228694800,0,228694800,4.84
30-Jun-2026,BDKR,BERDIKARI PONDASI PERKASA Tbk,PT. YONATAMA PERDANA ABADI,Corporate,L,,INDONESIA,227099100,0,227099100,4.81
30-Jun-2026,BDKR,BERDIKARI PONDASI PERKASA Tbk,"HARUNA BINOSWARA JAYA, PT",Corporate,L,,INDONESIA,281687300,0,281687300,5.96
30-Jun-2026,BDKR,BERDIKARI PONDASI PERKASA Tbk,PT. MASTER PONDASI RAYA,Corporate,L,,INDONESIA,204034400,0,204034400,4.32
30-Jun-2026,BDKR,BERDIKARI PONDASI PERKASA Tbk,TAN FRANCISCUS,Individual,L,INDONESIAN,INDONESIA,55763500,0,55763500,1.18
30-Jun-2026,BDKR,BERDIKARI PONDASI PERKASA Tbk,ENDY,Individual,L,INDONESIAN,INDONESIA,82839200,0,82839200,1.75
30-Jun-2026,BDKR,BERDIKARI PONDASI PERKASA Tbk,STEFANI FARIDA,Individual,L,INDONESIAN,INDONESIA,52714200,0,52714200,1.12
30-Jun-2026,BDKR,BERDIKARI PONDASI PERKASA Tbk,TAN JOHN TANUWIJAYA,Individual,L,INDONESIAN,INDONESIA,2410117900,0,2410117900,51.01
30-Jun-2026,BDKR,BERDIKARI PONDASI PERKASA Tbk,JAUW LIE MING,Individual,L,INDONESIAN,INDONESIA,461000000,0,461000000,9.76
30-Jun-2026,BDKR,BERDIKARI PONDASI PERKASA Tbk,LE KANG,Individual,F,CHINESE,INDONESIA,135184600,0,135184600,2.86
30-Jun-2026,BDMN,BANK DANAMON INDONESIA Tbk,MUFG Bank Ltd,Private Bank,F,,JAPAN,8940317662,0,8940317662,91.47
30-Jun-2026,BDMN,BANK DANAMON INDONESIA Tbk,"UBS AG, LONDON",Bank,F,,SWITZERLAND,161219187,0,161219187,1.65
30-Jun-2026,BEBS,BERKAH BETON SADAYA Tbk,PT BERKAH GLOBAL INVESTAMA,Corporate,L,,INDONESIA,14123500100,0,14123500100,31.39
30-Jun-2026,BEBS,BERKAH BETON SADAYA Tbk,GAMA MANUNGGAL LESTARI PT,Corporate,L,,INDONESIA,505900800,0,505900800,1.12
30-Jun-2026,BEBS,BERKAH BETON SADAYA Tbk,PT PENDANAAN EFEK INDONESIA,Capital Market Supporting Institutions And Professions,L,,INDONESIA,2573164760,0,2573164760,5.72
30-Jun-2026,BEBS,BERKAH BETON SADAYA Tbk,PT.CIPTA IHYA NUSANTARA,Corporate,L,,INDONESIA,1000000000,0,1000000000,2.22
30-Jun-2026,BEBS,BERKAH BETON SADAYA Tbk,STANDARD CHARTERED BANK (SINGAPORE) LIMITED,Bank,F,,SINGAPORE,1796272500,0,1796272500,3.99
30-Jun-2026,BEBS,BERKAH BETON SADAYA Tbk,"JPMORGAN CHASE BANK, NATIONAL ASSOCIATION",Bank,F,,UNITED KINGDOM,624325250,0,624325250,1.39
30-Jun-2026,BEBS,BERKAH BETON SADAYA Tbk,ANDIKA RAHMAN,Individual,L,INDONESIAN,INDONESIA,525084400,0,525084400,1.17
30-Jun-2026,BEBS,BERKAH BETON SADAYA Tbk,IMRON AGUNG KHOIRUDIN,Individual,L,INDONESIAN,INDONESIA,518073700,0,518073700,1.15
30-Jun-2026,BEBS,BERKAH BETON SADAYA Tbk,SUGIARWATI LUCKY,Individual,L,INDONESIAN,INDONESIA,2239200000,0,2239200000,4.98
30-Jun-2026,BEBS,BERKAH BETON SADAYA Tbk,ASEP SULAEMAN SABANDA,Individual,L,INDONESIAN,INDONESIA,2027163795,0,2027163795,4.5
30-Jun-2026,BEBS,BERKAH BETON SADAYA Tbk,DR. IR. H. SOEWARSO,Individual,L,INDONESIAN,INDONESIA,618479300,0,618479300,1.37
30-Jun-2026,BEBS,BERKAH BETON SADAYA Tbk,MUHAMMAD YUSUF FAHLEPI,Individual,L,INDONESIAN,INDONESIA,545657500,0,545657500,1.21
30-Jun-2026,BEBS,BERKAH BETON SADAYA Tbk,GANANG ADIKARYA MUHAMMAD,Individual,L,INDONESIAN,INDONESIA,632635900,0,632635900,1.41
30-Jun-2026,BEEF,ESTIKA TATA TIARA Tbk,PT ESTIKA TATA TIARA TBK,Corporate,L,,INDONESIA,184914600,0,184914600,2.28
30-Jun-2026,BEEF,ESTIKA TATA TIARA Tbk,ASIA AGRI INTERNATIONAL PTE LTD,Corporate,F,,SINGAPORE,5732270843,0,5732270843,70.59
30-Jun-2026,BEEF,ESTIKA TATA TIARA Tbk,PT DELTA INVESTAMA INDONESIA,Investment Advisors,L,,INDONESIA,322027459,0,322027459,3.97
30-Jun-2026,BEEF,ESTIKA TATA TIARA Tbk,DIMAS WIBOWO,Individual,L,INDONESIAN,INDONESIA,493773142,0,493773142,6.08
30-Jun-2026,BEEF,ESTIKA TATA TIARA Tbk,"HJ. DIANA DEWI, SE",Individual,L,INDONESIAN,INDONESIA,207880691,0,207880691,2.56
30-Jun-2026,BEER,JOBUBU JARUM MINAHASA Tbk,PT MAJU MINUMAN MINAHASA,Corporate,L,,INDONESIA,3047686825,0,3047686825,76.19
30-Jun-2026,BEER,JOBUBU JARUM MINAHASA Tbk,PT. SATIVA BHUMI INVESTAMA,Private Equity,L,,INDONESIA,142727200,0,142727200,3.57
30-Jun-2026,BEER,JOBUBU JARUM MINAHASA Tbk,PT SENTOSA WARAS INVESTAMA,Private Equity,L,,INDONESIA,107045400,0,107045400,2.68
30-Jun-2026,BEER,JOBUBU JARUM MINAHASA Tbk,PT PADI GLOBAL KAPITAL,Private Equity,L,,INDONESIA,107045400,0,107045400,2.68
30-Jun-2026,BEER,JOBUBU JARUM MINAHASA Tbk,REKSA DANA SUCORINVEST EQUITY PRIMA FUND,Mutual Funds,L,,INDONESIA,168623000,0,168623000,4.22
30-Jun-2026,BEER,JOBUBU JARUM MINAHASA Tbk,REKSA DANA SUCORINVEST SAHAM DINAMIS,Mutual Funds,L,,INDONESIA,105813300,0,105813300,2.65
30-Jun-2026,BEER,JOBUBU JARUM MINAHASA Tbk,REKSA DANA PROSPERA BALANCE RETURN OPTIMISER,Mutual Funds,L,,INDONESIA,49457700,0,49457700,1.24
30-Jun-2026,BEKS,BANK PEMBANGUNAN DAERAH BANTEN Tbk,"BANTEN GLOBAL DEVELOPMENT, PT",Corporate,L,,INDONESIA,0,34289755661,34289755661,66.11
30-Jun-2026,BEKS,BANK PEMBANGUNAN DAERAH BANTEN Tbk,SANTO - IDD1501D0254571,Individual,L,INDONESIAN,INDONESIA,644888880,0,644888880,1.24
30-Jun-2026,BELI,GLOBAL DIGITAL NIAGA Tbk,PT DWIMURIA INVESTAMA ANDALAN,Private Equity,L,,INDONESIA,6525158100,0,6525158100,4.76
30-Jun-2026,BELI,GLOBAL DIGITAL NIAGA Tbk,PT SAPTA ADHIKARI INVESTAMA PT,Corporate,L,,INDONESIA,3141676933,0,3141676933,2.29
30-Jun-2026,BELI,GLOBAL DIGITAL NIAGA Tbk,PT GLOBAL INVESTAMA ANDALAN,Corporate,L,,INDONESIA,4853850820,99155152000,104009002820,75.8
30-Jun-2026,BELI,GLOBAL DIGITAL NIAGA Tbk,PT SUMBER CIPTA MULTINIAGA,Corporate,L,,INDONESIA,5169793700,0,5169793700,3.77
30-Jun-2026,BELI,GLOBAL DIGITAL NIAGA Tbk,PT. LINGKARMULIA INDAH,Corporate,L,,INDONESIA,5746972327,0,5746972327,4.19
30-Jun-2026,BELL,TRISULA TEXTILE INDUSTRIES Tbk,PT TRISULA INTERNATIONAL TBK,Corporate,L,,INDONESIA,5662850000,0,5662850000,78.11
30-Jun-2026,BELL,TRISULA TEXTILE INDUSTRIES Tbk,"HP CAPITAL RESOURCES, PT",Corporate,L,,INDONESIA,103729200,0,103729200,1.43
30-Jun-2026,BELL,TRISULA TEXTILE INDUSTRIES Tbk,PT.TRITIRTA INTI MANDIRI,Corporate,L,,INDONESIA,195890700,0,195890700,2.7
30-Jun-2026,BELL,TRISULA TEXTILE INDUSTRIES Tbk,PT SOUTHERN CROSS TEXTILE INDUSTRY,Corporate,L,,INDONESIA,608609700,0,608609700,8.39
30-Jun-2026,BESS,BATULICIN NUSANTARA MARITIM Tbk,DAFFA KARISMA INTI PT,Corporate,L,,INDONESIA,134551400,0,134551400,3.91
30-Jun-2026,BESS,BATULICIN NUSANTARA MARITIM Tbk,PT BATULICIN ENAM SEMBILAN TRANSPORTASI,Corporate,L,,INDONESIA,0,2695947180,2695947180,78.36
30-Jun-2026,BESS,BATULICIN NUSANTARA MARITIM Tbk,PT. Lestari Dharma Raya,Corporate,L,,INDONESIA,150750700,0,150750700,4.38
30-Jun-2026,BESS,BATULICIN NUSANTARA MARITIM Tbk,PT. Mega Asta Raya,Corporate,L,,INDONESIA,208854100,0,208854100,6.07
30-Jun-2026,BESS,BATULICIN NUSANTARA MARITIM Tbk,"NAGARA ARDITO SOESANTO, ST",Individual,L,INDONESIAN,INDONESIA,49218800,0,49218800,1.43
30-Jun-2026,BESS,BATULICIN NUSANTARA MARITIM Tbk,RHENO SETYAWAN MALEPPE,Individual,L,INDONESIAN,INDONESIA,48094400,0,48094400,1.4
30-Jun-2026,BEST,BEKASI FAJAR INDUSTRIAL ESTATE Tbk,PT IMC PELITA LOGISTIK TBK,Corporate,L,,INDONESIA,197050300,0,197050300,2.04
30-Jun-2026,BEST,BEKASI FAJAR INDUSTRIAL ESTATE Tbk,PT. KAWASAN LINTAS BIRU DIGITAL,Firm,L,,INDONESIA,120696900,0,120696900,1.25
30-Jun-2026,BEST,BEKASI FAJAR INDUSTRIAL ESTATE Tbk,PT ARGO MANUNGGAL LAND DEVELOPMENT,Corporate,L,,INDONESIA,4643604400,0,4643604400,48.13
30-Jun-2026,BEST,BEKASI FAJAR INDUSTRIAL ESTATE Tbk,DAIWA HOUSE INDUSTRY CO. LTD,Corporate,F,,JAPAN,964750000,0,964750000,10.0
30-Jun-2026,BEST,BEKASI FAJAR INDUSTRIAL ESTATE Tbk,RAHMAN KAMARUDDIN,Individual,L,INDONESIAN,INDONESIA,97500000,0,97500000,1.01
30-Jun-2026,BEST,BEKASI FAJAR INDUSTRIAL ESTATE Tbk,UNGKORO DARMOSUSILO,Individual,L,INDONESIAN,INDONESIA,103675400,0,103675400,1.07
30-Jun-2026,BEST,BEKASI FAJAR INDUSTRIAL ESTATE Tbk,DRS LO KHENG HONG,Individual,L,INDONESIAN,INDONESIA,195125400,0,195125400,2.02
30-Jun-2026,BEST,BEKASI FAJAR INDUSTRIAL ESTATE Tbk,TAN ALIN HERAWATI,Individual,L,INDONESIAN,INDONESIA,180742500,0,180742500,1.87
30-Jun-2026,BEST,BEKASI FAJAR INDUSTRIAL ESTATE Tbk,BUDIMAN GITALOKA,Individual,L,INDONESIAN,,97304500,0,97304500,1.01
30-Jun-2026,BEST,BEKASI FAJAR INDUSTRIAL ESTATE Tbk,PT ASURANSI JIWA MANULIFE INDONESIA,Insurance,L,,INDONESIA,134637500,0,134637500,1.4
30-Jun-2026,BEST,BEKASI FAJAR INDUSTRIAL ESTATE Tbk,REKSA DANA SUCORINVEST SHARIA EQUITY FUND,Mutual Funds,L,,INDONESIA,216842300,0,216842300,2.25
30-Jun-2026,BEST,BEKASI FAJAR INDUSTRIAL ESTATE Tbk,"PANIN SEKURITAS Tbk, PT",Securities Company,L,,INDONESIA,144991600,0,144991600,1.5
30-Jun-2026,BFIN,BFI FINANCE INDONESIA Tbk,BFI FINANCE INDONESIA TBK PT,Firm,L,,INDONESIA,290000000,0,290000000,1.93
30-Jun-2026,BFIN,BFI FINANCE INDONESIA Tbk,BODEGA HEAD INVESMENT HOLDING LTD,Private Equity,F,,CAYMAN ISLANDS,741407300,0,741407300,4.93
30-Jun-2026,BFIN,BFI FINANCE INDONESIA Tbk,PANGOLIN INV MANAG PTE LTD-PANGOLIN ASIA FUND,Investment Advisors,F,,CAYMAN ISLANDS,347613700,0,347613700,2.31
30-Jun-2026,BFIN,BFI FINANCE INDONESIA Tbk,GSCO LLC S/A ESCHATON OPPORTUNITIES FUND II LP,Hedge Fund,F,,UNITED STATES,259628048,0,259628048,1.73
30-Jun-2026,BFIN,BFI FINANCE INDONESIA Tbk,JONATHAN CHANG,Individual,L,INDONESIAN,INDONESIA,311917100,0,311917100,2.07
30-Jun-2026,BFIN,BFI FINANCE INDONESIA Tbk,MERIE PRANOTO,Individual,L,INDONESIAN,INDONESIA,297649380,0,297649380,1.98
30-Jun-2026,BFIN,BFI FINANCE INDONESIA Tbk,LAY SIOE HO,Individual,L,INDONESIAN,INDONESIA,312629860,113360,312743220,2.08
30-Jun-2026,BFIN,BFI FINANCE INDONESIA Tbk,PT. PRUDENTIAL LIFE ASSURANCE,Insurance,L,,INDONESIA,178637900,0,178637900,1.19
30-Jun-2026,BFIN,BFI FINANCE INDONESIA Tbk,NTASIAN DISCOVERY MASTER FUND,Hedge Fund,F,,CAYMAN ISLANDS,600000000,0,600000000,3.99
30-Jun-2026,BFIN,BFI FINANCE INDONESIA Tbk,TRINUGRAHA CAPITAL AND CO SCA,Corporate,F,,LUXEMBOURG,7688125938,0,7688125938,51.12
30-Jun-2026,BGTG,BANK GANESHA Tbk,"EQUITY DEVELOPMENT INVESTMENT, PT.",Corporate,L,,INDONESIA,0,8036410000,8036410000,33.53
30-Jun-2026,BGTG,BANK GANESHA Tbk,PT. KEMILAU CAHAYA SAKTI,Corporate,L,,INDONESIA,1000000000,0,1000000000,4.17
30-Jun-2026,BGTG,BANK GANESHA Tbk,PT. TIRTA BUMI DWIKARYA,Corporate,L,,INDONESIA,239710000,0,239710000,1.0
30-Jun-2026,BGTG,BANK GANESHA Tbk,"PRIMA TUNAS INVESTAMA, PT.",Investment Advisors,L,,INDONESIA,788500000,0,788500000,3.29
30-Jun-2026,BGTG,BANK GANESHA Tbk,PT SATYA MULIA GEMA GEMILANG,Corporate,L,,INDONESIA,791165068,0,791165068,3.3
30-Jun-2026,BGTG,BANK GANESHA Tbk,PT. BUANA PERSADA PROPERTI,Corporate,L,,INDONESIA,666280000,0,666280000,2.78
30-Jun-2026,BGTG,BANK GANESHA Tbk,PT. GEMILANG PERSADA PROPERTI,Corporate,L,,INDONESIA,1028531000,0,1028531000,4.29
30-Jun-2026,BGTG,BANK GANESHA Tbk,FIRST PACIFIC CAPITAL GROUP LIMITED,Venture Capital,F,,CHINA,333720000,0,333720000,1.39
30-Jun-2026,BGTG,BANK GANESHA Tbk,EQUITY GLOBAL INTERNATIONAL LIMITED,Corporate,F,,HONG KONG,5736363400,0,5736363400,23.93
30-Jun-2026,BGTG,BANK GANESHA Tbk,CENTRIX INVESTMENT LIMITED,Corporate,F,,,0,396824000,396824000,1.66
30-Jun-2026,BGTG,BANK GANESHA Tbk,GUNAWAN GOZALI,Individual,L,INDONESIAN,,537600000,0,537600000,2.24
30-Jun-2026,BGTG,BANK GANESHA Tbk,ROY TJOKROWIDJOYO,Individual,L,INDONESIAN,INDONESIA,281130000,0,281130000,1.17
30-Jun-2026,BGTG,BANK GANESHA Tbk,UOB KAY HIAN PTE LTD,Securities Company,F,,SINGAPORE,1388305300,0,1388305300,5.79
30-Jun-2026,BGTG,BANK GANESHA Tbk,PHILLIP SECURITIES PTE LTD,Investment Manager,F,,SINGAPORE,431920000,0,431920000,1.8
30-Jun-2026,BHAT,BHAKTI MULTI ARTHA Tbk,PT ZED UTAMA PERSADA,Firm,L,,INDONESIA,113288500,0,113288500,2.27
30-Jun-2026,BHAT,BHAKTI MULTI ARTHA Tbk,PT. ALANA CIPTA SELARAS,Corporate,L,,INDONESIA,144709700,0,144709700,2.89
30-Jun-2026,BHAT,BHAKTI MULTI ARTHA Tbk,PT CIPTA DINAMIKA PRIMA,Corporate,L,,INDONESIA,243775000,0,243775000,4.88
30-Jun-2026,BHAT,BHAKTI MULTI ARTHA Tbk,PT SETIABUDI DANA UNGGULAN,Corporate,L,,INDONESIA,241250000,0,241250000,4.83
30-Jun-2026,BHAT,BHAKTI MULTI ARTHA Tbk,PT BHAKTI ARTHA GLOBAL,Corporate,L,,INDONESIA,1254849375,0,1254849375,25.1
30-Jun-2026,BHAT,BHAKTI MULTI ARTHA Tbk,PT. Surya Duta Mas,Corporate,L,,INDONESIA,300000000,0,300000000,6.0
30-Jun-2026,BHAT,BHAKTI MULTI ARTHA Tbk,PT TIRTA CITRA SOLUSI,Corporate,L,,INDONESIA,152466300,0,152466300,3.05
30-Jun-2026,BHAT,BHAKTI MULTI ARTHA Tbk,"SUMBER TEKNOLOGI MULIA, PT",Corporate,L,,INDONESIA,79079000,0,79079000,1.58
30-Jun-2026,BHAT,BHAKTI MULTI ARTHA Tbk,PT. MEGAH ANGKASA PERKASA,Corporate,L,,INDONESIA,79026600,0,79026600,1.58
30-Jun-2026,BHAT,BHAKTI MULTI ARTHA Tbk,PT ARIMA KARYA PERSADA,Corporate,L,,INDONESIA,195043100,0,195043100,3.9
30-Jun-2026,BHAT,BHAKTI MULTI ARTHA Tbk,DICKSON INVESTMENT LIMITED,Investment Advisors,F,,HONG KONG,242500000,0,242500000,4.85
30-Jun-2026,BHAT,BHAKTI MULTI ARTHA Tbk,GOODSTAR (H.K.) LIMITED,Corporate,F,,HONG KONG,242375625,0,242375625,4.85
30-Jun-2026,BHAT,BHAKTI MULTI ARTHA Tbk,PAG INVESTMENT MANAGEMENT PTE LTD,Investment Advisors,F,,SINGAPORE,239500000,0,239500000,4.79
30-Jun-2026,BHAT,BHAKTI MULTI ARTHA Tbk,EQT ASIA INVESTMENT LIMITED,Investment Advisors,F,,HONG KONG,235750000,0,235750000,4.72
30-Jun-2026,BHAT,BHAKTI MULTI ARTHA Tbk,Wachjudi Martono,Individual,L,INDONESIAN,INDONESIA,120000000,0,120000000,2.4
30-Jun-2026,BHAT,BHAKTI MULTI ARTHA Tbk,PT CAPITAL LIFE INDONESIA,Insurance,L,,INDONESIA,94840000,0,94840000,1.9
30-Jun-2026,BHAT,BHAKTI MULTI ARTHA Tbk,"PACIFIC LIFE INSURANCE, PT",Insurance,L,,INDONESIA,223720000,0,223720000,4.47
30-Jun-2026,BHAT,BHAKTI MULTI ARTHA Tbk,REKSA DANA SUCORINVEST EQUITY PRIMA FUND,Mutual Funds,L,,INDONESIA,81721400,0,81721400,1.63
30-Jun-2026,BHAT,BHAKTI MULTI ARTHA Tbk,REKSA DANA SUCORINVEST EQUITY FUND,Mutual Funds,L,,INDONESIA,77308500,0,77308500,1.55
30-Jun-2026,BHAT,BHAKTI MULTI ARTHA Tbk,EASTERN PEAK GROUP CORPORATION,Partnership,F,,"VIRGIN ISLANDS, BRITISH",206536000,0,206536000,4.13
30-Jun-2026,BHAT,BHAKTI MULTI ARTHA Tbk,PT. CAPITAL ASSET MANAGEMENT,Investment Manager,L,,INDONESIA,55470000,0,55470000,1.11
30-Jun-2026,BHIT,MNC ASIA HOLDING Tbk,EP - BHAKTI PANJIWIRA,Corporate,L,,INDONESIA,5262220112,0,5262220112,6.11
30-Jun-2026,BHIT,MNC ASIA HOLDING Tbk,PT MNC ASIA HOLDING TBK,Corporate,L,,INDONESIA,1549565446,0,1549565446,1.8
30-Jun-2026,BHIT,MNC ASIA HOLDING Tbk,HT INVESTMENT DEVELOPMENT LTD,Investment Advisors,F,,"VIRGIN ISLANDS, BRITISH",13238835716,0,13238835716,15.38
30-Jun-2026,BHIT,MNC ASIA HOLDING Tbk,STARLIGHT LTD,Sole Proprietorship,F,,UNITED ARAB EMIRATES,1066689200,0,1066689200,1.24
30-Jun-2026,BHIT,MNC ASIA HOLDING Tbk,TARGO FINANCE LIMITED,Investment Advisors,F,,"VIRGIN ISLANDS, BRITISH",1294000000,0,1294000000,1.5
30-Jun-2026,BHIT,MNC ASIA HOLDING Tbk,REGENCY HIGH ENTERPRISE LTD,Investment Advisors,F,,"VIRGIN ISLANDS, BRITISH",1582892000,0,1582892000,1.84
30-Jun-2026,BHIT,MNC ASIA HOLDING Tbk,PRINTEMPS INVESTMENTS INC.,Investment Advisors,F,,"VIRGIN ISLANDS, BRITISH",3267056289,0,3267056289,3.8
30-Jun-2026,BHIT,MNC ASIA HOLDING Tbk,LITERATI CAPITAL INVESTMENTS LIMITED,Investment Advisors,F,,"VIRGIN ISLANDS, BRITISH",3603568065,0,3603568065,4.19
30-Jun-2026,BHIT,MNC ASIA HOLDING Tbk,MARCO PRINCE CORP,Sole Proprietorship,F,,"VIRGIN ISLANDS, BRITISH",2789940268,0,2789940268,3.24
30-Jun-2026,BHIT,MNC ASIA HOLDING Tbk,TEMPUS ETERNITY LTD.,Sole Proprietorship,F,,"VIRGIN ISLANDS, BRITISH",2574975100,0,2574975100,2.99
30-Jun-2026,BHIT,MNC ASIA HOLDING Tbk,BOURKE INTERNATIONAL LTD,Sole Proprietorship,F,,CHINA,3518352440,0,3518352440,4.09
30-Jun-2026,BHIT,MNC ASIA HOLDING Tbk,EXPRESS CYBER LTD,Investment Advisors,F,,"VIRGIN ISLANDS, BRITISH",2934156750,0,2934156750,3.41
30-Jun-2026,BHIT,MNC ASIA HOLDING Tbk,YARIS INTERNATIONAL LTD,Sole Proprietorship,F,,"VIRGIN ISLANDS, BRITISH",2266272430,0,2266272430,2.63
30-Jun-2026,BHIT,MNC ASIA HOLDING Tbk,CHARLTON GROUP HOLDINGS LTD,Sole Proprietorship,F,,"VIRGIN ISLANDS, BRITISH",2098874017,0,2098874017,2.44
30-Jun-2026,BHIT,MNC ASIA HOLDING Tbk,RATNA ENDANG SOELISTYAWATI,Individual,L,INDONESIAN,INDONESIA,993051607,0,993051607,1.15
30-Jun-2026,BHIT,MNC ASIA HOLDING Tbk,LIE EFFENDI HARSONO,Individual,L,INDONESIAN,INDONESIA,1775000000,0,1775000000,2.06
30-Jun-2026,BHIT,MNC ASIA HOLDING Tbk,HARY TANOESOEDIBJO,Individual,L,INDONESIAN,INDONESIA,2686468300,0,2686468300,3.12
30-Jun-2026,BHIT,MNC ASIA HOLDING Tbk,RELIANCEVER HOLDINGS INC,Corporate,F,,"VIRGIN ISLANDS, BRITISH",3627471299,0,3627471299,4.21
30-Jun-2026,BHIT,MNC ASIA HOLDING Tbk,CARAVAGGIO HOLDINGS LIMITED,Corporate,F,,"VIRGIN ISLANDS, BRITISH",8321109800,0,8321109800,9.67
30-Jun-2026,BHIT,MNC ASIA HOLDING Tbk,UOB KAY HIAN (HONG KONG) LTD,Securities Company,F,,HONG KONG,1841798300,0,1841798300,2.14
30-Jun-2026,BIKA,BINAKARYA JAYA ABADI Tbk,ALI UMAR,Individual,L,INDONESIAN,INDONESIA,30093100,0,30093100,5.08
30-Jun-2026,BIKA,BINAKARYA JAYA ABADI Tbk,LEONARDO HANS HALIM,Individual,L,INDONESIAN,INDONESIA,6880000,0,6880000,1.16
30-Jun-2026,BIKA,BINAKARYA JAYA ABADI Tbk,JOHANNA,Individual,L,INDONESIAN,INDONESIA,8756200,0,8756200,1.48
30-Jun-2026,BIKA,BINAKARYA JAYA ABADI Tbk,LIN WEN LI,Individual,L,INDONESIAN,INDONESIA,28133300,0,28133300,4.75
30-Jun-2026,BIKA,BINAKARYA JAYA ABADI Tbk,BUDIANTO HALIM,Individual,L,INDONESIAN,,189662100,0,189662100,32.02
30-Jun-2026,BIKA,BINAKARYA JAYA ABADI Tbk,HENGKY SOEGIHARTO GUNAWAN,Individual,L,INDONESIAN,INDONESIA,25068600,0,25068600,4.23
30-Jun-2026,BIKA,BINAKARYA JAYA ABADI Tbk,LILIANA SETIAWAN,Individual,L,INDONESIAN,INDONESIA,200912700,0,200912700,33.92
30-Jun-2026,BIKA,BINAKARYA JAYA ABADI Tbk,TONY SUSANTO,Individual,L,INDONESIAN,INDONESIA,17768400,0,17768400,3.0
30-Jun-2026,BIKA,BINAKARYA JAYA ABADI Tbk,RUDY SUSANTO,Individual,L,INDONESIAN,INDONESIA,28133300,0,28133300,4.75
30-Jun-2026,BIKA,BINAKARYA JAYA ABADI Tbk,AMY,Individual,L,INDONESIAN,INDONESIA,26652600,0,26652600,4.5
30-Jun-2026,BIKE,SEPEDA BERSAMA INDONESIA Tbk,PT PENAJAM MAKMUR JAYA,Corporate,L,,INDONESIA,969174700,0,969174700,74.9
30-Jun-2026,BIKE,SEPEDA BERSAMA INDONESIA Tbk,JORA NILAM JUDGE,Individual,L,INDONESIAN,INDONESIA,34653252,0,34653252,2.68
30-Jun-2026,BIKE,SEPEDA BERSAMA INDONESIA Tbk,SENDI,Individual,L,INDONESIAN,INDONESIA,75962140,0,75962140,5.87
30-Jun-2026,BIKE,SEPEDA BERSAMA INDONESIA Tbk,MUHAMMAD SYARIEF HIDAYATULLAH,Individual,L,INDONESIAN,INDONESIA,31053994,0,31053994,2.4
30-Jun-2026,BIKE,SEPEDA BERSAMA INDONESIA Tbk,MUHAMMAD SULTHAN ALHAKIM,Individual,L,INDONESIAN,INDONESIA,34935743,0,34935743,2.7
30-Jun-2026,BIMA,PRIMARINDO ASIA INFRASTRUCTURE Tbk,GOLDEN LESTARI PT,Corporate,L,,,10000000,516475716,526475716,86.57
30-Jun-2026,BIMA,PRIMARINDO ASIA INFRASTRUCTURE Tbk,PT MAGMUS TEKNOLOGI NUSANTARA,Firm,L,,INDONESIA,6876400,0,6876400,1.13
30-Jun-2026,BIMA,PRIMARINDO ASIA INFRASTRUCTURE Tbk,"USAHA BERSAMA SEKURITAS, PT",Securities Company,L,,INDONESIA,15916200,0,15916200,2.62
30-Jun-2026,BINA,BANK INA PERDANA Tbk,PT PHILADEL TERRA LESTARI,Corporate,L,,INDONESIA,77214500,0,77214500,1.26
30-Jun-2026,BINA,BANK INA PERDANA Tbk,PT GAYA HIDUP MASA KINI,Corporate,L,,INDONESIA,726190057,0,726190057,11.84
30-Jun-2026,BINA,BANK INA PERDANA Tbk,PT. Samudra Biru,Corporate,L,,INDONESIA,1114213066,0,1114213066,18.16
30-Jun-2026,BINA,BANK INA PERDANA Tbk,21 INTERNATIONAL VENTURE SPC,Private Equity,F,,CAYMAN ISLANDS,141895000,0,141895000,2.31
30-Jun-2026,BINA,BANK INA PERDANA Tbk,DBS BANK LTD.,Bank,F,,SINGAPORE,593387750,0,593387750,9.67
30-Jun-2026,BINA,BANK INA PERDANA Tbk,PT Indolife Pensiontama,Insurance,L,,INDONESIA,1339483685,61347167,1400830852,22.83
30-Jun-2026,BINA,BANK INA PERDANA Tbk,PT ASURANSI CENTRAL ASIA,Insurance,L,,INDONESIA,78968800,0,78968800,1.29
30-Jun-2026,BINA,BANK INA PERDANA Tbk,PT ASURANSI JIWA CENTRAL ASIA RAYA,Insurance,L,,INDONESIA,447677700,0,447677700,7.3
30-Jun-2026,BINA,BANK INA PERDANA Tbk,PT TRIMEGAH SEKURITAS INDONESIA TBK,Securities Company,L,,INDONESIA,200000000,0,200000000,3.26
30-Jun-2026,BINA,BANK INA PERDANA Tbk,UOB KAY HIAN PTE LTD,Securities Company,F,,SINGAPORE,1034416550,0,1034416550,16.86
30-Jun-2026,BINO,PERMA PLASINDO Tbk,PT INTAN PARIWARA,Corporate,L,,INDONESIA,174000000,0,174000000,7.65
30-Jun-2026,BINO,PERMA PLASINDO Tbk,RUHONG HOLDING PTE LTD,Firm,F,,SINGAPORE,1949465800,0,1949465800,85.68
30-Jun-2026,BIPI,ASTRINDO NUSANTARA INFRASTRUKTUR Tbk,PT SOLUSI KARYA SUKSES,Corporate,L,,INDONESIA,904199711,0,904199711,1.42
30-Jun-2026,BIPI,ASTRINDO NUSANTARA INFRASTRUKTUR Tbk,PT BAKRIE CAPITAL INDONESIA,Corporate,L,,INDONESIA,4500000000,0,4500000000,7.06
30-Jun-2026,BIPI,ASTRINDO NUSANTARA INFRASTRUKTUR Tbk,PT DANATAMA KAPITAL INVESTAMA,Corporate,L,,INDONESIA,2588129100,0,2588129100,4.06
30-Jun-2026,BIPI,ASTRINDO NUSANTARA INFRASTRUKTUR Tbk,PT TRUKINDO PERSADA SEJAHTERA,Firm,L,,INDONESIA,2243044800,0,2243044800,3.52
30-Jun-2026,BIPI,ASTRINDO NUSANTARA INFRASTRUKTUR Tbk,PT Indotambang Perkasa,Capital Market Supporting Institutions And Professions,L,,INDONESIA,12352555813,0,12352555813,19.39
30-Jun-2026,BIPI,ASTRINDO NUSANTARA INFRASTRUKTUR Tbk,"BERKAH ALAM ASRI, PT",Corporate,L,,INDONESIA,958313700,0,958313700,1.5
30-Jun-2026,BIPI,ASTRINDO NUSANTARA INFRASTRUKTUR Tbk,"Baskara Timur Kencana, PT",Venture Capital,L,,INDONESIA,666666600,0,666666600,1.05
30-Jun-2026,BIPI,ASTRINDO NUSANTARA INFRASTRUKTUR Tbk,"IMIKO SETIA ABADI, PT",Investment Advisors,L,,INDONESIA,653471200,0,653471200,1.03
30-Jun-2026,BIPI,ASTRINDO NUSANTARA INFRASTRUKTUR Tbk,KINGSWOOD UNION CORPORATION,Private Equity,F,,SINGAPORE,2306155436,0,2306155436,3.62
30-Jun-2026,BIPI,ASTRINDO NUSANTARA INFRASTRUKTUR Tbk,MORGAN STANLEY AND CO INTERNATIONAL PLC,Corporate,F,,UNITED KINGDOM,1266812500,0,1266812500,1.99
30-Jun-2026,BIPI,ASTRINDO NUSANTARA INFRASTRUKTUR Tbk,"ROSEWOOD STRATEGIC INVESTMENT, PTE. LTD.",Private Equity,F,,SINGAPORE,859241400,0,859241400,1.35
30-Jun-2026,BIPI,ASTRINDO NUSANTARA INFRASTRUKTUR Tbk,BARCLAYS CAPITAL SECURITIES LIMITED,Investment Advisors,F,,UNITED KINGDOM,694381300,0,694381300,1.09
30-Jun-2026,BIPI,ASTRINDO NUSANTARA INFRASTRUKTUR Tbk,PT ASURANSI SINAR MAS,Insurance,L,,INDONESIA,743078600,0,743078600,1.17
30-Jun-2026,BIPI,ASTRINDO NUSANTARA INFRASTRUKTUR Tbk,PT ASURANSI SIMAS JIWA,Insurance,L,,INDONESIA,1681578492,0,1681578492,2.64
30-Jun-2026,BIPI,ASTRINDO NUSANTARA INFRASTRUKTUR Tbk,Knight Investments Pte Ltd,Private Equity,F,,MALAYSIA,666666600,0,666666600,1.05
30-Jun-2026,BIPI,ASTRINDO NUSANTARA INFRASTRUKTUR Tbk,INTERVENTURES  CAPITAL PTE. LTD,Corporate,F,,SINGAPORE,2133709000,0,2133709000,3.35
30-Jun-2026,BIPI,ASTRINDO NUSANTARA INFRASTRUKTUR Tbk,PT. KB VALBURY SEKURITAS,Securities Company,L,,INDONESIA,2600000000,0,2600000000,4.08
30-Jun-2026,BIPI,ASTRINDO NUSANTARA INFRASTRUKTUR Tbk,CGS INTERNATIONAL SECURITIES MAURITIUS LTD,Investment Manager,F,,MAURITIUS,8095000000,0,8095000000,12.71
30-Jun-2026,BIPP,BHUWANATALA INDAH PERMAI Tbk,PT. VICTORIA INVESTAMA Tbk,Brokerage Firms,L,,INDONESIA,573267000,0,573267000,11.4
30-Jun-2026,BIPP,BHUWANATALA INDAH PERMAI Tbk,PT. BINTANG MITRA SEMESTARAYA TBK,Corporate,L,,INDONESIA,111850000,0,111850000,2.22
30-Jun-2026,BIPP,BHUWANATALA INDAH PERMAI Tbk,PT INTIDANA WIJAYA,Investment Advisors,L,,INDONESIA,83403000,0,83403000,1.66
30-Jun-2026,BIPP,BHUWANATALA INDAH PERMAI Tbk,PT Prolestari Megapersada,Corporate,L,,INDONESIA,89800000,0,89800000,1.79
30-Jun-2026,BIPP,BHUWANATALA INDAH PERMAI Tbk,SAFIRE CAPITAL PTE.LTD.,Corporate,F,,SINGAPORE,3098530195,0,3098530195,61.62
30-Jun-2026,BIPP,BHUWANATALA INDAH PERMAI Tbk,SUZANNA TANOJO,Individual,L,INDONESIAN,INDONESIA,222383030,0,222383030,4.42
30-Jun-2026,BIPP,BHUWANATALA INDAH PERMAI Tbk,EDDY WIBOWO,Individual,L,INDONESIAN,INDONESIA,69915300,0,69915300,1.39
30-Jun-2026,BIRD,BLUE BIRD Tbk,PT GOTO GOJEK TOKOPEDIA TBK,Corporate,L,,INDONESIA,108207016,0,108207016,4.32
30-Jun-2026,BIRD,BLUE BIRD Tbk,PT. PUSAKA CITRA DJOKOSOETONO,Corporate,L,,INDONESIA,257857979,452000000,709857979,28.37
30-Jun-2026,BIRD,BLUE BIRD Tbk,PURNOMO ENDANG INVESTAMA,Corporate,L,,INDONESIA,32673617,0,32673617,1.31
30-Jun-2026,BIRD,BLUE BIRD Tbk,PURNOMO INVESTAMA,Corporate,L,,INDONESIA,46401800,0,46401800,1.85
30-Jun-2026,BIRD,BLUE BIRD Tbk,PT CHANDRA INVESTAMA,Corporate,L,,INDONESIA,39450000,0,39450000,1.58
30-Jun-2026,BIRD,BLUE BIRD Tbk,SUMITOMO CORPORATION,Corporate,F,,JAPAN,49498305,0,49498305,1.98
30-Jun-2026,BIRD,BLUE BIRD Tbk,KRESNA PRIAWAN DJOKOSOETONO,Individual,L,INDONESIAN,INDONESIA,5605000,149450000,155055000,6.2
30-Jun-2026,BIRD,BLUE BIRD Tbk,HONKY HARJO,Individual,L,INDONESIAN,INDONESIA,26532200,0,26532200,1.06
30-Jun-2026,BIRD,BLUE BIRD Tbk,INDRA PRIAWAN DJOKOSOETONO,Individual,L,INDONESIAN,INDONESIA,150376688,0,150376688,6.01
30-Jun-2026,BIRD,BLUE BIRD Tbk,"SIGIT P DJOKOSOETONO,IR,MBA",Individual,L,INDONESIAN,INDONESIA,4001300,149450000,153451300,6.13
30-Jun-2026,BIRD,BLUE BIRD Tbk,PURNOMO PRAWIRO,Individual,L,INDONESIAN,INDONESIA,115734300,239120000,354854300,14.18
30-Jun-2026,BIRD,BLUE BIRD Tbk,ADRIANTO DJOKOSOETONO,Individual,L,INDONESIAN,INDONESIA,132715816,0,132715816,5.3
30-Jun-2026,BIRD,BLUE BIRD Tbk,NONI SRI AYATI PURNOMO,Individual,L,INDONESIAN,INDONESIA,120810000,0,120810000,4.83
30-Jun-2026,BISI,BISI INTERNATIONAL Tbk,VALLEY INVESTMENT HOLDINGS PTE LTD,,,,,0,190687500,190687500,6.36
30-Jun-2026,BISI,BISI INTERNATIONAL Tbk,AGRINDO PRATAMA PT,Corporate,L,,,0,930000000,930000000,31.0
30-Jun-2026,BISI,BISI INTERNATIONAL Tbk,UNITED OVERSEAS BANK NOMINEES (PRIVATE) LIMITED,Private Bank,F,,SINGAPORE,152683500,0,152683500,5.09
30-Jun-2026,BISI,BISI INTERNATIONAL Tbk,SJ BISI HOLDINGS PTE LTD,Corporate,F,,,0,122250000,122250000,4.08
30-Jun-2026,BISI,BISI INTERNATIONAL Tbk,FIELD INVESTMENT HOLDINGS PTELTD,Corporate,F,,,0,381375000,381375000,12.71
30-Jun-2026,BISI,BISI INTERNATIONAL Tbk,DEUTSCHE BK AG (PRIVATE BANKING) SPORE WM CLIENT,Bank,F,,SINGAPORE,146300000,0,146300000,4.88
30-Jun-2026,BISI,BISI INTERNATIONAL Tbk,CITIBANK N.A.,Private Bank,F,,SINGAPORE,147500000,0,147500000,4.92
30-Jun-2026,BISI,BISI INTERNATIONAL Tbk,LGT BANK AG,Private Bank,F,,LIECHTENSTEIN,139358500,0,139358500,4.65
30-Jun-2026,BISI,BISI INTERNATIONAL Tbk,UBS AG SINGAPORE BRANCH,Private Bank,F,,SINGAPORE,158977000,0,158977000,5.3
30-Jun-2026,BISI,BISI INTERNATIONAL Tbk,RBC SINGAPORE - CLIENTS A/C,Private Bank,F,,SINGAPORE,110419500,0,110419500,3.68
30-Jun-2026,BISI,BISI INTERNATIONAL Tbk,UBS AG HONGKONG,Private Bank,F,,HONG KONG,62119500,0,62119500,2.07
30-Jun-2026,BISI,BISI INTERNATIONAL Tbk,HEYOKHA MASTER,Hedge Fund,F,,CAYMAN ISLANDS,57567100,0,57567100,1.92
30-Jun-2026,BISI,BISI INTERNATIONAL Tbk,HEYOKHA MAGNA MATER,Private Equity,F,,CAYMAN ISLANDS,33200000,0,33200000,1.11
30-Jun-2026,BISI,BISI INTERNATIONAL Tbk,UOB KAY HIAN PTE LTD,Securities Company,F,,SINGAPORE,44144100,0,44144100,1.47
30-Jun-2026,BJBR,BANK JABAR BANTEN Tbk,PEMDA PROVINSI JAWA BARAT,,,,,0,4053172595,4053172595,38.52
30-Jun-2026,BJBR,BANK JABAR BANTEN Tbk,PEMDA PROVINSI BANTEN,,,,,0,520589856,520589856,4.95
30-Jun-2026,BJBR,BANK JABAR BANTEN Tbk,PEMDA KOTA BANDUNG,,,,,0,124048575,124048575,1.18
30-Jun-2026,BJBR,BANK JABAR BANTEN Tbk,PEMDA KOTA TANGERANG,,,,,0,133799152,133799152,1.27
30-Jun-2026,BJBR,BANK JABAR BANTEN Tbk,PEMDA KABUPATEN BANDUNG,,,,,0,761921189,761921189,7.24
30-Jun-2026,BJBR,BANK JABAR BANTEN Tbk,PEMDA KABUPATEN BOGOR,,,,,0,216575147,216575147,2.06
30-Jun-2026,BJBR,BANK JABAR BANTEN Tbk,PEMDA KABUPATEN PANDEGLANG,,,,,0,110162524,110162524,1.05
30-Jun-2026,BJBR,BANK JABAR BANTEN Tbk,PEMDA KABUPATEN SERANG,,,,,0,161424407,161424407,1.53
30-Jun-2026,BJBR,BANK JABAR BANTEN Tbk,PEMDA KABUPATEN TANGERANG,,,,,0,309379471,309379471,2.94
30-Jun-2026,BJBR,BANK JABAR BANTEN Tbk,PEMDA KABUPATEN TASIKMALAYA,,,,,0,140916899,140916899,1.34
30-Jun-2026,BJBR,BANK JABAR BANTEN Tbk,PEMDA KOTA CIMAHI,,,,,0,111215958,111215958,1.06
30-Jun-2026,BJBR,BANK JABAR BANTEN Tbk,PT TASPEN (PERSERO),State Owned Enterprises,L,,INDONESIA,201734100,0,201734100,1.92
30-Jun-2026,BJBR,BANK JABAR BANTEN Tbk,PT. ASURANSI JIWA IFG,Insurance,L,,INDONESIA,331665400,0,331665400,3.15
30-Jun-2026,BJBR,BANK JABAR BANTEN Tbk,PERUSAHAAN PERSEROAN (PERSERO) PT ASABRI,State Owned Enterprises,L,,INDONESIA,429468900,0,429468900,4.08
30-Jun-2026,BJTM,BANK PEMBANGUNAN DAERAH JAWA TIMUR Tbk,PEMDA TINGKAT I PROVINSI JAWA TIMUR,,,,,0,7676913648,7676913648,51.13
30-Jun-2026,BJTM,BANK PEMBANGUNAN DAERAH JAWA TIMUR Tbk,PEMDA TINGKAT II KOTA SURABAYA,,,,,0,319243457,319243457,2.13
30-Jun-2026,BJTM,BANK PEMBANGUNAN DAERAH JAWA TIMUR Tbk,PEMDA TINGKAT II KABUPATEN GRESIK,,,,,0,220213170,220213170,1.47
30-Jun-2026,BJTM,BANK PEMBANGUNAN DAERAH JAWA TIMUR Tbk,PEMDA TINGKAT II KABUPATEN MALANG,,,,,0,253635445,253635445,1.69
30-Jun-2026,BJTM,BANK PEMBANGUNAN DAERAH JAWA TIMUR Tbk,PEMDA TINGKAT II KABUPATEN BOJONEGORO,,,,,0,300288632,300288632,2.0
30-Jun-2026,BJTM,BANK PEMBANGUNAN DAERAH JAWA TIMUR Tbk,PEMDA TINGKAT II KABUPATEN BANYUWANGI,,,,,0,270036117,270036117,1.8
30-Jun-2026,BJTM,BANK PEMBANGUNAN DAERAH JAWA TIMUR Tbk,PEMDA TINGKAT II KABUPATEN TUBAN,,,,,0,217418404,217418404,1.45
30-Jun-2026,BJTM,BANK PEMBANGUNAN DAERAH JAWA TIMUR Tbk,PEMDA TINGKAT II KABUPATEN NGAWI,,,,,0,215763995,215763995,1.44
30-Jun-2026,BJTM,BANK PEMBANGUNAN DAERAH JAWA TIMUR Tbk,PEMDA TINGKAT II KABUPATEN SIDOARJO,,,,,0,370155850,370155850,2.47
30-Jun-2026,BJTM,BANK PEMBANGUNAN DAERAH JAWA TIMUR Tbk,PT TASPEN (PERSERO),State Owned Enterprises,L,,INDONESIA,414504700,0,414504700,2.76
30-Jun-2026,BKDP,BUKIT DARMO PROPERTY Tbk,ADHIBALADIKA AGUNG,Corporate,L,,INDONESIA,110425600,0,110425600,1.47
30-Jun-2026,BKDP,BUKIT DARMO PROPERTY Tbk,"PRIMANTARA WISESA SEJAHTERA ,PT",Corporate,L,,INDONESIA,2461554500,0,2461554500,32.76
30-Jun-2026,BKDP,BUKIT DARMO PROPERTY Tbk,"ADHIBALARAJA, PT.",Corporate,L,,,0,2600000000,2600000000,34.6
30-Jun-2026,BKDP,BUKIT DARMO PROPERTY Tbk,LEOTINE IERMA AGUSTINA.S,Individual,L,INDONESIAN,INDONESIA,294181167,0,294181167,3.92
30-Jun-2026,BKDP,BUKIT DARMO PROPERTY Tbk,HENDRO SUMAMPOW,Individual,L,INDONESIAN,INDONESIA,23500000,600000000,623500000,8.3
30-Jun-2026,BKDP,BUKIT DARMO PROPERTY Tbk,IEVAN DANIAR SUMAMPOW,Individual,L,INDONESIAN,INDONESIA,344181167,0,344181167,4.58
30-Jun-2026,BKDP,BUKIT DARMO PROPERTY Tbk,IEFENN ADRIANNE SUMAMPOW,Individual,L,INDONESIAN,INDONESIA,294181167,0,294181167,3.92
30-Jun-2026,BKDP,BUKIT DARMO PROPERTY Tbk,J WAHYOEDI HIDAYAT,Individual,L,INDONESIAN,INDONESIA,215052600,0,215052600,2.86
30-Jun-2026,BKDP,BUKIT DARMO PROPERTY Tbk,ENDANG LESTARI PUJIASTUTI,Individual,L,INDONESIAN,INDONESIA,143449332,0,143449332,1.91
30-Jun-2026,BKSL,SENTUL CITY Tbk,PT SAKTI GENERASI PERDANA,Corporate,L,,INDONESIA,52471755460,56990344365,109462099825,65.27
30-Jun-2026,BKSL,SENTUL CITY Tbk,BUKIT WAHANA GEMILANG PT,Corporate,L,,INDONESIA,3601214800,0,3601214800,2.15
30-Jun-2026,BKSL,SENTUL CITY Tbk,HJ MEGAWATI TAUFIQ,Individual,L,INDONESIAN,INDONESIA,1899400000,0,1899400000,1.13
30-Jun-2026,BKSL,SENTUL CITY Tbk,STELLA ISABELLA DJOHAN,Individual,L,INDONESIAN,INDONESIA,2979277812,8256000000,11235277812,6.7
30-Jun-2026,BKSL,SENTUL CITY Tbk,GOVERNMENT OF NORWAY,Sovereign Wealth Fund,F,,NORWAY,1992840700,0,1992840700,1.19
30-Jun-2026,BKSL,SENTUL CITY Tbk,PT SAMUEL SEKURITAS INDONESIA,Securities Company,L,,INDONESIA,9478984654,0,9478984654,5.65
30-Jun-2026,BKSW,BANK QNB INDONESIA Tbk,QATAR NATIONAL BANK Q.P.S.C.,Bank,F,,QATAR,32195726062,0,32195726062,91.57
30-Jun-2026,BKSW,BANK QNB INDONESIA Tbk,PT. KAY HIAN SEKURITAS,Securities Company,L,,INDONESIA,16,351580484,351580500,1.0
30-Jun-2026,BKSW,BANK QNB INDONESIA Tbk,UOB KAY HIAN PTE LTD,Securities Company,F,,SINGAPORE,1074578377,0,1074578377,3.06
30-Jun-2026,BLES,SUPERIOR PRIMA SUKSES Tbk,PT TATA UTAMA GEMILANG,Corporate,L,,,0,2640000000,2640000000,29.7
30-Jun-2026,BLES,SUPERIOR PRIMA SUKSES Tbk,"TANCORP INVESTAMA MULIA, PT",Venture Capital,L,,INDONESIA,760000000,845000000,1605000000,18.05
30-Jun-2026,BLES,SUPERIOR PRIMA SUKSES Tbk,PT GLOBAL BASE UNIVERSAL,Corporate,L,,,0,3630000000,3630000000,40.83
30-Jun-2026,BLES,SUPERIOR PRIMA SUKSES Tbk,DERMAWAN SUPARSONO,Individual,L,INDONESIAN,INDONESIAN,0,132000000,132000000,1.48
30-Jun-2026,BLES,SUPERIOR PRIMA SUKSES Tbk,"LIAUW, BILLY LAW",Individual,L,INDONESIAN,INDONESIAN,0,198000000,198000000,2.23
30-Jun-2026,BLOG,TRIMITRA TRANS PERSADA Tbk,PT DUA MITRA INTI SELARAS,Corporate,L,,INDONESIA,985683750,0,985683750,29.17
30-Jun-2026,BLOG,TRIMITRA TRANS PERSADA Tbk,PT WIRAGUNA SEJAHTERA ABADI,Corporate,L,,INDONESIA,112649570,0,112649570,3.33
30-Jun-2026,BLOG,TRIMITRA TRANS PERSADA Tbk,"AMANDA CIPTA PERSADA, PT",Corporate,L,,INDONESIA,70000000,0,70000000,2.07
30-Jun-2026,BLOG,TRIMITRA TRANS PERSADA Tbk,PT CAKRAWALA MULIA PRIMA,Corporate,L,,INDONESIA,66662400,0,66662400,1.97
30-Jun-2026,BLOG,TRIMITRA TRANS PERSADA Tbk,SIGMANTARA ALFINDO,Corporate,L,,INDONESIA,1717905980,0,1717905980,50.83
30-Jun-2026,BLOG,TRIMITRA TRANS PERSADA Tbk,SURONO SUBEKTI,Individual,L,INDONESIAN,INDONESIA,52895300,0,52895300,1.57
30-Jun-2026,BLOG,TRIMITRA TRANS PERSADA Tbk,EVI  ANITA,Individual,L,INDONESIAN,INDONESIA,100000000,0,100000000,2.96
30-Jun-2026,BLTA,BERLIAN LAJU TANKER Tbk,SEMINYAK AS,,,,,0,395507735,395507735,1.57
30-Jun-2026,BLTA,BERLIAN LAJU TANKER Tbk,DEUTSCHE BANK,,,,,0,632687149,632687149,2.51
30-Jun-2026,BLTA,BERLIAN LAJU TANKER Tbk,"ELANG MEGAH INTI, PT",,,,,0,2366547505,2366547505,9.4
30-Jun-2026,BLTA,BERLIAN LAJU TANKER Tbk,PELAYARAN PRESISI PERKASA PT,Corporate,L,,INDONESIA,424583683,0,424583683,1.69
30-Jun-2026,BLTA,BERLIAN LAJU TANKER Tbk,"Tunggaladhi Baskara, PT",Corporate,L,,INDONESIA,4383489018,0,4383489018,17.41
30-Jun-2026,BLTA,BERLIAN LAJU TANKER Tbk,PACBLUE PTE LTD,Corporate,F,,SINGAPORE,424513683,0,424513683,1.69
30-Jun-2026,BLTA,BERLIAN LAJU TANKER Tbk,BOREAL LIMITED,Corporate,F,,HONG KONG,823034328,0,823034328,3.27
30-Jun-2026,BLTA,BERLIAN LAJU TANKER Tbk,GENERIS-D HOLDINGS PTE. LTD,Corporate,F,,SINGAPORE,786010349,0,786010349,3.12
30-Jun-2026,BLTA,BERLIAN LAJU TANKER Tbk,BANK OF SINGAPORE LIMITED,Private Bank,F,,SINGAPORE,354345996,0,354345996,1.41
30-Jun-2026,BLTA,BERLIAN LAJU TANKER Tbk,BANQUE DE LUXEMBOURG - CLIENT ACCOUNT,Private Bank,F,,LUXEMBOURG,823407384,0,823407384,3.27
30-Jun-2026,BLTA,BERLIAN LAJU TANKER Tbk,SUGIMAN LAYANTO,Individual,L,INDONESIAN,INDONESIA,411262200,0,411262200,1.63
30-Jun-2026,BLTA,BERLIAN LAJU TANKER Tbk,BAMBANG SIHONO,Individual,L,INDONESIAN,INDONESIA,1105609300,0,1105609300,4.39
30-Jun-2026,BLTA,BERLIAN LAJU TANKER Tbk,HAIYANTO,Individual,L,INDONESIAN,INDONESIA,371508900,0,371508900,1.48
30-Jun-2026,BLTA,BERLIAN LAJU TANKER Tbk,REKSA DANA PANIN DANA MAKSIMA,Mutual Funds,L,,INDONESIA,470833500,0,470833500,1.87
30-Jun-2026,BLTA,BERLIAN LAJU TANKER Tbk,Resources Fortune LTD,Partnership,F,,BRITISH INDIAN OCEAN TERRITORY,955155787,0,955155787,3.79
30-Jun-2026,BLTZ,GRAHA LAYAR PRIMA Tbk,NAINSOOK INVESTMENTS LTD,Corporate,F,,CAYMAN ISLANDS,34957486,0,34957486,4.0
30-Jun-2026,BLTZ,GRAHA LAYAR PRIMA Tbk,TOPE CAPITAL LTD,Corporate,F,,CAYMAN ISLANDS,37203432,0,37203432,4.26
30-Jun-2026,BLTZ,GRAHA LAYAR PRIMA Tbk,COREE CAPITAL LIMITED,Corporate,F,,SINGAPORE,349574856,0,349574856,40.0
30-Jun-2026,BLTZ,GRAHA LAYAR PRIMA Tbk,CGI HOLDINGS LIMITED,Partnership,F,,HONG KONG,445708436,0,445708436,51.0
30-Jun-2026,BLUE,BERKAH PRIMA PERKASA Tbk,PT CETAK BIRU KAPITAL,Corporate,L,,INDONESIA,117943900,0,117943900,28.22
30-Jun-2026,BLUE,BERKAH PRIMA PERKASA Tbk,SIEK AGUNG GUNTORO,Individual,L,INDONESIAN,INDONESIA,75000000,0,75000000,17.94
30-Jun-2026,BLUE,BERKAH PRIMA PERKASA Tbk,FADJAR TASRIF,Individual,L,INDONESIAN,INDONESIA,42500000,0,42500000,10.17
30-Jun-2026,BLUE,BERKAH PRIMA PERKASA Tbk,HERMAN TANSRI,Individual,L,INDONESIAN,INDONESIA,102500000,0,102500000,24.52
30-Jun-2026,BLUE,BERKAH PRIMA PERKASA Tbk,RUDY TASRIF,Individual,L,INDONESIAN,INDONESIA,30000000,0,30000000,7.18
30-Jun-2026,BLUE,BERKAH PRIMA PERKASA Tbk,PT. INDO CAPITAL SEKURITAS,Securities Company,L,,INDONESIA,17799500,0,17799500,4.26
30-Jun-2026,BMAS,BANK MASPION INDONESIA Tbk,PT MASPION,Corporate,L,,INDONESIA,644458115,0,644458115,3.56
30-Jun-2026,BMAS,BANK MASPION INDONESIA Tbk,PT KASIKORN VISION FINANCIAL INDONESIA,Corporate,L,,INDONESIA,181026624,0,181026624,1.0
30-Jun-2026,BMAS,BANK MASPION INDONESIA Tbk,PT ALIM INVESTINDO,Corporate,L,,INDONESIA,887030453,0,887030453,4.9
30-Jun-2026,BMAS,BANK MASPION INDONESIA Tbk,KASIKORN VISION FINANCIAL COMPANY PTE LTD,Corporate,F,,SINGAPORE,15574208968,0,15574208968,86.03
30-Jun-2026,BMAS,BANK MASPION INDONESIA Tbk,KASIKORNBANK PUBLIC COMPANY LIMITED,Bank,F,,THAILAND,443901808,0,443901808,2.45
30-Jun-2026,BMBL,LAVENDER BINA CENDIKIA Tbk,PT. AMMAR AL AMANAH,Corporate,L,,INDONESIA,258750000,0,258750000,25.12
30-Jun-2026,BMBL,LAVENDER BINA CENDIKIA Tbk,PT SENTRA INVESTA MAKSIMA,Private Equity,L,,INDONESIA,6483000,86250000,92733000,9.0
30-Jun-2026,BMBL,LAVENDER BINA CENDIKIA Tbk,AULIA FIRDAUS,Individual,L,INDONESIAN,INDONESIA,78750000,0,78750000,7.65
30-Jun-2026,BMBL,LAVENDER BINA CENDIKIA Tbk,SARI YANTO,Individual,L,INDONESIAN,INDONESIA,12800000,0,12800000,1.24
30-Jun-2026,BMBL,LAVENDER BINA CENDIKIA Tbk,RADIUS ERWIN DA SILVA S. KOM,Individual,L,INDONESIAN,INDONESIA,23451000,0,23451000,2.28
30-Jun-2026,BMBL,LAVENDER BINA CENDIKIA Tbk,HAIYANTO,Individual,L,INDONESIAN,INDONESIA,43517600,0,43517600,4.22
30-Jun-2026,BMBL,LAVENDER BINA CENDIKIA Tbk,RISDIYANTO KURNIAWAN,Individual,L,INDONESIAN,INDONESIA,15462500,0,15462500,1.5
30-Jun-2026,BMBL,LAVENDER BINA CENDIKIA Tbk,BARTO HENDRICHO SIBURIAN,Individual,L,INDONESIAN,INDONESIA,27469300,0,27469300,2.67
30-Jun-2026,BMBL,LAVENDER BINA CENDIKIA Tbk,GALIH PANDEKAR,Individual,L,INDONESIAN,INDONESIA,50000000,46250000,96250000,9.34
30-Jun-2026,BMBL,LAVENDER BINA CENDIKIA Tbk,EDDY,Individual,L,INDONESIAN,INDONESIA,22988900,0,22988900,2.23
30-Jun-2026,BMHS,BUNDAMEDIK Tbk,PT. BUNDA INVESTAMA INDONESIA,Private Equity,L,,INDONESIA,4935430900,0,4935430900,57.37
30-Jun-2026,BMHS,BUNDAMEDIK Tbk,UNITED OVERSEAS BANK NOMINEES (PRIVATE) LIMITED,Private Bank,F,,SINGAPORE,107933100,0,107933100,1.25
30-Jun-2026,BMHS,BUNDAMEDIK Tbk,AKASYA INVESTMENTS LIMITED,Investment Advisors,F,,HONG KONG,421416176,0,421416176,4.9
30-Jun-2026,BMHS,BUNDAMEDIK Tbk,ARCADIA HEALING LTD,Firm,F,,CAYMAN ISLANDS,292397700,0,292397700,3.4
30-Jun-2026,BMHS,BUNDAMEDIK Tbk,MULBERRY CAPITAL LIMITED,Investment Advisors,F,,HONG KONG,318713500,0,318713500,3.7
30-Jun-2026,BMHS,BUNDAMEDIK Tbk,BANK OF SINGAPORE LIMITED,Private Bank,F,,SINGAPORE,141175400,0,141175400,1.64
30-Jun-2026,BMHS,BUNDAMEDIK Tbk,LILY SOEPARDIMAN,Individual,L,INDONESIAN,INDONESIA,100000000,0,100000000,1.16
30-Jun-2026,BMHS,BUNDAMEDIK Tbk,ivan rizal sini,Individual,L,INDONESIAN,INDONESIA,278600000,0,278600000,3.24
30-Jun-2026,BMHS,BUNDAMEDIK Tbk,IR.MESHA RIZAL SINI,Individual,L,INDONESIAN,INDONESIA,278600000,0,278600000,3.24
30-Jun-2026,BMHS,BUNDAMEDIK Tbk,RENOBULAN RIZAL SINI SUHEIMI,Individual,L,INDONESIAN,INDONESIA,207786000,0,207786000,2.42
30-Jun-2026,BMHS,BUNDAMEDIK Tbk,IETJE IKA S RIZAL SINI,Individual,L,INDONESIAN,INDONESIA,157865000,0,157865000,1.83
30-Jun-2026,BMHS,BUNDAMEDIK Tbk,RITO ALAM RIZAL SINI,Individual,L,INDONESIAN,INDONESIA,278602400,0,278602400,3.24
30-Jun-2026,BMRI,BANK MANDIRI ( PERSERO ) Tbk,PERUSAHAAN PERSEROAN (PERSERO) PT DANANTARA ASSET MANAGEMENT,Corporate,L,,,0,48048000001,48048000001,51.48
30-Jun-2026,BMRI,BANK MANDIRI ( PERSERO ) Tbk,DJS KETENAGAKERJAAN PROGRAM JAMINAN HARI TUA,State Owned Enterprises,L,,INDONESIA,1242240824,0,1242240824,1.33
30-Jun-2026,BMRI,BANK MANDIRI ( PERSERO ) Tbk,INDONESIA INVESTMENT AUTHORITY,Sovereign Wealth Fund,L,,INDONESIA,7466666666,0,7466666666,8.0
30-Jun-2026,BMRI,BANK MANDIRI ( PERSERO ) Tbk,EMPLOYEES PROVIDENT FUND BOARD,Pension Funds,F,,MALAYSIA,1172847600,0,1172847600,1.26
30-Jun-2026,BMSR,BINTANG MITRA SEMESTARAYA Tbk,PT. VICTORIA INVESTAMA Tbk,Brokerage Firms,L,,INDONESIA,33368800,0,33368800,2.88
30-Jun-2026,BMSR,BINTANG MITRA SEMESTARAYA Tbk,"PANINVEST TBK, PT",Private Equity,L,,INDONESIA,52000000,0,52000000,4.49
30-Jun-2026,BMSR,BINTANG MITRA SEMESTARAYA Tbk,PT Prolestari Megapersada,Corporate,L,,INDONESIA,21811600,0,21811600,1.88
30-Jun-2026,BMSR,BINTANG MITRA SEMESTARAYA Tbk,PEAK CHALLENGE HOLDINGS LIMITED,Corporate,F,,"VIRGIN ISLANDS, BRITISH",50000000,0,50000000,4.31
30-Jun-2026,BMSR,BINTANG MITRA SEMESTARAYA Tbk,Chance Stand Finance Limited,Corporate,F,,"VIRGIN ISLANDS, BRITISH",685199832,0,685199832,59.11
30-Jun-2026,BMSR,BINTANG MITRA SEMESTARAYA Tbk,Chemical Asia Corporation PTE. LTD.,Firm,F,,SINGAPORE,55743000,0,55743000,4.81
30-Jun-2026,BMSR,BINTANG MITRA SEMESTARAYA Tbk,SUZANNA TANOJO,Individual,L,INDONESIAN,INDONESIA,41057500,0,41057500,3.54
30-Jun-2026,BMSR,BINTANG MITRA SEMESTARAYA Tbk,TRANS-UNIVERSAL HOLDINGS LTD,Corporate,F,,"VIRGIN ISLANDS, BRITISH",50642500,0,50642500,4.37
30-Jun-2026,BMSR,BINTANG MITRA SEMESTARAYA Tbk,DANA PENSIUN KARYAWAN PANIN BANK,Pension Funds,L,,INDONESIA,37150000,0,37150000,3.2
30-Jun-2026,BMSR,BINTANG MITRA SEMESTARAYA Tbk,PT VICTORIA SEKURITAS INDONESIA,Securities Company,L,,INDONESIA,12269600,0,12269600,1.06
30-Jun-2026,BMTR,GLOBAL MEDIACOM Tbk,JABAR INDAH PROPERTINDO PT,Sole Proprietorship,L,,INDONESIA,260210900,0,260210900,1.57
30-Jun-2026,BMTR,GLOBAL MEDIACOM Tbk,PT RIZKI BUKIT ABADI,Corporate,L,,INDONESIA,429700700,0,429700700,2.59
30-Jun-2026,BMTR,GLOBAL MEDIACOM Tbk,PT. GLOBAL TRANSPORT SERVICES,Corporate,L,,INDONESIA,177688700,0,177688700,1.07
30-Jun-2026,BMTR,GLOBAL MEDIACOM Tbk,PT MNC KAPITAL INDONESIA TBK,Investment Advisors,L,,INDONESIA,336862800,0,336862800,2.03
30-Jun-2026,BMTR,GLOBAL MEDIACOM Tbk,PT GLOBAL MEDIACOM TBK,Corporate,L,,INDONESIA,231485500,0,231485500,1.4
30-Jun-2026,BMTR,GLOBAL MEDIACOM Tbk,PT MNC ASIA HOLDING TBK,Corporate,L,,INDONESIA,5691534300,0,5691534300,34.32
30-Jun-2026,BMTR,GLOBAL MEDIACOM Tbk,BHAKTI INVESTAMA INTERNATIONAL LTD,Investment Advisors,F,,UNITED ARAB EMIRATES,170901600,0,170901600,1.03
30-Jun-2026,BMTR,GLOBAL MEDIACOM Tbk,LGT BANK AG,Private Bank,F,,LIECHTENSTEIN,185502000,0,185502000,1.12
30-Jun-2026,BMTR,GLOBAL MEDIACOM Tbk,WIDAYANTI DARMAWAN,Individual,L,INDONESIAN,INDONESIA,203148100,0,203148100,1.22
30-Jun-2026,BMTR,GLOBAL MEDIACOM Tbk,EFENDI,Individual,L,INDONESIAN,INDONESIA,183303100,0,183303100,1.11
30-Jun-2026,BMTR,GLOBAL MEDIACOM Tbk,DRS LO KHENG HONG,Individual,L,INDONESIAN,INDONESIA,1067633500,0,1067633500,6.44
30-Jun-2026,BMTR,GLOBAL MEDIACOM Tbk,HAMCO SICAV - GLOBAL VALUE FUND,Mutual Funds,F,,LUXEMBOURG,320231300,0,320231300,1.93
30-Jun-2026,BMTR,GLOBAL MEDIACOM Tbk,RELIANCEVER HOLDINGS INC,Corporate,F,,"VIRGIN ISLANDS, BRITISH",168191887,0,168191887,1.01
30-Jun-2026,BMTR,GLOBAL MEDIACOM Tbk,PT MAYBANK SEKURITAS INDONESIA - REGISTRAR,Securities Company,L,,INDONESIA,679206700,0,679206700,4.1
30-Jun-2026,BNBA,BANK BUMI ARTA Tbk,SURYA HUSADA INVESTMENT PT,,,,,0,1000396641,1000396641,29.53
30-Jun-2026,BNBA,BANK BUMI ARTA Tbk,DANA GRAHA AGUNG PT,,,,,0,600237984,600237984,17.72
30-Jun-2026,BNBA,BANK BUMI ARTA Tbk,PT TAKJUB FINANSIAL TEKNOLOGI,Corporate,L,,INDONESIA,1133440000,0,1133440000,33.45
30-Jun-2026,BNBA,BANK BUMI ARTA Tbk,BUDIMAN KENCANA LESTARI,Corporate,L,,INDONESIA,0,370982305,370982305,10.95
30-Jun-2026,BNBR,BAKRIE AND BROTHERS Tbk,Port Fraser International Ltd,,,,,0,32436009211,32436009211,18.7
30-Jun-2026,BNBR,BAKRIE AND BROTHERS Tbk,FOUNTAIN CITY INVESTMENT LTD,,,,,0,38445133000,38445133000,22.17
30-Jun-2026,BNBR,BAKRIE AND BROTHERS Tbk,Eurofa Capital Investment Inc,,,,,0,11718750000,11718750000,6.76
30-Jun-2026,BNBR,BAKRIE AND BROTHERS Tbk,LEVOCA ENTERPRISE LTD,,,,,0,23898722798,23898722798,13.78
30-Jun-2026,BNBR,BAKRIE AND BROTHERS Tbk,INVESTISSEMENT U.T.C.S.A,,,,,0,5070180100,5070180100,2.92
30-Jun-2026,BNBR,BAKRIE AND BROTHERS Tbk,LEGACY TIMES INTERNATIONAL LIMITED,,,,,0,8000000000,8000000000,4.61
30-Jun-2026,BNBR,BAKRIE AND BROTHERS Tbk,GRAND MARVEL INVESTMENT CORPORATION,,,,,0,8000000000,8000000000,4.61
30-Jun-2026,BNBR,BAKRIE AND BROTHERS Tbk,PT. PRIMA ELOK MAKMUR,Corporate,L,,INDONESIA,2563587032,0,2563587032,1.48
30-Jun-2026,BNBR,BAKRIE AND BROTHERS Tbk,PT PRODIGY ENERGY RESOURCES,Corporate,L,,INDONESIA,5250000000,0,5250000000,3.03
30-Jun-2026,BNBR,BAKRIE AND BROTHERS Tbk,DMS INVESTAMA PT,Corporate,L,,INDONESIA,6244966680,0,6244966680,3.6
30-Jun-2026,BNBR,BAKRIE AND BROTHERS Tbk,PT BIOFUEL INDO SUMATRA,Corporate,L,,INDONESIA,2226535200,0,2226535200,1.28
30-Jun-2026,BNBR,BAKRIE AND BROTHERS Tbk,PORT FRASER INTERNATIONAL LTD,Investment Advisors,F,,MARSHALL ISLANDS,6421768706,0,6421768706,3.7
30-Jun-2026,BNBR,BAKRIE AND BROTHERS Tbk,PT TRIMEGAH SEKURITAS INDONESIA TBK,Securities Company,L,,INDONESIA,1968600356,0,1968600356,1.14
30-Jun-2026,BNGA,BANK CIMB NIAGA Tbk,PT COMMERCE KAPITAL,,,,,0,255399748,255399748,1.02
30-Jun-2026,BNGA,BANK CIMB NIAGA Tbk,CIMB GROUP SDN BHD,Bank,F,,MALAYSIA,22991336581,0,22991336581,91.45
30-Jun-2026,BNII,BANK MAYBANK INDONESIA Tbk,PT PROSPERINDO,Corporate,L,,INDONESIA,0,940513633,940513633,1.23
30-Jun-2026,BNII,BANK MAYBANK INDONESIA Tbk,MULTI DYNAMIC FUND,Private Bank,F,,SINGAPORE,3650000000,0,3650000000,4.79
30-Jun-2026,BNII,BANK MAYBANK INDONESIA Tbk,VITAL SOLUTION FUND,Private Bank,F,,SINGAPORE,6653168749,0,6653168749,8.73
30-Jun-2026,BNII,BANK MAYBANK INDONESIA Tbk,GLOBAL AGILITY FUND,Private Bank,F,,SINGAPORE,3650000000,0,3650000000,4.79
30-Jun-2026,BNII,BANK MAYBANK INDONESIA Tbk,SORAK FINANCIAL HOLDINGS PTE LTD,Corporate,F,,,0,34312479550,34312479550,45.02
30-Jun-2026,BNII,BANK MAYBANK INDONESIA Tbk,MAYBANK OFFSHORE CORPORATE SERVICES,Corporate,F,,,0,25882393996,25882393996,33.96
30-Jun-2026,BNLI,BANK PERMATA Tbk,BARCLAYS CAPITAL SECURITIES LIMITED,Investment Advisors,F,,UNITED KINGDOM,1726423568,0,1726423568,4.77
30-Jun-2026,BNLI,BANK PERMATA Tbk,BANGKOK BANK PUBLIC COMPANY LIMITED,Bank,F,,THAILAND,32244827604,0,32244827604,89.12
30-Jun-2026,BNLI,BANK PERMATA Tbk,PT. ASURANSI JIWA SEQUIS LIFE,Insurance,L,,INDONESIA,10,361813733,361813743,1.0
30-Jun-2026,BNLI,BANK PERMATA Tbk,CITIGROUP GLOBAL MARKETS LIMITED,Investment Manager,F,,UNITED KINGDOM,1743941529,0,1743941529,4.82
30-Jun-2026,BOAT,NEWPORT MARINE SERVICES Tbk,PT AKSARA MAJU UTAMA,Corporate,L,,INDONESIA,136688600,0,136688600,3.9
30-Jun-2026,BOAT,NEWPORT MARINE SERVICES Tbk,PT BERSAMA WEALTH MANAJEMEN,Corporate,L,,INDONESIA,172000000,0,172000000,4.91
30-Jun-2026,BOAT,NEWPORT MARINE SERVICES Tbk,DHARMAWATI DJUHANA,Individual,L,INDONESIAN,INDONESIA,750400000,0,750400000,21.43
30-Jun-2026,BOAT,NEWPORT MARINE SERVICES Tbk,SUGIMAN HALIM,Individual,L,INDONESIAN,INDONESIA,369910200,0,369910200,10.56
30-Jun-2026,BOAT,NEWPORT MARINE SERVICES Tbk,SUJAYA SOEKARNO PUTRA,Individual,L,INDONESIAN,INDONESIA,1000400000,0,1000400000,28.57
30-Jun-2026,BOAT,NEWPORT MARINE SERVICES Tbk,SURYA SOEKARNO PUTRA,Individual,L,INDONESIAN,INDONESIA,750400000,0,750400000,21.43
30-Jun-2026,BOBA,FORMOSA INGREDIENT FACTORY Tbk,"KURNIAMITRA DUTA SENTOSA TBK, PT",Corporate,L,,INDONESIA,274000000,0,274000000,23.71
30-Jun-2026,BOBA,FORMOSA INGREDIENT FACTORY Tbk,"PRESERVED FOOD SPECIALTY CO., LTD",Corporate,F,,THAILAND,50775000,0,50775000,4.39
30-Jun-2026,BOBA,FORMOSA INGREDIENT FACTORY Tbk,TEXTURE MAKER ENTERPRISE CO LTD,Corporate,F,,,0,172784000,172784000,14.95
30-Jun-2026,BOBA,FORMOSA INGREDIENT FACTORY Tbk,YUNITA SUGIARTO EW,Individual,L,INDONESIAN,INDONESIA,32544900,0,32544900,2.82
30-Jun-2026,BOBA,FORMOSA INGREDIENT FACTORY Tbk,AGNES WIRADIAN,Individual,L,INDONESIAN,INDONESIA,23160600,0,23160600,2.0
30-Jun-2026,BOBA,FORMOSA INGREDIENT FACTORY Tbk,BERNARD THEDYARDI,Individual,L,INDONESIAN,INDONESIA,29198100,0,29198100,2.53
30-Jun-2026,BOBA,FORMOSA INGREDIENT FACTORY Tbk,HENGKY  WIJAYA,Individual,L,INDONESIAN,INDONESIA,334588400,0,334588400,28.95
30-Jun-2026,BOBA,FORMOSA INGREDIENT FACTORY Tbk,SURONO SUBEKTI,Individual,L,INDONESIAN,INDONESIA,24754100,0,24754100,2.14
30-Jun-2026,BOBA,FORMOSA INGREDIENT FACTORY Tbk,DEWI IRIANTY WIJAYA,Individual,L,INDONESIAN,INDONESIA,68427000,0,68427000,5.92
30-Jun-2026,BOBA,FORMOSA INGREDIENT FACTORY Tbk,MISS PAPORN MAHATTANOBOL,Individual,F,THAI,THAILAND,50775000,0,50775000,4.39
30-Jun-2026,BOBA,FORMOSA INGREDIENT FACTORY Tbk,PEI-YI LIU TAMMY LIU,Individual,F,TAIWANESE,"TAIWAN, PROVINCE OF CHINA",39692300,0,39692300,3.43
30-Jun-2026,BOBA,FORMOSA INGREDIENT FACTORY Tbk,CHI YIN PETER WONG,Individual,F,,HONG KONG,16000000,0,16000000,1.38
30-Jun-2026,BOGA,APOLLO GLOBAL INTERACTIVE Tbk,PT ZED UTAMA PERSADA,Firm,L,,INDONESIA,120940900,0,120940900,3.18
30-Jun-2026,BOGA,APOLLO GLOBAL INTERACTIVE Tbk,PT. ALANA CIPTA SELARAS,Corporate,L,,INDONESIA,134366186,0,134366186,3.53
30-Jun-2026,BOGA,APOLLO GLOBAL INTERACTIVE Tbk,PT. Askar Pelangi Abadi,Corporate,L,,INDONESIA,123208600,0,123208600,3.24
30-Jun-2026,BOGA,APOLLO GLOBAL INTERACTIVE Tbk,PT TIRTA CITRA SOLUSI,Corporate,L,,INDONESIA,124857800,0,124857800,3.28
30-Jun-2026,BOGA,APOLLO GLOBAL INTERACTIVE Tbk,"SUMBER TEKNOLOGI MULIA, PT",Corporate,L,,INDONESIA,144949600,0,144949600,3.81
30-Jun-2026,BOGA,APOLLO GLOBAL INTERACTIVE Tbk,PT PACIFIC INDOCORPORA INDONESIA,Corporate,L,,INDONESIA,77635000,0,77635000,2.04
30-Jun-2026,BOGA,APOLLO GLOBAL INTERACTIVE Tbk,PT. BARA SEJAHTERA SUKSES,Corporate,L,,INDONESIA,167254300,0,167254300,4.4
30-Jun-2026,BOGA,APOLLO GLOBAL INTERACTIVE Tbk,PT CAPITAL GLOBAL STRATEGIC,Investment Advisors,L,,INDONESIA,41500000,0,41500000,1.09
30-Jun-2026,BOGA,APOLLO GLOBAL INTERACTIVE Tbk,PT ARIMA KARYA PERSADA,Corporate,L,,INDONESIA,160165300,0,160165300,4.21
30-Jun-2026,BOGA,APOLLO GLOBAL INTERACTIVE Tbk,GX ARCHIPELAGO PTE.LTD.,Corporate,F,,SINGAPORE,1122137075,0,1122137075,29.5
30-Jun-2026,BOGA,APOLLO GLOBAL INTERACTIVE Tbk,FRESIA SUGIARTO,Individual,L,INDONESIAN,INDONESIA,39661400,0,39661400,1.04
30-Jun-2026,BOGA,APOLLO GLOBAL INTERACTIVE Tbk,PT PACIFIC LIFE INSURANCE SYARIAH,Insurance,L,,INDONESIA,52600000,0,52600000,1.38
30-Jun-2026,BOGA,APOLLO GLOBAL INTERACTIVE Tbk,PT CAPITAL LIFE INDONESIA,Insurance,L,,INDONESIA,70750000,0,70750000,1.86
30-Jun-2026,BOGA,APOLLO GLOBAL INTERACTIVE Tbk,"CAPITAL LIFE SYARIAH, PT",Insurance,L,,INDONESIA,136245500,0,136245500,3.58
30-Jun-2026,BOGA,APOLLO GLOBAL INTERACTIVE Tbk,"BHINNEKA LIFE INDONESIA, PT",Insurance,L,,INDONESIA,126433500,0,126433500,3.32
30-Jun-2026,BOGA,APOLLO GLOBAL INTERACTIVE Tbk,"PACIFIC LIFE INSURANCE, PT",Insurance,L,,INDONESIA,187580400,0,187580400,4.93
30-Jun-2026,BOGA,APOLLO GLOBAL INTERACTIVE Tbk,PT ASURANSI JIWA NASIONAL,Insurance,L,,INDONESIA,67846000,0,67846000,1.78
30-Jun-2026,BOGA,APOLLO GLOBAL INTERACTIVE Tbk,REKSA DANA SUCORINVEST EQUITY PRIMA FUND,Mutual Funds,L,,INDONESIA,71311200,0,71311200,1.87
30-Jun-2026,BOGA,APOLLO GLOBAL INTERACTIVE Tbk,REKSA DANA SUCORINVEST EQUITY FUND,Mutual Funds,L,,INDONESIA,85754700,0,85754700,2.25
30-Jun-2026,BOGA,APOLLO GLOBAL INTERACTIVE Tbk,EASTERN PEAK GROUP CORPORATION,Partnership,F,,"VIRGIN ISLANDS, BRITISH",80000000,0,80000000,2.1
30-Jun-2026,BOGA,APOLLO GLOBAL INTERACTIVE Tbk,PT PACIFIC CAPITAL INVESTMENT,Investment Manager,L,,INDONESIA,72250000,0,72250000,1.9
30-Jun-2026,BOGA,APOLLO GLOBAL INTERACTIVE Tbk,PT PACIFIC SEKURITAS INDONESIA,Securities Company,L,,INDONESIA,52300000,0,52300000,1.38
30-Jun-2026,BOGA,APOLLO GLOBAL INTERACTIVE Tbk,PT. CAPITAL ASSET MANAGEMENT,Investment Manager,L,,INDONESIA,63700000,0,63700000,1.67
30-Jun-2026,BOLA,BALI BINTANG SEJAHTERA Tbk,PT PHILADEL TERRA LESTARI,Corporate,L,,INDONESIA,96150000,0,96150000,1.6
30-Jun-2026,BOLA,BALI BINTANG SEJAHTERA Tbk,TERRA KONSUMA INVESTAMA,Private Equity,L,,INDONESIA,66878600,0,66878600,1.11
30-Jun-2026,BOLA,BALI BINTANG SEJAHTERA Tbk,NUANSA INDAH KREASI PT,Private Equity,L,,INDONESIA,127220000,0,127220000,2.12
30-Jun-2026,BOLA,BALI BINTANG SEJAHTERA Tbk,AYU PATRICIA RACHMAT,Individual,L,INDONESIAN,INDONESIA,304627000,0,304627000,5.08
30-Jun-2026,BOLA,BALI BINTANG SEJAHTERA Tbk,ANDHIKAPUTRI HIMAWAN,Individual,L,INDONESIAN,INDONESIA,80905000,0,80905000,1.35
30-Jun-2026,BOLA,BALI BINTANG SEJAHTERA Tbk,VERONICA COLONDAM,Individual,L,INDONESIAN,INDONESIA,169000000,0,169000000,2.82
30-Jun-2026,BOLA,BALI BINTANG SEJAHTERA Tbk,FRANKY OESMAN WIDJAJA,Individual,L,INDONESIAN,INDONESIA,249850000,0,249850000,4.16
30-Jun-2026,BOLA,BALI BINTANG SEJAHTERA Tbk,YABES TANURI,Individual,L,INDONESIAN,INDONESIA,150000000,0,150000000,2.5
30-Jun-2026,BOLA,BALI BINTANG SEJAHTERA Tbk,PIETER TANURI,Individual,L,INDONESIAN,INDONESIA,2295830720,0,2295830720,38.26
30-Jun-2026,BOLA,BALI BINTANG SEJAHTERA Tbk,ROY TJOKROWIDJOYO,Individual,L,INDONESIAN,INDONESIA,64020300,0,64020300,1.07
30-Jun-2026,BOLA,BALI BINTANG SEJAHTERA Tbk,MARUARAR SIRAIT,Individual,L,INDONESIAN,INDONESIA,114864500,0,114864500,1.91
30-Jun-2026,BOLA,BALI BINTANG SEJAHTERA Tbk,DIANA SUTANDI,Individual,L,INDONESIAN,INDONESIA,64090200,0,64090200,1.07
30-Jun-2026,BOLA,BALI BINTANG SEJAHTERA Tbk,PT Indolife Pensiontama,Insurance,L,,INDONESIA,294000000,0,294000000,4.9
30-Jun-2026,BOLA,BALI BINTANG SEJAHTERA Tbk,PT ASURANSI CENTRAL ASIA,Insurance,L,,INDONESIA,533000000,0,533000000,8.88
30-Jun-2026,BOLA,BALI BINTANG SEJAHTERA Tbk,PT ASURANSI JIWA CENTRAL ASIA RAYA,Insurance,L,,INDONESIA,384000000,0,384000000,6.4
30-Jun-2026,BOLA,BALI BINTANG SEJAHTERA Tbk,UOB KAY HIAN PTE LTD,Securities Company,F,,SINGAPORE,125150000,0,125150000,2.09
30-Jun-2026,BOLT,GARUDA METALINDO Tbk,PT ERSONS GLOBAL INVESTAMA,Corporate,L,,INDONESIA,29000000,0,29000000,1.24
30-Jun-2026,BOLT,GARUDA METALINDO Tbk,PT WIJAYA PUTRA SUKSES,Corporate,L,,INDONESIA,29000000,0,29000000,1.24
30-Jun-2026,BOLT,GARUDA METALINDO Tbk,PT GARUDA MULTI INVESTAMA,Corporate,L,,INDONESIA,146000000,1350000000,1496000000,63.83
30-Jun-2026,BOLT,GARUDA METALINDO Tbk,ZICO TRUST (S) LTD.,Trustee Bank,F,,SINGAPORE,92500000,0,92500000,3.95
30-Jun-2026,BOLT,GARUDA METALINDO Tbk,DAIWA CAPITAL MARKETS SINGAPORE LIMITED-SUB A/C MEIJI SANGYO COMPANY,Firm,F,,JAPAN,54000000,0,54000000,2.3
30-Jun-2026,BOLT,GARUDA METALINDO Tbk,HERMAN WIJAYA,Individual,L,INDONESIAN,INDONESIA,0,300000000,300000000,12.8
30-Jun-2026,BOLT,GARUDA METALINDO Tbk,ERVIN WIJAYA,Individual,L,INDONESIAN,INDONESIA,112500000,112500000,225000000,9.6
30-Jun-2026,BOLT,GARUDA METALINDO Tbk,UOB KAY HIAN PTE LTD,Securities Company,F,,SINGAPORE,87691100,0,87691100,3.74
30-Jun-2026,BOSS,BORNEO OLAH SARANA SUKSES Tbk,PT. MEGAH PRAKARSA UTAMA,Corporate,L,,INDONESIA,190138786,0,190138786,13.58
30-Jun-2026,BOSS,BORNEO OLAH SARANA SUKSES Tbk,PT RISCO KAPITAL UTAMA,Corporate,L,,INDONESIA,16000000,0,16000000,1.14
30-Jun-2026,BOSS,BORNEO OLAH SARANA SUKSES Tbk,PT. TANJUNG INTI AGRO,Corporate,L,,INDONESIA,15537173,0,15537173,1.11
30-Jun-2026,BOSS,BORNEO OLAH SARANA SUKSES Tbk,PT ANGGUN MILLING ESAJAYA,Corporate,L,,INDONESIA,21000000,0,21000000,1.5
30-Jun-2026,BOSS,BORNEO OLAH SARANA SUKSES Tbk,PT KENCANA UNGGUL SEMESTA,Corporate,L,,INDONESIA,121652000,0,121652000,8.69
30-Jun-2026,BOSS,BORNEO OLAH SARANA SUKSES Tbk,PT SAPPHIRE MULIA ABADI,Corporate,L,,INDONESIA,91969800,0,91969800,6.57
30-Jun-2026,BOSS,BORNEO OLAH SARANA SUKSES Tbk,KUMAR JAIRAMDAS AILDASANI,Individual,L,INDONESIAN,INDONESIA,35000000,0,35000000,2.5
30-Jun-2026,BOSS,BORNEO OLAH SARANA SUKSES Tbk,ADI SUTONO,Individual,L,INDONESIAN,INDONESIA,33500600,0,33500600,2.39
30-Jun-2026,BOSS,BORNEO OLAH SARANA SUKSES Tbk,ALAIN CRUYFF,Individual,L,INDONESIAN,INDONESIA,26214500,0,26214500,1.87
30-Jun-2026,BOSS,BORNEO OLAH SARANA SUKSES Tbk,JANNARDI,Individual,L,INDONESIAN,INDONESIA,26996800,0,26996800,1.93
30-Jun-2026,BOSS,BORNEO OLAH SARANA SUKSES Tbk,BUCE LISAKAY,Individual,L,INDONESIAN,INDONESIA,20000000,0,20000000,1.43
30-Jun-2026,BOSS,BORNEO OLAH SARANA SUKSES Tbk,DEDY EFFENDI,Individual,L,INDONESIAN,INDONESIA,14556500,0,14556500,1.04
30-Jun-2026,BOSS,BORNEO OLAH SARANA SUKSES Tbk,ZHONGWEI  WEI,Individual,F,CHINESE,INDONESIA,16306900,0,16306900,1.16
30-Jun-2026,BOSS,BORNEO OLAH SARANA SUKSES Tbk,CAI LONG,Individual,F,CHINESE,CHINA,20250000,0,20250000,1.45
30-Jun-2026,BOSS,BORNEO OLAH SARANA SUKSES Tbk,YONGLIAN FANG,Individual,F,CHINESE,INDONESIA,19797000,0,19797000,1.41
30-Jun-2026,BOSS,BORNEO OLAH SARANA SUKSES Tbk,REKSA DANA NARADA SAHAM INDONESIA,Mutual Funds,L,,INDONESIA,22368000,0,22368000,1.6
30-Jun-2026,BOSS,BORNEO OLAH SARANA SUKSES Tbk,REKSA DANA SYARIAH NARADA SAHAM BERKAH SYARIAH,Mutual Funds,L,,INDONESIA,18284300,0,18284300,1.31
30-Jun-2026,BPFI,WOORI FINANCE INDONESIA Tbk,PT. VICTORIA INVESTAMA Tbk,Brokerage Firms,L,,INDONESIA,27739500,0,27739500,1.04
30-Jun-2026,BPFI,WOORI FINANCE INDONESIA Tbk,"PT. BATAVIA PROSPERINDO INTERNASIONAL, TBK",Corporate,L,,INDONESIA,208108444,0,208108444,7.78
30-Jun-2026,BPFI,WOORI FINANCE INDONESIA Tbk,PT. BINTANG MITRA SEMESTARAYA TBK,Corporate,L,,INDONESIA,26764200,0,26764200,1.0
30-Jun-2026,BPFI,WOORI FINANCE INDONESIA Tbk,"WOORI CARD CO., LTD.",Corporate,F,,"KOREA, REPUBLIC OF",2193552006,0,2193552006,82.03
30-Jun-2026,BPFI,WOORI FINANCE INDONESIA Tbk,PT KOREA INVESTMENT AND SEKURITAS INDONESIA - REGISTRAR,Securities Company,L,,INDONESIA,66171662,0,66171662,2.47
30-Jun-2026,BPFI,WOORI FINANCE INDONESIA Tbk,UOB KAY HIAN PTE LTD,Securities Company,F,,SINGAPORE,105534900,0,105534900,3.95
30-Jun-2026,BPII,BATAVIA PROSPERINDO INTERNASIONAL Tbk,STRAIT MERCHANTS PTE. LTD.,PermanentEstablishment,F,,SINGAPORE,488477800,0,488477800,4.94
30-Jun-2026,BPII,BATAVIA PROSPERINDO INTERNASIONAL Tbk,MALACCA TRUST PTE. LTD.,PermanentEstablishment,F,,SINGAPORE,781734000,0,781734000,7.91
30-Jun-2026,BPII,BATAVIA PROSPERINDO INTERNASIONAL Tbk,MALACCA TRUST PTE. LTD,Firm,F,,SINGAPORE,8100000000,0,8100000000,81.95
30-Jun-2026,BPII,BATAVIA PROSPERINDO INTERNASIONAL Tbk,UOB KAY HIAN PTE LTD,Securities Company,F,,SINGAPORE,488526700,0,488526700,4.94
30-Jun-2026,BPTR,BATAVIA PROSPERINDO TRANS Tbk,PT. VICTORIA INVESTAMA Tbk,Brokerage Firms,L,,INDONESIA,370212200,0,370212200,10.48
30-Jun-2026,BPTR,BATAVIA PROSPERINDO TRANS Tbk,"PT. BATAVIA PROSPERINDO INTERNASIONAL, TBK",Corporate,L,,INDONESIA,2381968773,0,2381968773,67.4
30-Jun-2026,BPTR,BATAVIA PROSPERINDO TRANS Tbk,PT OSCARMAS,Corporate,L,,INDONESIA,353400000,0,353400000,10.0
30-Jun-2026,BPTR,BATAVIA PROSPERINDO TRANS Tbk,Sutan Agri Resources Pte Ltd,Corporate,F,,SINGAPORE,147186100,0,147186100,4.16
30-Jun-2026,BPTR,BATAVIA PROSPERINDO TRANS Tbk,PAULUS HANDIGDO,Individual,L,INDONESIAN,INDONESIA,69638600,0,69638600,1.97
30-Jun-2026,BRAM,INDO KORDSA Tbk,PT. MITRASARI KARTIKATAMA,Corporate,L,,INDONESIA,9954300,0,9954300,2.21
30-Jun-2026,BRAM,INDO KORDSA Tbk,PT RISJADSON SURYATAMA,Corporate,L,,INDONESIA,25231500,0,25231500,5.61
30-Jun-2026,BRAM,INDO KORDSA Tbk,KORDSA TEKNIK TEKSTIL A.S.,Corporate,F,,TURKEY,277193068,0,277193068,61.59
30-Jun-2026,BRAM,INDO KORDSA Tbk,LEOTINE IERMA AGUSTINA.S,Individual,L,INDONESIAN,INDONESIA,13969977,0,13969977,3.1
30-Jun-2026,BRAM,INDO KORDSA Tbk,IEVAN DANIAR SUMAMPOW,Individual,L,INDONESIAN,INDONESIA,21864097,0,21864097,4.86
30-Jun-2026,BRAM,INDO KORDSA Tbk,IEFENN ADRIANNE SUMAMPOW,Individual,L,INDONESIAN,INDONESIA,13370600,0,13370600,2.97
30-Jun-2026,BRAM,INDO KORDSA Tbk,ENDANG LESTARI PUJIASTUTI,Individual,L,INDONESIAN,INDONESIA,74571620,0,74571620,16.57
30-Jun-2026,BRAM,INDO KORDSA Tbk,ALDO PORSCHE,Individual,F,SINGAPOREAN,SINGAPORE,8969977,0,8969977,1.99
30-Jun-2026,BREN,BARITO RENEWABLES ENERGY Tbk,BARITO PACIFIC TBK,Corporate,L,,INDONESIA,1841593000,84634146666,86475739666,64.64
30-Jun-2026,BREN,BARITO RENEWABLES ENERGY Tbk,GREEN ERA ENERGY PTE LTD,Corporate,F,,SINGAPORE,30323313100,0,30323313100,22.67
30-Jun-2026,BREN,BARITO RENEWABLES ENERGY Tbk,PRIME HILL FUND,Trustee Bank,F,,SINGAPORE,4007044467,0,4007044467,3.0
30-Jun-2026,BREN,BARITO RENEWABLES ENERGY Tbk,JUPITER TIGER HOLDINGS,Mutual Funds,F,,SINGAPORE,4294322926,0,4294322926,3.21
30-Jun-2026,BRIS,BANK SYARIAH INDONESIA Tbk,PT BANK MANDIRI,State Owned Enterprises,L,,INDONESIA,23376387072,364221364,23740608436,51.47
30-Jun-2026,BRIS,BANK SYARIAH INDONESIA Tbk,PERUSAHAAN PERSEROAN (PERSERO) BANK NEGARA INDONESIA,Bank,L,,INDONESIA,10720230418,0,10720230418,23.24
30-Jun-2026,BRIS,BANK SYARIAH INDONESIA Tbk,BANK RAKYAT INDONESIA PT,Bank,L,,INDONESIA,6995600520,97161135,7092761655,15.38
30-Jun-2026,BRIS,BANK SYARIAH INDONESIA Tbk,EMPLOYEES PROVIDENT FUND BOARD,Pension Funds,F,,MALAYSIA,531875900,0,531875900,1.15
30-Jun-2026,BRMS,BUMI RESOURCES MINERALS Tbk,BUMI RESOURCES TBK,Corporate,L,,INDONESIA,4465383689,0,4465383689,3.15
30-Jun-2026,BRMS,BUMI RESOURCES MINERALS Tbk,PT Indotambang Perkasa,Capital Market Supporting Institutions And Professions,L,,INDONESIA,2023019602,0,2023019602,1.43
30-Jun-2026,BRMS,BUMI RESOURCES MINERALS Tbk,PT AP INVESTMENT,Corporate,L,,INDONESIA,1707070000,0,1707070000,1.2
30-Jun-2026,BRMS,BUMI RESOURCES MINERALS Tbk,PETROMINE ENERGY TRADING,Corporate,L,,INDONESIA,6067891376,0,6067891376,4.28
30-Jun-2026,BRMS,BUMI RESOURCES MINERALS Tbk,WEXLER CAPITAL PTE. LTD,PermanentEstablishment,F,,SINGAPORE,2600000032,0,2600000032,1.83
30-Jun-2026,BRMS,BUMI RESOURCES MINERALS Tbk,GLAS TRUST (S) LTD.,Trustee Bank,F,,SINGAPORE,10784607811,0,10784607811,7.61
30-Jun-2026,BRMS,BUMI RESOURCES MINERALS Tbk,SUGIMAN HALIM,Individual,L,INDONESIAN,INDONESIA,10568888888,0,10568888888,7.45
30-Jun-2026,BRMS,BUMI RESOURCES MINERALS Tbk,PT Indolife Pensiontama,Insurance,L,,INDONESIA,1509383760,0,1509383760,1.06
30-Jun-2026,BRMS,BUMI RESOURCES MINERALS Tbk,VANECK JUNIOR GOLD MINERS ETF,Exchange Traded Funds,F,,UNITED STATES,1798484900,0,1798484900,1.27
30-Jun-2026,BRMS,BUMI RESOURCES MINERALS Tbk,VANECK GOLD MINERS ETF,Exchange Traded Funds,F,,UNITED STATES,3039809300,0,3039809300,2.14
30-Jun-2026,BRMS,BUMI RESOURCES MINERALS Tbk,EMIRATES TARIAN GLOBAL VENTURES SPC,Private Equity,F,,CAYMAN ISLANDS,35592738434,0,35592738434,25.1
30-Jun-2026,BRMS,BUMI RESOURCES MINERALS Tbk,PT TRIMEGAH SEKURITAS INDONESIA TBK,Securities Company,L,,INDONESIA,6098637200,0,6098637200,4.3
30-Jun-2026,BRMS,BUMI RESOURCES MINERALS Tbk,PT MAYBANK SEKURITAS INDONESIA - REGISTRAR,Securities Company,L,,INDONESIA,5157090900,0,5157090900,3.64
30-Jun-2026,BRMS,BUMI RESOURCES MINERALS Tbk,CGS INTERNATIONAL SEKURITAS INDONESIA,Securities Company,L,,INDONESIA,6705607383,0,6705607383,4.73
30-Jun-2026,BRMS,BUMI RESOURCES MINERALS Tbk,CGS INTERNATIONAL SECURITIES HONG KONG LIMITED,Investment Manager,F,,HONG KONG,3325642700,0,3325642700,2.35
30-Jun-2026,BRMS,BUMI RESOURCES MINERALS Tbk,CGS INTERNATIONAL SECURITIES MAURITIUS LTD,Investment Manager,F,,MAURITIUS,6486411700,0,6486411700,4.57
30-Jun-2026,BRMS,BUMI RESOURCES MINERALS Tbk,MAYBANK SECURITIES PTE. LTD.,Investment Manager,F,,SINGAPORE,1850479200,0,1850479200,1.31
30-Jun-2026,BRNA,BERLINA Tbk,PT DWI SATRYA UTAMA,Corporate,L,,INDONESIA,534252162,0,534252162,54.57
30-Jun-2026,BRNA,BERLINA Tbk,PT PEMUDA JAYA RAYA,Corporate,L,,INDONESIA,21551677,0,21551677,2.2
30-Jun-2026,BRNA,BERLINA Tbk,PT BHAKTI MEGAH PERKASA,Corporate,L,,INDONESIA,22764447,0,22764447,2.33
30-Jun-2026,BRNA,BERLINA Tbk,PT NIAGA KARYA TUNGGAL,Corporate,L,,INDONESIA,33163000,0,33163000,3.39
30-Jun-2026,BRNA,BERLINA Tbk,PT CAKRAWALA MEGA SAKTI,Corporate,L,,INDONESIA,19891379,0,19891379,2.03
30-Jun-2026,BRNA,BERLINA Tbk,LISJANTO TJIPTOBIANTORO,Individual,L,INDONESIAN,INDONESIA,49774000,0,49774000,5.08
30-Jun-2026,BRNA,BERLINA Tbk,RISFA ANDALUCIA FAHLEVIE,Individual,L,INDONESIAN,,16800000,0,16800000,1.72
30-Jun-2026,BRNA,BERLINA Tbk,ATMADJA TJIPTOBIANTORO,Individual,L,INDONESIAN,INDONESIA,20133200,0,20133200,2.06
30-Jun-2026,BRNA,BERLINA Tbk,ROLAND SWEDER HAAS,Individual,F,DUTCH,INDONESIA,46600008,0,46600008,4.76
30-Jun-2026,BRNA,BERLINA Tbk,Roy Han Lok Tan,Individual,F,DUTCH,INDONESIA,9935800,0,9935800,1.01
30-Jun-2026,BRNA,BERLINA Tbk,ROBERT FRANS VAN BUCHEM,Individual,F,DUTCH,INDONESIA,37921610,0,37921610,3.87
30-Jun-2026,BRNA,BERLINA Tbk,KOMODO FUND,Mutual Funds,F,,CAYMAN ISLANDS,102414000,0,102414000,10.46
30-Jun-2026,BRNA,BERLINA Tbk,PACIFIC CORAL LIMITED,Partnership,F,,"VIRGIN ISLANDS, BRITISH",22383000,0,22383000,2.29
30-Jun-2026,BRPT,BARITO PACIFIC Tbk,STANDARD CHARTERED BANK (SINGAPORE) LIMITED,Bank,F,,SINGAPORE,1041514900,0,1041514900,1.11
30-Jun-2026,BRPT,BARITO PACIFIC Tbk,BANGKOK BANK PUBLIC COMPANY LIMITED,Bank,F,,THAILAND,4680136246,0,4680136246,4.99
30-Jun-2026,BRPT,BARITO PACIFIC Tbk,PRAJOGO PANGESTU,Individual,L,INDONESIAN,INDONESIA,66910030165,0,66910030165,71.37
30-Jun-2026,BRPT,BARITO PACIFIC Tbk,BOS LTD S/A ANBO HOLDINGS LIMITED,Corporate,F,,"VIRGIN ISLANDS, BRITISH",1230844819,0,1230844819,1.31
30-Jun-2026,BRRC,RAJA ROTI CEMERLANG Tbk,NOPRIAN FADLI,Individual,L,INDONESIAN,INDONESIA,60603600,0,60603600,6.09
30-Jun-2026,BRRC,RAJA ROTI CEMERLANG Tbk,AGUS SUMARJITO,Individual,L,INDONESIAN,INDONESIA,52482536,0,52482536,5.28
30-Jun-2026,BRRC,RAJA ROTI CEMERLANG Tbk,ERI RAMDANI,Individual,L,INDONESIAN,INDONESIA,20558200,0,20558200,2.07
30-Jun-2026,BRRC,RAJA ROTI CEMERLANG Tbk,ARI SUDARSONO,Individual,L,INDONESIAN,INDONESIA,421936056,0,421936056,42.42
30-Jun-2026,BRRC,RAJA ROTI CEMERLANG Tbk,ISNAIN ARDIANSYAH,Individual,L,INDONESIAN,INDONESIA,11053300,0,11053300,1.11
30-Jun-2026,BSBK,WULANDARI BANGUN LAKSANA Tbk,MANDIRI INVESTASI BERSAMA PT,Corporate,L,,INDONESIA,252639600,0,252639600,1.01
30-Jun-2026,BSBK,WULANDARI BANGUN LAKSANA Tbk,HADDONSTON VIZ VENTURES PTE LTD,Private Equity,F,,SINGAPORE,1029597258,0,1029597258,4.1
30-Jun-2026,BSBK,WULANDARI BANGUN LAKSANA Tbk,GLORY VENTURE CAPITAL LTD,Venture Capital,F,,MALAYSIA,1312116139,0,1312116139,5.23
30-Jun-2026,BSBK,WULANDARI BANGUN LAKSANA Tbk,CLARISSA ADY SUMASTO TJIA,Individual,L,INDONESIAN,INDONESIA,0,10000000000,10000000000,39.85
30-Jun-2026,BSBK,WULANDARI BANGUN LAKSANA Tbk,CHRISTOPHER SUMASTO TJIA,Individual,L,INDONESIAN,INDONESIA,0,10000000000,10000000000,39.85
30-Jun-2026,BSDE,BUMI SERPONG DAMAI Tbk,"METROPOLITAN TRANSCITIES INDONESIA, PT",,,,,0,256923130,256923130,1.21
30-Jun-2026,BSDE,BUMI SERPONG DAMAI Tbk,PT EKACENTRA USAHAMAJU,Corporate,L,,INDONESIA,35531700,5390432786,5425964486,25.63
30-Jun-2026,BSDE,BUMI SERPONG DAMAI Tbk,PT PARAGA ARTAMIDA,Corporate,L,,INDONESIA,3836984000,0,3836984000,18.12
30-Jun-2026,BSDE,BUMI SERPONG DAMAI Tbk,PT. BUMI SERPONG DAMAI Tbk,Corporate,L,,INDONESIA,0,257970700,257970700,1.22
30-Jun-2026,BSDE,BUMI SERPONG DAMAI Tbk,"PARAGA ARTAMIDA, PT",Corporate,L,,,0,6461120464,6461120464,30.52
30-Jun-2026,BSDE,BUMI SERPONG DAMAI Tbk,PT. SIMAS TUNGGAL CENTER,Corporate,L,,INDONESIA,375941470,0,375941470,1.78
30-Jun-2026,BSDE,BUMI SERPONG DAMAI Tbk,DJS KETENAGAKERJAAN PROGRAM JAMINAN HARI TUA,State Owned Enterprises,L,,INDONESIA,572129400,0,572129400,2.7
30-Jun-2026,BSDE,BUMI SERPONG DAMAI Tbk,PT TASPEN (PERSERO),State Owned Enterprises,L,,INDONESIA,230304100,0,230304100,1.09
30-Jun-2026,BSDE,BUMI SERPONG DAMAI Tbk,GOVERNMENT OF NORWAY,Sovereign Wealth Fund,F,,NORWAY,260595800,0,260595800,1.23
30-Jun-2026,BSIM,BANK SINAR MAS Tbk,PT. SHINTA UTAMA,Corporate,L,,INDONESIA,985189711,0,985189711,5.0
30-Jun-2026,BSIM,BANK SINAR MAS Tbk,PT DIAN CIPTAMAS AGUNG,Corporate,L,,INDONESIA,436399284,0,436399284,2.21
30-Jun-2026,BSIM,BANK SINAR MAS Tbk,PT SISTEM LOKA TRIPRIMA,Corporate,L,,INDONESIA,378698200,0,378698200,1.92
30-Jun-2026,BSIM,BANK SINAR MAS Tbk,PT SINARTAMA GUNITA,Capital Market Supporting Institutions And Professions,L,,INDONESIA,368265732,320000000,688265732,3.49
30-Jun-2026,BSIM,BANK SINAR MAS Tbk,SINAR MAS CAKRAWALA,Corporate,L,,INDONESIA,202800000,0,202800000,1.03
30-Jun-2026,BSIM,BANK SINAR MAS Tbk,PT. ARARA ABADI,Corporate,L,,INDONESIA,212208100,0,212208100,1.08
30-Jun-2026,BSIM,BANK SINAR MAS Tbk,PT PASAR DANA PINJAMAN,Peer To Peer Lending,L,,INDONESIA,713256176,0,713256176,3.62
30-Jun-2026,BSIM,BANK SINAR MAS Tbk,PT NUSANTARA INDAH CEMERLANG,Corporate,L,,INDONESIA,452774630,0,452774630,2.3
30-Jun-2026,BSIM,BANK SINAR MAS Tbk,PT SINAR MAS MULTIARTHA Tbk,Corporate,L,,INDONESIA,11826853600,0,11826853600,59.99
30-Jun-2026,BSIM,BANK SINAR MAS Tbk,UBS AG SINGAPORE BRANCH,Private Bank,F,,SINGAPORE,597204710,0,597204710,3.03
30-Jun-2026,BSIM,BANK SINAR MAS Tbk,CASCADEN INVESTMENT LIMITED,Investment Advisors,F,,"VIRGIN ISLANDS, BRITISH",341939669,0,341939669,1.73
30-Jun-2026,BSIM,BANK SINAR MAS Tbk,CLARK QUAY INVESTMENT PTE LTD,Investment Advisors,F,,SINGAPORE,447036813,0,447036813,2.27
30-Jun-2026,BSIM,BANK SINAR MAS Tbk,ASIA VALUE INVESTMENT PTE.LTD,Investment Advisors,F,,SINGAPORE,449498601,0,449498601,2.28
30-Jun-2026,BSIM,BANK SINAR MAS Tbk,SHENTON WORLD FUND LTD,Venture Capital,F,,MALAYSIA,545590174,0,545590174,2.77
30-Jun-2026,BSIM,BANK SINAR MAS Tbk,CALDECOTT HILL FUND LTD,Securities Company,F,,MALAYSIA,443038550,0,443038550,2.25
30-Jun-2026,BSML,BINTANG SAMUDERA MANDIRI LINES Tbk,PT DANA LUAS INVESTASI,Private Equity,L,,INDONESIA,53485500,0,53485500,2.89
30-Jun-2026,BSML,BINTANG SAMUDERA MANDIRI LINES Tbk,"SANCA GRIYA MODALINDO, PT",Corporate,L,,INDONESIA,93831100,0,93831100,5.07
30-Jun-2026,BSML,BINTANG SAMUDERA MANDIRI LINES Tbk,PT GAPANINDO WIRA SEMESTA,Firm,L,,INDONESIA,67171500,0,67171500,3.63
30-Jun-2026,BSML,BINTANG SAMUDERA MANDIRI LINES Tbk,PT GOLDFIVE INVESTMENT CAPITAL,Private Equity,L,,INDONESIA,679141265,0,679141265,36.71
30-Jun-2026,BSML,BINTANG SAMUDERA MANDIRI LINES Tbk,DMS INVESTAMA PT,Corporate,L,,INDONESIA,33455100,0,33455100,1.81
30-Jun-2026,BSML,BINTANG SAMUDERA MANDIRI LINES Tbk,JP MORGAN SECURITIES PLC,Investment Advisors,F,,UNITED KINGDOM,21807300,0,21807300,1.18
30-Jun-2026,BSML,BINTANG SAMUDERA MANDIRI LINES Tbk,ANDRIANSYAH PRAYITNO,Individual,L,INDONESIAN,INDONESIA,243129700,0,243129700,13.14
30-Jun-2026,BSML,BINTANG SAMUDERA MANDIRI LINES Tbk,DAVID DESANAN ANAN W,Individual,L,INDONESIAN,INDONESIA,74020000,0,74020000,4.0
30-Jun-2026,BSML,BINTANG SAMUDERA MANDIRI LINES Tbk,NENGAH RAMA GAUTAMA,Individual,L,INDONESIAN,INDONESIA,259000000,0,259000000,14.0
30-Jun-2026,BSML,BINTANG SAMUDERA MANDIRI LINES Tbk,ARIYANTI PELITA SARI,Individual,L,INDONESIAN,INDONESIA,74020000,0,74020000,4.0
30-Jun-2026,BSML,BINTANG SAMUDERA MANDIRI LINES Tbk,PRAMAYARI HARDIAN D,Individual,L,INDONESIAN,INDONESIA,74020000,0,74020000,4.0
30-Jun-2026,BSML,BINTANG SAMUDERA MANDIRI LINES Tbk,UOB KAY HIAN PTE LTD,Securities Company,F,,SINGAPORE,34380000,0,34380000,1.86
30-Jun-2026,BSSR,BARAMULTI SUKSESSARANA Tbk,PT WAHANA SENTOSA CEMERLANG,Corporate,L,,INDONESIA,0,1308280674,1308280674,50.0
30-Jun-2026,BSSR,BARAMULTI SUKSESSARANA Tbk,PT GS GLOBAL RESOURCES,Corporate,L,,INDONESIA,130825000,0,130825000,5.0
30-Jun-2026,BSSR,BARAMULTI SUKSESSARANA Tbk,GS ENERGY CORPORATION,Corporate,F,,"KOREA, REPUBLIC OF",254847100,0,254847100,9.74
30-Jun-2026,BSSR,BARAMULTI SUKSESSARANA Tbk,TATA POWER INTERNATIONAL PTE LIMITED,Corporate,F,,SINGAPORE,0,680290000,680290000,26.0
30-Jun-2026,BSWD,BANK OF INDIA INDONESIA Tbk,PT. PANCA MANTRA JAYA,Corporate,L,,INDONESIA,131063491,52974500,184037991,4.99
30-Jun-2026,BSWD,BANK OF INDIA INDONESIA Tbk,BANK OF INDIA,Corporate,F,,,0,3355488000,3355488000,90.96
30-Jun-2026,BSWD,BANK OF INDIA INDONESIA Tbk,DEEPAK RUPO CHUGANI,Individual,L,INDONESIAN,INDONESIA,61954784,0,61954784,1.68
30-Jun-2026,BTEK,BUMI TEKNOKULTURA UNGGUL Tbk,GOLDEN HARVEST COCOA LTD,Corporate,F,,"VIRGIN ISLANDS, BRITISH",19247528400,0,19247528400,41.59
30-Jun-2026,BTEK,BUMI TEKNOKULTURA UNGGUL Tbk,UBS SWITZERLAND AG,Trustee Bank,F,,SWITZERLAND,1605404888,0,1605404888,3.47
30-Jun-2026,BTEK,BUMI TEKNOKULTURA UNGGUL Tbk,LAUW SUSANTO,Individual,L,INDONESIAN,INDONESIA,607721400,0,607721400,1.31
30-Jun-2026,BTEK,BUMI TEKNOKULTURA UNGGUL Tbk,PERUSAHAAN PERSEROAN (PERSERO) PT ASABRI,State Owned Enterprises,L,,INDONESIA,4557527258,0,4557527258,9.85
30-Jun-2026,BTEK,BUMI TEKNOKULTURA UNGGUL Tbk,Reksa Dana Pan Arcadia Dana Saham Bertumbuh,Exchange Traded Funds,L,,INDONESIA,647393000,0,647393000,1.4
30-Jun-2026,BTEK,BUMI TEKNOKULTURA UNGGUL Tbk,REKSA DANA SYARIAH TREASURE SAHAM BERKAH SYARIAH,Mutual Funds,L,,INDONESIA,577121000,0,577121000,1.25
30-Jun-2026,BTEK,BUMI TEKNOKULTURA UNGGUL Tbk,REKSA DANA EMCO MANTAP,Mutual Funds,L,,INDONESIA,1184713400,0,1184713400,2.56
30-Jun-2026,BTEK,BUMI TEKNOKULTURA UNGGUL Tbk,REKSA DANA EMCO GROWTH FUND,Mutual Funds,L,,INDONESIA,853900400,0,853900400,1.85
30-Jun-2026,BTEL,BAKRIE TELECOM Tbk,PT. Bakrie Global Ventura,Corporate,L,,INDONESIA,2639582576,0,2639582576,6.89
30-Jun-2026,BTEL,BAKRIE TELECOM Tbk,PT MAHINDO AGUNG SENTOSA,Corporate,L,,INDONESIA,5000439000,0,5000439000,13.05
30-Jun-2026,BTEL,BAKRIE TELECOM Tbk,PT JASA INVESTINDO,Corporate,L,,INDONESIA,1613331000,0,1613331000,4.21
30-Jun-2026,BTEL,BAKRIE TELECOM Tbk,PT. HUAWEI TECH INVESTMENT,PermanentEstablishment,L,,INDONESIA,6189313980,0,6189313980,16.15
30-Jun-2026,BTEL,BAKRIE TELECOM Tbk,"SOLU SINDO KREASI PRATAMA, PT",Corporate,L,,INDONESIA,1507578500,0,1507578500,3.93
30-Jun-2026,BTEL,BAKRIE TELECOM Tbk,PT BIOFUEL INDO SUMATRA,Corporate,L,,INDONESIA,3145050000,0,3145050000,8.21
30-Jun-2026,BTEL,BAKRIE TELECOM Tbk,"UBS AG, LONDON",Bank,F,,SWITZERLAND,1293561470,0,1293561470,3.37
30-Jun-2026,BTEL,BAKRIE TELECOM Tbk,ISMAIL ALI,Individual,L,INDONESIAN,,422686091,0,422686091,1.1
30-Jun-2026,BTEL,BAKRIE TELECOM Tbk,EDY SUWARNO AL JAP L SING,Individual,L,INDONESIAN,,446406300,0,446406300,1.16
30-Jun-2026,BTEL,BAKRIE TELECOM Tbk,EVELINE LISTIJOSUPUTRO,Individual,L,INDONESIAN,,385957905,0,385957905,1.01
30-Jun-2026,BTEL,BAKRIE TELECOM Tbk,PT. ASURANSI JIWA IFG,Insurance,L,,INDONESIA,1158858923,0,1158858923,3.02
30-Jun-2026,BTEL,BAKRIE TELECOM Tbk,REKSA DANA MINNA PADI KERATON II,Mutual Funds,L,,INDONESIA,515000000,0,515000000,1.34
30-Jun-2026,BTEL,BAKRIE TELECOM Tbk,REKSA DANA OSO FLORES EQUITY FUND,Mutual Funds,L,,INDONESIA,501000000,0,501000000,1.31
30-Jun-2026,BTEL,BAKRIE TELECOM Tbk,JAKSA AGUNG MUDA BIDANG TINDAK PIDANA KHUSUS KEJAKSAAN REPUBLIK INDONESIA KEJAKSAAN REPUBLIK INDONESIA,Government,L,,INDONESIA,1235421231,0,1235421231,3.22
30-Jun-2026,BTEL,BAKRIE TELECOM Tbk,"RAIFFEISEN BANK INTERNATIONAL AG, SINGAPORE BRANCH S/A BEST QUALITY GLOBAL LIMITED",Corporate,F,,BRITISH INDIAN OCEAN TERRITORY,2213279000,0,2213279000,5.77
30-Jun-2026,BTEL,BAKRIE TELECOM Tbk,PT Recapital Sekuritas Indonesia (REKENING TAMPUNGAN KSEI UNTUK CLOSED MEMBER-LK001),Securities Company,L,,INDONESIA,500000000,0,500000000,1.3
30-Jun-2026,BTEL,BAKRIE TELECOM Tbk,PT MINNA PADI INVESTAMA SEKURITAS Tbk,Securities Company,L,,INDONESIA,868897500,0,868897500,2.27
30-Jun-2026,BTON,BETONJAYA MANUNGGAL Tbk,MAYBANK GLOBAL GROWTH FUND VCC - MAYBANK GLOBAL GROWTH FUND 2,Investment Advisors,F,,SINGAPORE,12004000,0,12004000,1.67
30-Jun-2026,BTON,BETONJAYA MANUNGGAL Tbk,WONG RATNAWATI,Individual,L,INDONESIAN,INDONESIAN,0,28750000,28750000,3.99
30-Jun-2026,BTON,BETONJAYA MANUNGGAL Tbk,BRYAN WANGSAWIDJAJA,Individual,L,INDONESIAN,INDONESIA,11500000,0,11500000,1.6
30-Jun-2026,BTON,BETONJAYA MANUNGGAL Tbk,GWIE GUNADI GUNAWAN,Individual,L,INDONESIAN,INDONESIA,0,258750000,258750000,35.94
30-Jun-2026,BTON,BETONJAYA MANUNGGAL Tbk,EDDO CHANDRA,Individual,L,INDONESIAN,INDONESIA,37053300,0,37053300,5.15
30-Jun-2026,BTON,BETONJAYA MANUNGGAL Tbk,GWIE GUNATO GUNAWAN,Individual,L,INDONESIAN,INDONESIA,0,258750000,258750000,35.94
30-Jun-2026,BTON,BETONJAYA MANUNGGAL Tbk,BEATRICE WANGSAWIDJAJA,Individual,L,INDONESIAN,INDONESIA,11500000,0,11500000,1.6
30-Jun-2026,BTON,BETONJAYA MANUNGGAL Tbk,GWIE RATNA DJUWITA GUNAWAN,Individual,L,INDONESIAN,INDONESIA,0,28750000,28750000,3.99
30-Jun-2026,BTON,BETONJAYA MANUNGGAL Tbk,DIDI SENTOSA SUTEDJA,Individual,L,INDONESIAN,INDONESIA,10316900,0,10316900,1.43
30-Jun-2026,BTON,BETONJAYA MANUNGGAL Tbk,BRYNA WANGSAWIDJAJA,Individual,L,INDONESIAN,INDONESIA,11500000,0,11500000,1.6
30-Jun-2026,BTON,BETONJAYA MANUNGGAL Tbk,JENNY TANUJAYA,Individual,L,INDONESIAN,INDONESIA,0,34500000,34500000,4.79
30-Jun-2026,BTPN,BANK SMBC INDONESIA Tbk,"BANK CENTRAL ASIA Tbk, PT",Financial Institutional,L,,INDONESIA,0,109742058,109742058,1.03
30-Jun-2026,BTPN,BANK SMBC INDONESIA Tbk,SUMITOMO MITSUI BANKING CORPORATION,Bank,F,,JAPAN,9692826975,0,9692826975,91.05
30-Jun-2026,BTPN,BANK SMBC INDONESIA Tbk,BARCLAYS CAPITAL SECURITIES LIMITED,Investment Advisors,F,,UNITED KINGDOM,200007800,0,200007800,1.88
30-Jun-2026,BTPN,BANK SMBC INDONESIA Tbk,"UBS AG, LONDON",Bank,F,,SWITZERLAND,400000163,0,400000163,3.76
30-Jun-2026,BTPN,BANK SMBC INDONESIA Tbk,CITIGROUP GLOBAL MARKETS LIMITED,Investment Manager,F,,UNITED KINGDOM,200000000,0,200000000,1.88
30-Jun-2026,BTPS,BANK BTPN SYARIAH Tbk,PT Bank SMBC Indonesia Tbk,Bank,L,,INDONESIA,5315553000,77037000,5392590000,70.0
30-Jun-2026,BTPS,BANK BTPN SYARIAH Tbk,GSCO LLC S/A ESCHATON OPPORTUNITIES FUND II LP,Hedge Fund,F,,UNITED STATES,140158492,0,140158492,1.82
30-Jun-2026,BTPS,BANK BTPN SYARIAH Tbk,THE NT TST CO S/A CIM INVESTMENT FUND ICAV,Mutual Funds,F,,IRELAND,321968700,0,321968700,4.18
30-Jun-2026,BTPS,BANK BTPN SYARIAH Tbk,GOVERNMENT OF NORWAY,Sovereign Wealth Fund,F,,NORWAY,206369400,0,206369400,2.68
30-Jun-2026,BUAH,SEGAR KUMALA INDONESIA Tbk,TEBAR JALA KORPORA PT,Corporate,L,,INDONESIA,111753000,0,111753000,5.59
30-Jun-2026,BUAH,SEGAR KUMALA INDONESIA Tbk,SUTOMO,Individual,L,INDONESIAN,INDONESIA,5320600,80000000,85320600,4.27
30-Jun-2026,BUAH,SEGAR KUMALA INDONESIA Tbk,MICHEAL IKSAN SUSILO,Individual,L,INDONESIAN,INDONESIA,0,480000000,480000000,24.0
30-Jun-2026,BUAH,SEGAR KUMALA INDONESIA Tbk,MICHELLE JOCELYN,Individual,L,INDONESIAN,INDONESIA,27635800,0,27635800,1.38
30-Jun-2026,BUAH,SEGAR KUMALA INDONESIA Tbk,HERMAN SUSILO,Individual,L,INDONESIAN,INDONESIA,34401200,0,34401200,1.72
30-Jun-2026,BUAH,SEGAR KUMALA INDONESIA Tbk,HENDRO SUSILO,Individual,L,INDONESIAN,INDONESIA,10000000,720000000,730000000,36.5
30-Jun-2026,BUAH,SEGAR KUMALA INDONESIA Tbk,FARREL NOBEL,Individual,L,INDONESIAN,INDONESIA,9528400,80000000,89528400,4.48
30-Jun-2026,BUAH,SEGAR KUMALA INDONESIA Tbk,RENNY LAUREN,Individual,L,INDONESIAN,INDONESIA,20906000,0,20906000,1.05
30-Jun-2026,BUAH,SEGAR KUMALA INDONESIA Tbk,KOJOTO BUDIMAN,Individual,L,INDONESIAN,INDONESIA,63408400,0,63408400,3.17
30-Jun-2026,BUAH,SEGAR KUMALA INDONESIA Tbk,LAY VINA,Individual,L,INDONESIAN,INDONESIA,9509800,80000000,89509800,4.48
30-Jun-2026,BUAH,SEGAR KUMALA INDONESIA Tbk,FABIAN MARDI,Individual,L,INDONESIAN,INDONESIA,9583000,80000000,89583000,4.48
30-Jun-2026,BUAH,SEGAR KUMALA INDONESIA Tbk,NG SIN SENG,Individual,L,INDONESIAN,INDONESIA,0,80000000,80000000,4.0
30-Jun-2026,BUDI,BUDI STARCH & SWEETENER Tbk,PT SUNGAI BUDI,Corporate,L,,INDONESIA,1201296998,0,1201296998,26.7
30-Jun-2026,BUDI,BUDI STARCH & SWEETENER Tbk,PT BUDI DELTA SWAKARYA,Corporate,L,,INDONESIA,1487271833,0,1487271833,33.06
30-Jun-2026,BUDI,BUDI STARCH & SWEETENER Tbk,BONHAM NOMINEES PTE LTD,Trustee Bank,F,,SINGAPORE,216257166,0,216257166,4.81
30-Jun-2026,BUDI,BUDI STARCH & SWEETENER Tbk,ATRIUM ASIA INVESTMENT MANAGEMENT PTE LTD.,Corporate,F,,SINGAPORE,223480000,0,223480000,4.97
30-Jun-2026,BUDI,BUDI STARCH & SWEETENER Tbk,CGS INTERNATIONAL SECURITIES SINGAPORE PTE LTD,Private Bank,F,,SINGAPORE,203697599,0,203697599,4.53
30-Jun-2026,BUDI,BUDI STARCH & SWEETENER Tbk,DBS VICKERS SECS SINGAPORE (PTE) LTD A/C CLIENTS,Securities Company,F,,SINGAPORE,206026800,0,206026800,4.58
30-Jun-2026,BUDI,BUDI STARCH & SWEETENER Tbk,UOB KAY HIAN PTE LTD,Securities Company,F,,SINGAPORE,347762698,0,347762698,7.73
30-Jun-2026,BUDI,BUDI STARCH & SWEETENER Tbk,MAYBANK SECURITIES PTE. LTD.,Investment Manager,F,,SINGAPORE,221349100,0,221349100,4.92
30-Jun-2026,BUDI,BUDI STARCH & SWEETENER Tbk,PHILLIP SECURITIES PTE LTD,Investment Manager,F,,SINGAPORE,187381466,0,187381466,4.16
30-Jun-2026,BUKA,BUKALAPAK.COM Tbk,BUKALAPAK.COM TBK PT,Corporate,L,,INDONESIA,11333488507,0,11333488507,10.99
30-Jun-2026,BUKA,BUKALAPAK.COM Tbk,"ELANG MAHKOTA TEKNOLOGI TBK, PT",Corporate,L,,INDONESIA,10821706040,0,10821706040,10.49
30-Jun-2026,BUKA,BUKALAPAK.COM Tbk,KREATIF MEDIA KARYA PT,Corporate,L,,INDONESIA,46321746385,0,46321746385,44.9
30-Jun-2026,BUKA,BUKALAPAK.COM Tbk,MIRAE ASSET NAVER ASIA GROWTH INVESTMENT PTE LTD,Venture Capital,F,,SINGAPORE,1857930509,0,1857930509,1.8
30-Jun-2026,BUKA,BUKALAPAK.COM Tbk,MUHAMAD FAJRIN RASYID,Individual,L,INDONESIAN,INDONESIA,1200200033,0,1200200033,1.16
30-Jun-2026,BUKA,BUKALAPAK.COM Tbk,WILLIX HALIM,Individual,L,INDONESIAN,INDONESIA,1438287844,0,1438287844,1.39
30-Jun-2026,BUKA,BUKALAPAK.COM Tbk,ACHMAD ZAKY SYAIFUDIN,Individual,L,INDONESIAN,INDONESIA,1245257442,0,1245257442,1.21
30-Jun-2026,BUKK,BUKAKA TEKNIK UTAMA Tbk,PT BUKAKA INVESTINDO,Venture Capital,L,,INDONESIA,36901500,0,36901500,1.4
30-Jun-2026,BUKK,BUKAKA TEKNIK UTAMA Tbk,LAILA ACHMAD,Individual,L,INDONESIAN,INDONESIA,384475003,0,384475003,14.56
30-Jun-2026,BUKK,BUKAKA TEKNIK UTAMA Tbk,NADIA ACHMAD,Individual,L,INDONESIAN,INDONESIA,388475003,0,388475003,14.71
30-Jun-2026,BUKK,BUKAKA TEKNIK UTAMA Tbk,SOLIHIN JUSUF KALLA,Individual,L,INDONESIAN,INDONESIA,789812604,0,789812604,29.91
30-Jun-2026,BUKK,BUKAKA TEKNIK UTAMA Tbk,DRS. SUHAELI  KALLA,Individual,L,INDONESIAN,INDONESIA,800489790,0,800489790,30.32
30-Jun-2026,BUKK,BUKAKA TEKNIK UTAMA Tbk,KOPERASI PURNA BAKTI ENERGI,Cooperatives,L,,INDONESIA,116896974,0,116896974,4.43
30-Jun-2026,BULL,BUANA LINTAS LAUTAN Tbk,PT DELTA ROYAL SEJAHTERA,Firm,L,,INDONESIA,2251898042,0,2251898042,14.53
30-Jun-2026,BULL,BUANA LINTAS LAUTAN Tbk,PT DANATAMA KAPITAL INVESTAMA,Corporate,L,,INDONESIA,211678294,0,211678294,1.37
30-Jun-2026,BULL,BUANA LINTAS LAUTAN Tbk,PT TRUKINDO PERSADA SEJAHTERA,Firm,L,,INDONESIA,518783200,0,518783200,3.35
30-Jun-2026,BULL,BUANA LINTAS LAUTAN Tbk,PT FIRSTINDO FINANSIAL CORPORA,Corporate,L,,INDONESIA,264889350,0,264889350,1.71
30-Jun-2026,BULL,BUANA LINTAS LAUTAN Tbk,KINGSWOOD UNION CORPORATION,Private Equity,F,,SINGAPORE,512800500,0,512800500,3.31
30-Jun-2026,BULL,BUANA LINTAS LAUTAN Tbk,FORTUNE STREET LIMITED,Corporate,F,,HONG KONG,1408585144,0,1408585144,9.09
30-Jun-2026,BULL,BUANA LINTAS LAUTAN Tbk,THE HONGKONG AND SHANGHAI BANKING CORPORATION LIMITED,Bank,F,,HONG KONG,272931800,0,272931800,1.76
30-Jun-2026,BULL,BUANA LINTAS LAUTAN Tbk,UBS AG SINGAPORE BRANCH,Private Bank,F,,SINGAPORE,181708100,0,181708100,1.17
30-Jun-2026,BULL,BUANA LINTAS LAUTAN Tbk,WONG KEVIN,Individual,L,INDONESIAN,INDONESIA,521337950,0,521337950,3.36
30-Jun-2026,BULL,BUANA LINTAS LAUTAN Tbk,RUDY SUSANTO,Individual,L,INDONESIAN,INDONESIA,158160000,0,158160000,1.02
30-Jun-2026,BULL,BUANA LINTAS LAUTAN Tbk,INTERVENTURES  CAPITAL PTE. LTD,Corporate,F,,SINGAPORE,771000000,0,771000000,4.98
30-Jun-2026,BULL,BUANA LINTAS LAUTAN Tbk,PT. KB VALBURY SEKURITAS,Securities Company,L,,INDONESIA,380000000,0,380000000,2.45
30-Jun-2026,BULL,BUANA LINTAS LAUTAN Tbk,PT DANATAMA MAKMUR SEKURITAS,Securities Company,L,,INDONESIA,203108094,0,203108094,1.31
30-Jun-2026,BUMI,BUMI RESOURCES Tbk,PT BAKRIE CAPITAL INDONESIA,Corporate,L,,INDONESIA,4377500777,12643180,4390143957,1.18
30-Jun-2026,BUMI,BUMI RESOURCES Tbk,Treasure Global Investments Limited,Private Equity,F,,HONG KONG,11805000000,0,11805000000,3.18
30-Jun-2026,BUMI,BUMI RESOURCES Tbk,Mach Energy (Hongkong) Limited,Private Equity,F,,HONG KONG,170000000000,0,170000000000,45.78
30-Jun-2026,BUMI,BUMI RESOURCES Tbk,CRIS DEVELOPMENTS LIMITED,Corporate,F,,"VIRGIN ISLANDS, BRITISH",10115976900,0,10115976900,2.72
30-Jun-2026,BUMI,BUMI RESOURCES Tbk,UBS SWITZERLAND AG,Trustee Bank,F,,SWITZERLAND,15412551805,0,15412551805,4.15
30-Jun-2026,BUMI,BUMI RESOURCES Tbk,BANK OF SINGAPORE LIMITED,Private Bank,F,,SINGAPORE,3877011201,0,3877011201,1.04
30-Jun-2026,BUMI,BUMI RESOURCES Tbk,GLAS TRUST (S) LTD.,Trustee Bank,F,,SINGAPORE,7716639554,0,7716639554,2.08
30-Jun-2026,BUMI,BUMI RESOURCES Tbk,CGS INTERNATIONAL SECURITIES HONG KONG LIMITED,Investment Manager,F,,HONG KONG,4057166260,0,4057166260,1.09
30-Jun-2026,BUVA,BUKIT ULUWATU VILLA Tbk,PT TIRTA ORISA YASA,Corporate,L,,INDONESIA,709826076,0,709826076,2.88
30-Jun-2026,BUVA,BUKIT ULUWATU VILLA Tbk,"LIKUPANG GRHA SENTOSA PROPERTI, PT",Corporate,L,,INDONESIA,573285407,0,573285407,2.33
30-Jun-2026,BUVA,BUKIT ULUWATU VILLA Tbk,NUSANTARA UTAMA INVESTAMA PT,Corporate,L,,INDONESIA,15034031772,0,15034031772,61.07
30-Jun-2026,BUVA,BUKIT ULUWATU VILLA Tbk,PT TATA TIRTA DATUN,Corporate,L,,INDONESIA,969574600,0,969574600,3.94
30-Jun-2026,BUVA,BUKIT ULUWATU VILLA Tbk,CASK & CASH PTE. LTD.,Investment Advisors,F,,SINGAPORE,479436859,0,479436859,1.95
30-Jun-2026,BUVA,BUKIT ULUWATU VILLA Tbk,FARPOINT LIMITED,Corporate,F,,SEYCHELLES,720756608,0,720756608,2.93
30-Jun-2026,BUVA,BUKIT ULUWATU VILLA Tbk,ALBERT KURNIAWAN BUDI S,Individual,L,INDONESIAN,INDONESIA,477572682,0,477572682,1.94
30-Jun-2026,BUVA,BUKIT ULUWATU VILLA Tbk,FERRY SUDJONO,Individual,L,INDONESIAN,INDONESIA,295835086,0,295835086,1.2
30-Jun-2026,BUVA,BUKIT ULUWATU VILLA Tbk,GARUDA ONE VCC - ALPHA EDGE VENTURES,Private Equity,F,,SINGAPORE,368459686,0,368459686,1.5
30-Jun-2026,BVIC,BANK VICTORIA INTERNATIONAL  Tbk,PT. VICTORIA INVESTAMA Tbk,Brokerage Firms,L,,INDONESIA,11082071942,0,11082071942,60.17
30-Jun-2026,BVIC,BANK VICTORIA INTERNATIONAL  Tbk,PT. BINTANG MITRA SEMESTARAYA TBK,Corporate,L,,INDONESIA,850186000,0,850186000,4.62
30-Jun-2026,BVIC,BANK VICTORIA INTERNATIONAL  Tbk,Chemical Asia Corporation PTE. LTD.,Firm,F,,SINGAPORE,1958234404,0,1958234404,10.63
30-Jun-2026,BVIC,BANK VICTORIA INTERNATIONAL  Tbk,DEG-DEUTSCHE INV UND EG MBH,Financial Institutional,F,,GERMANY,780394335,0,780394335,4.24
30-Jun-2026,BVIC,BANK VICTORIA INTERNATIONAL  Tbk,SUZANNA TANOJO,Individual,L,INDONESIAN,INDONESIA,1163587703,0,1163587703,6.32
30-Jun-2026,BVIC,BANK VICTORIA INTERNATIONAL  Tbk,Louise Li,Individual,F,CANADIAN,SINGAPORE,579591915,0,579591915,3.15
30-Jun-2026,BVIC,BANK VICTORIA INTERNATIONAL  Tbk,TRANS-UNIVERSAL HOLDINGS LTD,Corporate,F,,"VIRGIN ISLANDS, BRITISH",349503648,0,349503648,1.9
30-Jun-2026,BWPT,"EAGLE HIGH PLANTATIONS, Tbk","RAJAWALI CAPITAL INTERNATIONAL, PT.",Corporate,L,,INDONESIA,11886121516,0,11886121516,37.7
30-Jun-2026,BWPT,"EAGLE HIGH PLANTATIONS, Tbk",PT. RAJAWALI KAPITAL AGRO,Corporate,L,,INDONESIA,805274800,0,805274800,2.55
30-Jun-2026,BWPT,"EAGLE HIGH PLANTATIONS, Tbk","PT. EAGLE HIGH PLANTATIONS, TBK",Corporate,L,,INDONESIA,402922800,0,402922800,1.28
30-Jun-2026,BWPT,"EAGLE HIGH PLANTATIONS, Tbk",PT TASPEN (PERSERO),State Owned Enterprises,L,,INDONESIA,656857500,0,656857500,2.08
30-Jun-2026,BWPT,"EAGLE HIGH PLANTATIONS, Tbk",FIC PROPERTIES SDN BHD,Venture Capital,F,,MALAYSIA,11664357670,0,11664357670,37.0
30-Jun-2026,BYAN,BAYAN RESOURCES Tbk,"SUMBER SURYADAYA PRIMA, PT",Corporate,L,,INDONESIA,3333380000,0,3333380000,10.0
30-Jun-2026,BYAN,BAYAN RESOURCES Tbk,"KOREA EAST-WEST POWER CO,LTD.",Corporate,F,,"KOREA, REPUBLIC OF",1333333400,0,1333333400,4.0
30-Jun-2026,BYAN,BAYAN RESOURCES Tbk,"KOREA WESTERN POWER CO.,LTD.",Investment Fund Selling Agent,F,,"KOREA, REPUBLIC OF",1333333400,0,1333333400,4.0
30-Jun-2026,BYAN,BAYAN RESOURCES Tbk,"KOREA SOUTHERN POWER CO.,LTD.",PermanentEstablishment,F,,"KOREA, REPUBLIC OF",1333333400,0,1333333400,4.0
30-Jun-2026,BYAN,BAYAN RESOURCES Tbk,"KOREA MIDLAND POWER CO.,LTD.",Investment Fund Selling Agent,F,,"KOREA, REPUBLIC OF",1333333400,0,1333333400,4.0
30-Jun-2026,BYAN,BAYAN RESOURCES Tbk,KOREA SOUTH-EAST POWER CO.LTD,Corporate,F,,"KOREA, REPUBLIC OF",1333333400,0,1333333400,4.0
30-Jun-2026,BYAN,BAYAN RESOURCES Tbk,JENNY QUANTERO,Individual,L,INDONESIAN,INDONESIA,0,994975000,994975000,2.98
30-Jun-2026,BYAN,BAYAN RESOURCES Tbk,LOW TUCK KWONG,Individual,L,INDONESIAN,INDONESIA,13416921870,0,13416921870,40.25
30-Jun-2026,BYAN,BAYAN RESOURCES Tbk,LIM CHAI HOCK,Individual,F,MALAYSIAN,INDONESIA,872150000,0,872150000,2.62
30-Jun-2026,BYAN,BAYAN RESOURCES Tbk,ELAINE LOW,Individual,F,SINGAPOREAN,SINGAPORE,7333333700,0,7333333700,22.0
30-Jun-2026,CAKK,CAHAYAPUTRA ASA KERAMIK Tbk,KOBIN KERAMIK INDUSTRI PT,Corporate,L,,INDONESIA,1066636700,0,1066636700,88.64
30-Jun-2026,CAKK,CAHAYAPUTRA ASA KERAMIK Tbk,SUKADI,Individual,L,INDONESIAN,INDONESIA,22474400,0,22474400,1.87
30-Jun-2026,CAKK,CAHAYAPUTRA ASA KERAMIK Tbk,ROY TJOKROWIDJOYO,Individual,L,INDONESIAN,INDONESIA,18697900,0,18697900,1.55
30-Jun-2026,CAMP,CAMPINA ICE CREAM INDUSTRY Tbk,HENDRO HADIPRANOTO,Individual,L,INDONESIAN,INDONESIA,89430900,0,89430900,1.52
30-Jun-2026,CAMP,CAMPINA ICE CREAM INDUSTRY Tbk,JUSTIANI HADIPRANOTO,Individual,L,INDONESIAN,INDONESIA,297974000,0,297974000,5.06
30-Jun-2026,CAMP,CAMPINA ICE CREAM INDUSTRY Tbk,LISTIJANI HADIPRANOTO,Individual,L,INDONESIAN,INDONESIA,88833700,0,88833700,1.51
30-Jun-2026,CAMP,CAMPINA ICE CREAM INDUSTRY Tbk,SABANA PRAWIRA WIDJAJA,Individual,L,INDONESIAN,,4940010100,0,4940010100,83.94
30-Jun-2026,CAMP,CAMPINA ICE CREAM INDUSTRY Tbk,SUHENDRA PRAWIRAWIDJAJA,Individual,L,INDONESIAN,INDONESIA,173889400,0,173889400,2.95
30-Jun-2026,CANI,CAPITOL NUSANTARA INDONESIA Tbk,CIPTA NUSANTARA ABADI PT,,,,,0,300038400,300038400,36.0
30-Jun-2026,CANI,CAPITOL NUSANTARA INDONESIA Tbk,PT. ANUGRAH SEMESTA LANGGENG,Corporate,L,,INDONESIA,325041600,0,325041600,39.0
30-Jun-2026,CANI,CAPITOL NUSANTARA INDONESIA Tbk,RUDYANTO,Individual,L,INDONESIAN,,10000000,0,10000000,1.2
30-Jun-2026,CANI,CAPITOL NUSANTARA INDONESIA Tbk,DR JAMIN BASUKI,Individual,L,INDONESIAN,INDONESIA,13702700,0,13702700,1.64
30-Jun-2026,CANI,CAPITOL NUSANTARA INDONESIA Tbk,RICHARD LIMSON,Individual,L,INDONESIAN,INDONESIA,36421500,0,36421500,4.37
30-Jun-2026,CANI,CAPITOL NUSANTARA INDONESIA Tbk,NG KOK TECK,Individual,F,,,17445600,0,17445600,2.09
30-Jun-2026,CANI,CAPITOL NUSANTARA INDONESIA Tbk,LING DAW JOU,Individual,F,MALAYSIAN,INDONESIA,11399900,0,11399900,1.37
30-Jun-2026,CANI,CAPITOL NUSANTARA INDONESIA Tbk,OCBC SECURITIES PRIVATE LIMITED,Securities Company,F,,SINGAPORE,67500000,0,67500000,8.1
30-Jun-2026,CARE,METRO HEALTHCARE INDONESIA Tbk,PT. Sejahtera Mahkota Persada,Corporate,L,,INDONESIA,1167194804,0,1167194804,3.51
30-Jun-2026,CARE,METRO HEALTHCARE INDONESIA Tbk,"ANUGRAH KASIH RAJAWALI, PT",Corporate,L,,INDONESIA,12499999999,4100000000,16599999999,49.92
30-Jun-2026,CARE,METRO HEALTHCARE INDONESIA Tbk,"SUMBER TEKNOLOGI MULIA, PT",Corporate,L,,INDONESIA,358815000,0,358815000,1.08
30-Jun-2026,CARE,METRO HEALTHCARE INDONESIA Tbk,PT ARIMA KARYA PERSADA,Corporate,L,,INDONESIA,605590800,0,605590800,1.82
30-Jun-2026,CARE,METRO HEALTHCARE INDONESIA Tbk,WELLINGTON INVESTMENTS PTE.LTD,Investment Advisors,F,,SINGAPORE,340000000,0,340000000,1.02
30-Jun-2026,CARE,METRO HEALTHCARE INDONESIA Tbk,LGT BANK AG,Private Bank,F,,LIECHTENSTEIN,999634200,0,999634200,3.01
30-Jun-2026,CARE,METRO HEALTHCARE INDONESIA Tbk,BANK JULIUS BAER & CO. LTD,Private Bank,F,,SINGAPORE,5643313300,0,5643313300,16.97
30-Jun-2026,CARE,METRO HEALTHCARE INDONESIA Tbk,BANK OF SINGAPORE LIMITED,Private Bank,F,,SINGAPORE,755459200,0,755459200,2.27
30-Jun-2026,CARE,METRO HEALTHCARE INDONESIA Tbk,TJANDRA MINATA SUTIONO,Individual,L,INDONESIAN,INDONESIA,356147668,0,356147668,1.07
30-Jun-2026,CARE,METRO HEALTHCARE INDONESIA Tbk,"CAPITAL LIFE SYARIAH, PT",Insurance,L,,INDONESIA,1626079600,0,1626079600,4.89
30-Jun-2026,CARS,INDUSTRI DAN PERDAGANGAN BINTRACO DHARMA Tbk,PT. BALI BINTANG SEJAHTERA,Private Equity,L,,INDONESIA,497166300,0,497166300,3.31
30-Jun-2026,CARS,INDUSTRI DAN PERDAGANGAN BINTRACO DHARMA Tbk,YASA MULTI INVESTAMA,Corporate,L,,INDONESIA,223265700,0,223265700,1.49
30-Jun-2026,CARS,INDUSTRI DAN PERDAGANGAN BINTRACO DHARMA Tbk,VINI TABADIRI INVESTA PT,Private Equity,L,,INDONESIA,167013100,0,167013100,1.11
30-Jun-2026,CARS,INDUSTRI DAN PERDAGANGAN BINTRACO DHARMA Tbk,PT. MITRA PERDANA CITRA,Corporate,L,,INDONESIA,248774600,0,248774600,1.66
30-Jun-2026,CARS,INDUSTRI DAN PERDAGANGAN BINTRACO DHARMA Tbk,PT BERJAYA TRIMAKMUR SEJAHTERA,Corporate,L,,INDONESIA,748351400,0,748351400,4.99
30-Jun-2026,CARS,INDUSTRI DAN PERDAGANGAN BINTRACO DHARMA Tbk,PT. PEDAGANG ASET KRIPTO,Corporate,L,,INDONESIA,562000000,0,562000000,3.75
30-Jun-2026,CARS,INDUSTRI DAN PERDAGANGAN BINTRACO DHARMA Tbk,TERRA KONSUMA INVESTAMA,Private Equity,L,,INDONESIA,433098300,0,433098300,2.89
30-Jun-2026,CARS,INDUSTRI DAN PERDAGANGAN BINTRACO DHARMA Tbk,AGRA CAPITAL PARTNER PT,Firm,L,,INDONESIA,673822800,0,673822800,4.49
30-Jun-2026,CARS,INDUSTRI DAN PERDAGANGAN BINTRACO DHARMA Tbk,"TRINUGRAHA THOHIR HARMONI, PT",Corporate,L,,INDONESIA,750962700,0,750962700,5.01
30-Jun-2026,CARS,INDUSTRI DAN PERDAGANGAN BINTRACO DHARMA Tbk,SILVERCITY ENTERPRISE LIMITED,Corporate,F,,HONG KONG,650588000,0,650588000,4.34
30-Jun-2026,CARS,INDUSTRI DAN PERDAGANGAN BINTRACO DHARMA Tbk,SANDPIPER GLOBAL FUND,Investment Advisors,F,,CAYMAN ISLANDS,711034500,0,711034500,4.74
30-Jun-2026,CARS,INDUSTRI DAN PERDAGANGAN BINTRACO DHARMA Tbk,BLUE DRAGON FUND SPC,Financial Institutional,F,,CAYMAN ISLANDS,404900000,0,404900000,2.7
30-Jun-2026,CARS,INDUSTRI DAN PERDAGANGAN BINTRACO DHARMA Tbk,TJOMO TJENGUNDORO.TJENG,Individual,L,INDONESIAN,INDONESIA,620513500,0,620513500,4.14
30-Jun-2026,CARS,INDUSTRI DAN PERDAGANGAN BINTRACO DHARMA Tbk,PAULUS TOTOK LUSIDA,Individual,L,INDONESIAN,INDONESIA,400000000,0,400000000,2.67
30-Jun-2026,CARS,INDUSTRI DAN PERDAGANGAN BINTRACO DHARMA Tbk,GAMMA ABDURRAHMAN THOHIR,Individual,L,INDONESIAN,INDONESIA,252037000,0,252037000,1.68
30-Jun-2026,CARS,INDUSTRI DAN PERDAGANGAN BINTRACO DHARMA Tbk,JEMI WIYONO PRIHADI,Individual,L,INDONESIAN,INDONESIA,391058500,0,391058500,2.61
30-Jun-2026,CARS,INDUSTRI DAN PERDAGANGAN BINTRACO DHARMA Tbk,VERONICA COLONDAM,Individual,L,INDONESIAN,INDONESIA,398700000,0,398700000,2.66
30-Jun-2026,CARS,INDUSTRI DAN PERDAGANGAN BINTRACO DHARMA Tbk,IR. P. SUDARTO,Individual,L,INDONESIAN,INDONESIA,152963600,0,152963600,1.02
30-Jun-2026,CARS,INDUSTRI DAN PERDAGANGAN BINTRACO DHARMA Tbk,ROY HIMAWAN,Individual,L,INDONESIAN,INDONESIA,226460000,0,226460000,1.51
30-Jun-2026,CARS,INDUSTRI DAN PERDAGANGAN BINTRACO DHARMA Tbk,OTNIEL I S KOROMPIS,Individual,L,INDONESIAN,INDONESIA,627231000,0,627231000,4.18
30-Jun-2026,CARS,INDUSTRI DAN PERDAGANGAN BINTRACO DHARMA Tbk,JULYANAWATI LUKMAN,Individual,L,INDONESIAN,INDONESIA,298375800,0,298375800,1.99
30-Jun-2026,CARS,INDUSTRI DAN PERDAGANGAN BINTRACO DHARMA Tbk,AGUS PRAYITNO WIRAWAN,Individual,L,INDONESIAN,INDONESIA,283189500,0,283189500,1.89
30-Jun-2026,CARS,INDUSTRI DAN PERDAGANGAN BINTRACO DHARMA Tbk,YABES TANURI,Individual,L,INDONESIAN,INDONESIA,500492000,0,500492000,3.34
30-Jun-2026,CARS,INDUSTRI DAN PERDAGANGAN BINTRACO DHARMA Tbk,MARUARAR SIRAIT,Individual,L,INDONESIAN,INDONESIA,737518000,0,737518000,4.92
30-Jun-2026,CARS,INDUSTRI DAN PERDAGANGAN BINTRACO DHARMA Tbk,PT TRIMEGAH SEKURITAS INDONESIA TBK,Securities Company,L,,INDONESIA,434369615,0,434369615,2.9
30-Jun-2026,CARS,INDUSTRI DAN PERDAGANGAN BINTRACO DHARMA Tbk,MAYBANK SECURITIES PTE. LTD.,Investment Manager,F,,SINGAPORE,497124500,0,497124500,3.31
30-Jun-2026,CASA,CAPITAL FINANCIAL INDONESIA Tbk,PT. Sejahtera Mahkota Persada,Corporate,L,,INDONESIA,1021235472,0,1021235472,1.87
30-Jun-2026,CASA,CAPITAL FINANCIAL INDONESIA Tbk,PT PACIFIC INDOCORPORA INDONESIA,Corporate,L,,INDONESIA,1434103300,0,1434103300,2.63
30-Jun-2026,CASA,CAPITAL FINANCIAL INDONESIA Tbk,PT CAPITAL TECHNOLOGIES INDONESIA,Investment Advisors,L,,INDONESIA,2362200000,0,2362200000,4.34
30-Jun-2026,CASA,CAPITAL FINANCIAL INDONESIA Tbk,PT CAPITAL STRATEGIC INVESCO,Private Equity,L,,INDONESIA,25092354842,3600000000,28692354842,52.67
30-Jun-2026,CASA,CAPITAL FINANCIAL INDONESIA Tbk,PT. BARA SEJAHTERA SUKSES,Corporate,L,,INDONESIA,946602000,0,946602000,1.74
30-Jun-2026,CASA,CAPITAL FINANCIAL INDONESIA Tbk,PT CAPITAL GLOBAL STRATEGIC,Investment Advisors,L,,INDONESIA,1951294700,0,1951294700,3.58
30-Jun-2026,CASA,CAPITAL FINANCIAL INDONESIA Tbk,PT ARIMA KARYA PERSADA,Corporate,L,,INDONESIA,611456900,0,611456900,1.12
30-Jun-2026,CASA,CAPITAL FINANCIAL INDONESIA Tbk,GOODSTAR (H.K.) LIMITED,Corporate,F,,HONG KONG,2500000000,0,2500000000,4.59
30-Jun-2026,CASA,CAPITAL FINANCIAL INDONESIA Tbk,POLAR INVESTMENT CORPORATION,Corporate,F,,MARSHALL ISLANDS,0,959800000,959800000,1.76
30-Jun-2026,CASA,CAPITAL FINANCIAL INDONESIA Tbk,AIRSTAR INTERNATIONAL LIMITED,Corporate,F,,HONG KONG,892142500,0,892142500,1.64
30-Jun-2026,CASA,CAPITAL FINANCIAL INDONESIA Tbk,Bellegade International Ltd,Corporate,F,,MARSHALL ISLANDS,2669337000,0,2669337000,4.9
30-Jun-2026,CASA,CAPITAL FINANCIAL INDONESIA Tbk,BANK JULIUS BAER & CO. LTD,Private Bank,F,,SINGAPORE,1199613500,0,1199613500,2.2
30-Jun-2026,CASA,CAPITAL FINANCIAL INDONESIA Tbk,EASTERN PEAK GROUP CORPORATION,Partnership,F,,"VIRGIN ISLANDS, BRITISH",476926000,1127832500,1604758500,2.95
30-Jun-2026,CASA,CAPITAL FINANCIAL INDONESIA Tbk,ZILLION GLORY CONSULTANTS INC,Partnership,F,,"VIRGIN ISLANDS, BRITISH",2669300000,0,2669300000,4.9
30-Jun-2026,CASH,CASHLEZ WORLDWIDE INDONESIA Tbk,PT FORTUNA WIJAYA GLOBAL,Corporate,L,,INDONESIA,91804300,0,91804300,6.41
30-Jun-2026,CASH,CASHLEZ WORLDWIDE INDONESIA Tbk,HASIM SUTIONO,Individual,L,INDONESIAN,INDONESIA,481470733,0,481470733,33.64
30-Jun-2026,CASH,CASHLEZ WORLDWIDE INDONESIA Tbk,FERRY BUDIRAHARDJO,Individual,L,INDONESIAN,INDONESIA,15903668,0,15903668,1.11
30-Jun-2026,CASH,CASHLEZ WORLDWIDE INDONESIA Tbk,"OEI, ALLAN WIBISONO",Individual,L,INDONESIAN,INDONESIA,22028200,0,22028200,1.54
30-Jun-2026,CASH,CASHLEZ WORLDWIDE INDONESIA Tbk,SANDRA ANGELIA,Individual,L,INDONESIAN,INDONESIA,110467000,0,110467000,7.72
30-Jun-2026,CASH,CASHLEZ WORLDWIDE INDONESIA Tbk,BUDIMAN TJAHYADIKARTA,Individual,L,INDONESIAN,INDONESIA,25666856,0,25666856,1.79
30-Jun-2026,CASH,CASHLEZ WORLDWIDE INDONESIA Tbk,ANDRI WIJONO SUTIONO,Individual,L,INDONESIAN,INDONESIA,483748114,0,483748114,33.8
30-Jun-2026,CASH,CASHLEZ WORLDWIDE INDONESIA Tbk,BOBBY SANTOSO,Individual,L,INDONESIAN,INDONESIA,20000000,0,20000000,1.4
30-Jun-2026,CASS,CAHAYA AERO SERVICES Tbk,ROKET CIPTA SENTOSA PT,Corporate,L,,INDONESIA,1273041500,0,1273041500,61.0
30-Jun-2026,CASS,CAHAYA AERO SERVICES Tbk,SATS LTD S/A SATS INVESTMENTS (II) PTE. LTD.,Corporate,F,,SINGAPORE,451830800,0,451830800,21.65
30-Jun-2026,CASS,CAHAYA AERO SERVICES Tbk,SURONO SUBEKTI,Individual,L,INDONESIAN,INDONESIA,119266400,0,119266400,5.71
30-Jun-2026,CASS,CAHAYA AERO SERVICES Tbk,OCBC SECURITIES PRIVATE LIMITED,Securities Company,F,,SINGAPORE,47629400,0,47629400,2.28
30-Jun-2026,CASS,CAHAYA AERO SERVICES Tbk,UOB KAY HIAN PTE LTD,Securities Company,F,,SINGAPORE,34116200,0,34116200,1.63
30-Jun-2026,CBDK,BANGUN KOSAMBI SUKSES Tbk,PANTAI INDAH KAPUK DUA TBK PT,Corporate,L,,INDONESIA,94961240,4852050000,4947011240,87.27
30-Jun-2026,CBMF,CAHAYA BINTANG MEDAN Tbk,"SINAR MAKMUR REZEKI, PT",Corporate,L,,INDONESIA,155000000,0,155000000,8.27
30-Jun-2026,CBMF,CAHAYA BINTANG MEDAN Tbk,"RICHIWA SAKTI INDONESIA, PT",Corporate,L,,INDONESIA,1270000000,0,1270000000,67.73
30-Jun-2026,CBMF,CAHAYA BINTANG MEDAN Tbk,Benny,Individual,L,INDONESIAN,INDONESIA,25000000,0,25000000,1.33
30-Jun-2026,CBPE,CITRA BUANA PRASIDA Tbk,PT. EKANUSA SANDHITHAMA PERSADHA,Corporate,L,,INDONESIA,67422000,0,67422000,4.97
30-Jun-2026,CBPE,CITRA BUANA PRASIDA Tbk,"SANDHI PARAMA NUSA, PT",Corporate,L,,,0,992031000,992031000,73.15
30-Jun-2026,CBPE,CITRA BUANA PRASIDA Tbk,CV ANTARA CAKRA PERDANA,Corporate,L,,INDONESIA,66666600,0,66666600,4.92
30-Jun-2026,CBPE,CITRA BUANA PRASIDA Tbk,PT ARTAPURA NUSANTARA,Corporate,L,,INDONESIA,32158100,0,32158100,2.37
30-Jun-2026,CBPE,CITRA BUANA PRASIDA Tbk,WELLY DJOHARI,Individual,L,INDONESIAN,INDONESIA,67541300,0,67541300,4.98
30-Jun-2026,CBPE,CITRA BUANA PRASIDA Tbk,GAERY DJOHARI,Individual,L,INDONESIAN,INDONESIAN,0,92969000,92969000,6.85
30-Jun-2026,CBRE,CAKRA BUANA RESOURCES ENERGI Tbk,PT REPUBLIK CAPITAL INDONESIA,Corporate,L,,INDONESIA,513000000,0,513000000,11.3
30-Jun-2026,CBRE,CAKRA BUANA RESOURCES ENERGI Tbk,PUKUL RATA KANAN PT,Corporate,L,,INDONESIA,46000000,0,46000000,1.01
30-Jun-2026,CBRE,CAKRA BUANA RESOURCES ENERGI Tbk,PT OMUDAS INVESTMENT HOLDCO,Corporate,L,,INDONESIA,2774000000,0,2774000000,61.13
30-Jun-2026,CBRE,CAKRA BUANA RESOURCES ENERGI Tbk,ANDRY HAKIM,Individual,L,INDONESIAN,INDONESIA,210000074,0,210000074,4.63
30-Jun-2026,CBUT,CITRA BORNEO UTAMA Tbk,CITRA BORNEO INDAH,Corporate,L,,INDONESIA,0,55736300,55736300,1.78
30-Jun-2026,CBUT,CITRA BORNEO UTAMA Tbk,"MITRA MENDAWAI SEJATI, PT",Corporate,L,,,0,125000000,125000000,4.0
30-Jun-2026,CBUT,CITRA BORNEO UTAMA Tbk,"KALIMANTAN SAWIT ABADI, PT",Corporate,L,,,0,125000000,125000000,4.0
30-Jun-2026,CBUT,CITRA BORNEO UTAMA Tbk,PT SAWIT SUMBERMAS SARANA TBK,Corporate,L,,INDONESIA,1644263700,550000000,2194263700,70.22
30-Jun-2026,CBUT,CITRA BORNEO UTAMA Tbk,CGS INTERNATIONAL SECURITIES SINGAPORE PTE LTD,Private Bank,F,,SINGAPORE,153125100,0,153125100,4.9
30-Jun-2026,CBUT,CITRA BORNEO UTAMA Tbk,BANK OF SINGAPORE LIMITED,Private Bank,F,,SINGAPORE,140937500,0,140937500,4.51
30-Jun-2026,CBUT,CITRA BORNEO UTAMA Tbk,MAYBANK GLOBAL GROWTH FUND VCC - MAYBANK GLOBAL GROWTH FUND 1,Investment Advisors,F,,SINGAPORE,203173500,0,203173500,6.5
30-Jun-2026,CCSI,COMMUNICATION CABLE SYSTEMS INDONESIA Tbk,PT Lingkar Matra,Corporate,L,,INDONESIA,244639718,0,244639718,18.35
30-Jun-2026,CCSI,COMMUNICATION CABLE SYSTEMS INDONESIA Tbk,GRAHATAMA KREASIBARU,Corporate,L,,INDONESIA,470720563,0,470720563,35.3
30-Jun-2026,CCSI,COMMUNICATION CABLE SYSTEMS INDONESIA Tbk,SAPTADAYA BUMITAMA PERSADA PT.,Corporate,L,,INDONESIA,0,244639718,244639718,18.35
30-Jun-2026,CCSI,COMMUNICATION CABLE SYSTEMS INDONESIA Tbk,UNITED OVERSEAS BANK NOMINEES (PRIVATE) LIMITED,Private Bank,F,,SINGAPORE,17510020,0,17510020,1.31
30-Jun-2026,CCSI,COMMUNICATION CABLE SYSTEMS INDONESIA Tbk,CENTRAL BUSINESS ALLIANCE PTE. LTD.,Corporate,F,,SINGAPORE,118938186,14294926,133233112,9.99
30-Jun-2026,CCSI,COMMUNICATION CABLE SYSTEMS INDONESIA Tbk,PETER DJATMIKO,Individual,L,INDONESIAN,INDONESIA,111625000,0,111625000,8.37
30-Jun-2026,CDIA,CHANDRA DAYA INVESTASI Tbk,PT CHANDRA ASRI PACIFIC TBK,Corporate,L,,INDONESIA,11234643100,63662977700,74897620800,60.0
30-Jun-2026,CDIA,CHANDRA DAYA INVESTASI Tbk,PHOENIX POWER B.V.,Corporate,F,,,0,37448816400,37448816400,30.0
30-Jun-2026,CDIA,CHANDRA DAYA INVESTASI Tbk,BANGKOK BANK PUBLIC COMPANY LIMITED,Bank,F,,THAILAND,1250000000,0,1250000000,1.0
30-Jun-2026,CEKA,WILMAR CAHAYA INDONESIA Tbk,"SENTRATAMA NIAGA INDONESIA, PT",PermanentEstablishment,L,,INDONESIA,511684000,0,511684000,86.0
30-Jun-2026,CEKA,WILMAR CAHAYA INDONESIA Tbk,RISING SHINE INVESTMENTS LIMITED,Sole Proprietorship,F,,"VIRGIN ISLANDS, BRITISH",29490000,0,29490000,4.96
30-Jun-2026,CEKA,WILMAR CAHAYA INDONESIA Tbk,GANDA THIO,Individual,L,INDONESIAN,INDONESIA,7439600,0,7439600,1.25
30-Jun-2026,CEKA,WILMAR CAHAYA INDONESIA Tbk,SURONO SUBEKTI,Individual,L,INDONESIAN,INDONESIA,12047400,0,12047400,2.02
30-Jun-2026,CENT,CENTRATAMA TELEKOMUNIKASI INDONESIA Tbk,EP ID HOLDINGS PTE.LTD,Corporate,F,,SINGAPORE,28741393732,0,28741393732,92.17
30-Jun-2026,CENT,CENTRATAMA TELEKOMUNIKASI INDONESIA Tbk,UOB KAY HIAN PTE LTD,Securities Company,F,,SINGAPORE,1247838596,0,1247838596,4.0
30-Jun-2026,CFIN,CLIPAN FINANCE INDONESIA Tbk,"BANK PAN INDONESIA TBK, PT",Bank,L,,INDONESIA,2051421264,0,2051421264,51.48
30-Jun-2026,CFIN,CLIPAN FINANCE INDONESIA Tbk,SURONO SUBEKTI,Individual,L,INDONESIAN,INDONESIA,101839700,0,101839700,2.56
30-Jun-2026,CFIN,CLIPAN FINANCE INDONESIA Tbk,RIDOAN MADJUKIE,Individual,L,INDONESIAN,INDONESIA,62800000,0,62800000,1.58
30-Jun-2026,CFIN,CLIPAN FINANCE INDONESIA Tbk,DRS LO KHENG HONG,Individual,L,INDONESIAN,INDONESIA,83050700,0,83050700,2.08
30-Jun-2026,CFIN,CLIPAN FINANCE INDONESIA Tbk,HAIYANTO,Individual,L,INDONESIAN,INDONESIA,198967500,0,198967500,4.99
30-Jun-2026,CFIN,CLIPAN FINANCE INDONESIA Tbk,REKSA DANA PANIN DANA MAKSIMA,Mutual Funds,L,,INDONESIA,60248800,0,60248800,1.51
30-Jun-2026,CFIN,CLIPAN FINANCE INDONESIA Tbk,FIDELITY FUNDS,Mutual Funds,F,,LUXEMBOURG,327759425,0,327759425,8.23
30-Jun-2026,CFIN,CLIPAN FINANCE INDONESIA Tbk,OCBC SECURITIES PRIVATE LIMITED,Securities Company,F,,SINGAPORE,64834400,0,64834400,1.63
30-Jun-2026,CFIN,CLIPAN FINANCE INDONESIA Tbk,UOB KAY HIAN PTE LTD,Securities Company,F,,SINGAPORE,102218200,0,102218200,2.57
30-Jun-2026,CFIN,CLIPAN FINANCE INDONESIA Tbk,MAYBANK SECURITIES PTE. LTD.,Investment Manager,F,,SINGAPORE,48919100,0,48919100,1.23
30-Jun-2026,CGAS,CITRA NUSANTARA GEMILANG Tbk,PT. DHARMA MULIA JAYA,Corporate,L,,,0,379750000,379750000,21.44
30-Jun-2026,CGAS,CITRA NUSANTARA GEMILANG Tbk,PT. TIRTA MARITIM NUSANTARA,Corporate,L,,,0,126480000,126480000,7.14
30-Jun-2026,CGAS,CITRA NUSANTARA GEMILANG Tbk,PT PETRO ASIA ENERGY,Corporate,L,,INDONESIA,0,572570000,572570000,32.32
30-Jun-2026,CGAS,CITRA NUSANTARA GEMILANG Tbk,PT. CIPTA NYATA GEMILANG,Corporate,L,,,0,161200000,161200000,9.1
30-Jun-2026,CGAS,CITRA NUSANTARA GEMILANG Tbk,QUWAWMOON,Individual,L,INDONESIAN,INDONESIA,30201500,0,30201500,1.7
30-Jun-2026,CGAS,CITRA NUSANTARA GEMILANG Tbk,R HARI PRABOWO ST,Individual,L,INDONESIAN,INDONESIA,35953300,0,35953300,2.03
30-Jun-2026,CGAS,CITRA NUSANTARA GEMILANG Tbk,ILHAM MAGGRI,Individual,L,INDONESIAN,INDONESIA,41800000,0,41800000,2.36
30-Jun-2026,CGAS,CITRA NUSANTARA GEMILANG Tbk,PURWOKO,Individual,L,INDONESIAN,INDONESIA,38051100,0,38051100,2.15
30-Jun-2026,CHEK,DIASTIKA BIOTEKINDO Tbk,PT OPTEL INVESTAMA MULIA,Corporate,L,,,0,2488367736,2488367736,60.5
30-Jun-2026,CHEK,DIASTIKA BIOTEKINDO Tbk,DIASTIKA BIOTEKINDO TBK PT,Corporate,L,,INDONESIA,80000000,0,80000000,1.94
30-Jun-2026,CHEK,DIASTIKA BIOTEKINDO Tbk,MIRXES PTE LTD,Corporate,F,,SINGAPORE,114292300,0,114292300,2.78
30-Jun-2026,CHEK,DIASTIKA BIOTEKINDO Tbk,HEALTHY ALLIANCE LIMITED,Corporate,F,,HONG KONG,0,93625876,93625876,2.28
30-Jun-2026,CHEK,DIASTIKA BIOTEKINDO Tbk,DRA TH M NELLY SUSANTI,Individual,L,INDONESIAN,INDONESIAN,0,650179697,650179697,15.81
30-Jun-2026,CHEM,CHEMSTAR INDONESIA Tbk,"TUNAS BAHTERA HARUM, PT",,,,,0,1164000000,1164000000,68.47
30-Jun-2026,CHIP,PELITA TEKNOLOGI GLOBAL Tbk,WILMAR SEJAHTERA ASIA PT,Corporate,L,,INDONESIA,30300000,0,30300000,3.76
30-Jun-2026,CHIP,PELITA TEKNOLOGI GLOBAL Tbk,BARAN SURYAMAS LAMA PT,Corporate,L,,INDONESIA,30300000,0,30300000,3.76
30-Jun-2026,CHIP,PELITA TEKNOLOGI GLOBAL Tbk,ANEKA TARUNA SELARAS PT,Corporate,L,,INDONESIA,30300000,0,30300000,3.76
30-Jun-2026,CHIP,PELITA TEKNOLOGI GLOBAL Tbk,SURYA PELANGI CAHAYA PT,Corporate,L,,INDONESIA,30300000,0,30300000,3.76
30-Jun-2026,CHIP,PELITA TEKNOLOGI GLOBAL Tbk,KARYA PERMATA BERKAT JAYA PT,Corporate,L,,INDONESIA,480480000,0,480480000,59.61
30-Jun-2026,CHIP,PELITA TEKNOLOGI GLOBAL Tbk,WELLY SETIADI SALIM,Individual,L,INDONESIAN,INDONESIA,8395000,0,8395000,1.04
30-Jun-2026,CHIP,PELITA TEKNOLOGI GLOBAL Tbk,DJAJA ISKANDAR PUTRA,Individual,L,INDONESIAN,INDONESIA,18780800,0,18780800,2.33
30-Jun-2026,CINT,CHITOSE INTERNASIONAL Tbk,"BINA ANALISINDO SEMESTA, PT",,,,,0,12250000,12250000,1.23
30-Jun-2026,CINT,CHITOSE INTERNASIONAL Tbk,PT TRISULA INTERNATIONAL TBK,Corporate,L,,INDONESIA,40724000,0,40724000,4.07
30-Jun-2026,CINT,CHITOSE INTERNASIONAL Tbk,PT TRIMAS SARANA GARMENT INDUSTRY,Corporate,L,,INDONESIA,25835800,0,25835800,2.58
30-Jun-2026,CINT,CHITOSE INTERNASIONAL Tbk,PT.TRITIRTA INTI MANDIRI,Corporate,L,,INDONESIA,33918000,498728100,532646100,53.26
30-Jun-2026,CINT,CHITOSE INTERNASIONAL Tbk,UBS AG SINGAPORE BRANCH,Private Bank,F,,SINGAPORE,49000000,0,49000000,4.9
30-Jun-2026,CINT,CHITOSE INTERNASIONAL Tbk,CASCADEN INVESTMENT LIMITED,Investment Advisors,F,,"VIRGIN ISLANDS, BRITISH",35956700,0,35956700,3.6
30-Jun-2026,CINT,CHITOSE INTERNASIONAL Tbk,NIVEN HOLDINGS LIMITED,Investment Advisors,F,,"VIRGIN ISLANDS, BRITISH",60194800,0,60194800,6.02
30-Jun-2026,CINT,CHITOSE INTERNASIONAL Tbk,BOQUETE GROUP S.A.,Investment Advisors,F,,"VIRGIN ISLANDS, BRITISH",10339150,0,10339150,1.03
30-Jun-2026,CINT,CHITOSE INTERNASIONAL Tbk,KIKY SUHERLAN,Individual,L,INDONESIAN,INDONESIA,50000000,0,50000000,5.0
30-Jun-2026,CINT,CHITOSE INTERNASIONAL Tbk,DEDIE SUHERLAN,Individual,L,INDONESIAN,INDONESIA,50000000,0,50000000,5.0
30-Jun-2026,CINT,CHITOSE INTERNASIONAL Tbk,BAYRON INVESTMENT GROUP LTD,Venture Capital,F,,"VIRGIN ISLANDS, BRITISH",35667250,0,35667250,3.57
30-Jun-2026,CINT,CHITOSE INTERNASIONAL Tbk,PHILLIP SECURITIES PTE LTD,Investment Manager,F,,SINGAPORE,19250000,0,19250000,1.93
30-Jun-2026,CITA,CITA MINERAL INVESTINDO Tbk,PT ALAMTRI INDO ALUMINIUM,Corporate,L,,INDONESIA,142648700,0,142648700,3.6
30-Jun-2026,CITA,CITA MINERAL INVESTINDO Tbk,HARITA JAYARAYA,Corporate,L,,INDONESIA,734140695,1660105263,2394245958,60.46
30-Jun-2026,CITA,CITA MINERAL INVESTINDO Tbk,GLENCORE INTERNATIONAL INVESTMENTS LTD.,Corporate,F,,BERMUDA,1251999084,0,1251999084,31.61
30-Jun-2026,CITA,CITA MINERAL INVESTINDO Tbk,UOB KAY HIAN PTE LTD,Securities Company,F,,SINGAPORE,115953940,0,115953940,2.93
30-Jun-2026,CITY,NATURA CITY DEVELOPMENTS Tbk,"GEMA KARYA INSAN, PT",,,,,0,269000000,269000000,4.98
30-Jun-2026,CITY,NATURA CITY DEVELOPMENTS Tbk,GOLDEN CAPITAL FOUNDATION,,,,,0,510000000,510000000,9.44
30-Jun-2026,CITY,NATURA CITY DEVELOPMENTS Tbk,PT ASA INSAN SAMPURNA,,,,,0,265000000,265000000,4.9
30-Jun-2026,CITY,NATURA CITY DEVELOPMENTS Tbk,PT ASA KENCANA MAKMUR,,,,,0,266000000,266000000,4.92
30-Jun-2026,CITY,NATURA CITY DEVELOPMENTS Tbk,PT GUNUNG NUSA INDAH,,,,,0,250000000,250000000,4.63
30-Jun-2026,CITY,NATURA CITY DEVELOPMENTS Tbk,PT MANIKA ELOK CEMERLANG,,,,,0,250000000,250000000,4.63
30-Jun-2026,CITY,NATURA CITY DEVELOPMENTS Tbk,PT SURYA CIPTA UTAMA,,,,,0,240000000,240000000,4.44
30-Jun-2026,CITY,NATURA CITY DEVELOPMENTS Tbk,QUEEN BRIDGE INVESTMENTS LIMITED,,,,,0,260000000,260000000,4.81
30-Jun-2026,CITY,NATURA CITY DEVELOPMENTS Tbk,"TUNAS TUMBUH BERKEMBANG, PT",,,,,0,534427000,534427000,9.89
30-Jun-2026,CITY,NATURA CITY DEVELOPMENTS Tbk,"KARYA CAKRAWALA PERDANA, PT",Private Equity,L,,INDONESIA,4448500,313902870,318351370,5.89
30-Jun-2026,CITY,NATURA CITY DEVELOPMENTS Tbk,PT SAKTI GENERASI PERDANA,Corporate,L,,INDONESIA,0,1115000000,1115000000,20.63
30-Jun-2026,CITY,NATURA CITY DEVELOPMENTS Tbk,"MAHA GEMILANG SEJAHTERA, PT",Commanditaire Vennootschap (CV) Or Limited Partnership,L,,INDONESIA,155225000,0,155225000,2.87
30-Jun-2026,CITY,NATURA CITY DEVELOPMENTS Tbk,PT PACIFIK MANAGEMENT BUANA,Corporate,L,,,0,210000000,210000000,3.89
30-Jun-2026,CITY,NATURA CITY DEVELOPMENTS Tbk,PT CAHAYA OBOR DAMAI,Corporate,L,,,0,235200000,235200000,4.35
30-Jun-2026,CITY,NATURA CITY DEVELOPMENTS Tbk,PT NUANSA INDAH KEMILAU,Corporate,L,,,0,212522000,212522000,3.93
30-Jun-2026,CITY,NATURA CITY DEVELOPMENTS Tbk,PT DANATAMA MAKMUR SEKURITAS,Securities Company,L,,INDONESIA,80041230,0,80041230,1.48
30-Jun-2026,CLAY,CITRA PUTRA REALTY Tbk,CITRA PUTRA MANDIRI PT,,,,,0,1998750000,1998750000,77.77
30-Jun-2026,CLAY,CITRA PUTRA REALTY Tbk,PT BIOFUEL INDO SUMATRA,Corporate,L,,INDONESIA,44843667,0,44843667,1.74
30-Jun-2026,CLAY,CITRA PUTRA REALTY Tbk,ABI HASNI TAHIR,Individual,L,INDONESIAN,,122000000,0,122000000,4.75
30-Jun-2026,CLAY,CITRA PUTRA REALTY Tbk,RAJA SAPTA ERVIAN,Individual,L,INDONESIAN,INDONESIA,42068266,0,42068266,1.64
30-Jun-2026,CLAY,CITRA PUTRA REALTY Tbk,PUTRI SELARAS,Individual,L,INDONESIAN,INDONESIA,0,51250000,51250000,1.99
30-Jun-2026,CLAY,CITRA PUTRA REALTY Tbk,DODI SUHARTONO ABDULKADIR,Individual,L,INDONESIAN,INDONESIA,122000000,0,122000000,4.75
30-Jun-2026,CLAY,CITRA PUTRA REALTY Tbk,ALBERT PHILIP,Individual,L,INDONESIAN,INDONESIA,55065000,0,55065000,2.14
30-Jun-2026,CLAY,CITRA PUTRA REALTY Tbk,RUKI,Individual,L,INDONESIAN,INDONESIA,117000000,0,117000000,4.55
30-Jun-2026,CLEO,SARIGUNA PRIMATIRTA Tbk,PT. TANCORP GLOBAL ABADI,Corporate,L,,INDONESIA,109824800,13360000000,13469824800,56.12
30-Jun-2026,CLEO,SARIGUNA PRIMATIRTA Tbk,"TUDUNG PUTRA PUTRI JAYA, PT",Corporate,L,,INDONESIA,985757800,0,985757800,4.11
30-Jun-2026,CLEO,SARIGUNA PRIMATIRTA Tbk,PT. MULIA PRIMA TUNGGAL,Firm,L,,INDONESIA,704496300,0,704496300,2.94
30-Jun-2026,CLEO,SARIGUNA PRIMATIRTA Tbk,"BERKAT NIRWANA SENTOSA, PT",Corporate,L,,INDONESIA,700000000,0,700000000,2.92
30-Jun-2026,CLEO,SARIGUNA PRIMATIRTA Tbk,PT TANCORP GLOBAL SENTOSA,Corporate,L,,INDONESIA,161400000,4900000000,5061400000,21.09
30-Jun-2026,CLEO,SARIGUNA PRIMATIRTA Tbk,HERMANTO TANOKO,Individual,L,INDONESIAN,INDONESIA,243712158,0,243712158,1.02
30-Jun-2026,CLEO,SARIGUNA PRIMATIRTA Tbk,SURONO SUBEKTI,Individual,L,INDONESIAN,INDONESIA,292720000,0,292720000,1.22
30-Jun-2026,CLPI,COLORPAK INDONESIA Tbk,RICKY DONALS,Individual,L,,,3106500,0,3106500,1.01
30-Jun-2026,CLPI,COLORPAK INDONESIA Tbk,PT. BUKIT JAYA SEMESTA,Corporate,L,,INDONESIA,695300,22060000,22755300,7.43
30-Jun-2026,CLPI,COLORPAK INDONESIA Tbk,PT. INK COLOR INT PTE.LTD WM CLIENT,Corporate,F,,SINGAPORE,156230000,0,156230000,51.0
30-Jun-2026,CLPI,COLORPAK INDONESIA Tbk,SYLVIA INDRASARI NUGROHO,Individual,L,INDONESIAN,INDONESIA,6190000,0,6190000,2.02
30-Jun-2026,CLPI,COLORPAK INDONESIA Tbk,SUTRISNO,Individual,L,INDONESIAN,INDONESIA,3642100,0,3642100,1.19
30-Jun-2026,CLPI,COLORPAK INDONESIA Tbk,WINARDI PRANATAJAYA,Individual,L,INDONESIAN,,3141000,0,3141000,1.03
30-Jun-2026,CLPI,COLORPAK INDONESIA Tbk,TJIA HWIE TJIN,Individual,L,INDONESIAN,,8000000,0,8000000,2.61
30-Jun-2026,CLPI,COLORPAK INDONESIA Tbk,SANTOSO JIEMY,Individual,L,INDONESIAN,INDONESIA,12159000,0,12159000,3.97
30-Jun-2026,CLPI,COLORPAK INDONESIA Tbk,NITA WULANSARI NUGROHO,Individual,L,INDONESIAN,INDONESIA,6210000,0,6210000,2.03
30-Jun-2026,CLPI,COLORPAK INDONESIA Tbk,CHANDRA NATALIE WIDJAJA,Individual,L,INDONESIAN,INDONESIA,20364500,0,20364500,6.65
30-Jun-2026,CLPI,COLORPAK INDONESIA Tbk,TJIA TJOEN HOK,Individual,L,INDONESIAN,,6867700,0,6867700,2.24
30-Jun-2026,CMNP,CITRA MARGA NUSAPHALA PERSADA Tbk,MERAH PUTIH INTERNATIONAL LIMITED,Corporate,F,,"VIRGIN ISLANDS, BRITISH",331989901,0,331989901,4.96
30-Jun-2026,CMNP,CITRA MARGA NUSAPHALA PERSADA Tbk,MOHAMAD JUSUF HAMKA,Individual,L,INDONESIAN,INDONESIA,220515996,50000000,270515996,4.04
30-Jun-2026,CMNP,CITRA MARGA NUSAPHALA PERSADA Tbk,FITRIA YUSUF,Individual,L,INDONESIAN,INDONESIA,334195400,0,334195400,4.99
30-Jun-2026,CMNP,CITRA MARGA NUSAPHALA PERSADA Tbk,FEISAL HAMKA,Individual,L,INDONESIAN,INDONESIA,334772774,0,334772774,5.0
30-Jun-2026,CMNP,CITRA MARGA NUSAPHALA PERSADA Tbk,IEVAN DANIAR SUMAMPOW,Individual,L,INDONESIAN,INDONESIA,167076500,0,167076500,2.5
30-Jun-2026,CMNP,CITRA MARGA NUSAPHALA PERSADA Tbk,LENA T BURHANUDIN,Individual,L,INDONESIAN,INDONESIA,334559700,0,334559700,5.0
30-Jun-2026,CMNP,CITRA MARGA NUSAPHALA PERSADA Tbk,FARID HAMKA,Individual,L,INDONESIAN,INDONESIA,333828574,0,333828574,4.99
30-Jun-2026,CMNP,CITRA MARGA NUSAPHALA PERSADA Tbk,AGUS WIDAGDO,Individual,L,INDONESIAN,INDONESIA,147930750,0,147930750,2.21
30-Jun-2026,CMNP,CITRA MARGA NUSAPHALA PERSADA Tbk,IEFENN ADRIANNE SUMAMPOW,Individual,L,INDONESIAN,INDONESIA,86212220,0,86212220,1.29
30-Jun-2026,CMNP,CITRA MARGA NUSAPHALA PERSADA Tbk,ENDANG LESTARI PUJIASTUTI,Individual,L,INDONESIAN,INDONESIA,240144250,0,240144250,3.59
30-Jun-2026,CMNP,CITRA MARGA NUSAPHALA PERSADA Tbk,BP2S SG/BNP PARIBAS SINGAPORE BRANCH WEALTH MANAGEMENT,Private Bank,F,,SINGAPORE,3974436274,0,3974436274,59.35
30-Jun-2026,CMNT,CEMINDO GEMILANG Tbk,PT GAMA GROUP,Corporate,L,,INDONESIA,190000000,0,190000000,1.11
30-Jun-2026,CMNT,CEMINDO GEMILANG Tbk,GRANDHAM LIMITED,Corporate,F,,"VIRGIN ISLANDS, BRITISH",518206300,0,518206300,3.03
30-Jun-2026,CMNT,CEMINDO GEMILANG Tbk,WH INVESTMENTS PTE. LTD.,Corporate,F,,SINGAPORE,14962904000,0,14962904000,87.37
30-Jun-2026,CMNT,CEMINDO GEMILANG Tbk,CHINA PARADISE H.K. LIMITED,Corporate,F,,HONG KONG,745051800,0,745051800,4.35
30-Jun-2026,CMNT,CEMINDO GEMILANG Tbk,UBS AG SINGAPORE BRANCH,Private Bank,F,,SINGAPORE,267360900,0,267360900,1.56
30-Jun-2026,CMPP,AIRASIA INDONESIA Tbk,PT. FERSINDO NUSAPERKASA,Corporate,L,,INDONESIA,4931915000,0,4931915000,46.16
30-Jun-2026,CMPP,AIRASIA INDONESIA Tbk,AIRASIA AVIATION GROUP LIMITED,Corporate,F,,MALAYSIA,4942013300,0,4942013300,46.25
30-Jun-2026,CMPP,AIRASIA INDONESIA Tbk,PT DANATAMA MAKMUR SEKURITAS,Securities Company,L,,INDONESIA,450000000,0,450000000,4.21
30-Jun-2026,CMRY,CISARUA MOUNTAIN DAIRY Tbk,GENERAL ATLANTIC SINGAPORE CMR PTE. LTD.,Private Equity,F,,SINGAPORE,447777778,0,447777778,5.64
30-Jun-2026,CMRY,CISARUA MOUNTAIN DAIRY Tbk,AXEL SUTANTIO,Individual,L,INDONESIAN,INDONESIA,0,537003200,537003200,6.77
30-Jun-2026,CMRY,CISARUA MOUNTAIN DAIRY Tbk,BAMBANG SUTANTIO,Individual,L,INDONESIAN,INDONESIA,250000000,4000000000,4250000000,53.56
30-Jun-2026,CMRY,CISARUA MOUNTAIN DAIRY Tbk,WENZEL SUTANTIO,Individual,L,INDONESIAN,INDONESIA,31807600,530000000,561807600,7.08
30-Jun-2026,CMRY,CISARUA MOUNTAIN DAIRY Tbk,FARELL GRANDISURI,Individual,L,INDONESIAN,INDONESIA,151555700,457003200,608558900,7.67
30-Jun-2026,CMRY,CISARUA MOUNTAIN DAIRY Tbk,PT. PRUDENTIAL LIFE ASSURANCE,Insurance,L,,INDONESIA,86763000,0,86763000,1.09
30-Jun-2026,CMRY,CISARUA MOUNTAIN DAIRY Tbk,MITSUBISHI UFJ MORGAN STANLEY SECURITIES CO LTD-CLIENT ACCOUNT,Securities Company,F,,JAPAN,111945500,0,111945500,1.41
30-Jun-2026,CNKO,EXPLOITASI ENERGI INDONESIA Tbk,PT SAIBATAMA INTERNASIONAL MANDIRI,Corporate,L,,INDONESIA,174285211,0,174285211,1.95
30-Jun-2026,CNKO,EXPLOITASI ENERGI INDONESIA Tbk,ANDERSON BAY PTE LTD,Corporate,F,,SINGAPORE,4083459543,0,4083459543,45.59
30-Jun-2026,CNKO,EXPLOITASI ENERGI INDONESIA Tbk,"UNION BANCAIRE PRIVEE, UBP SA SINGAPORE BRANCH",Private Bank,F,,SINGAPORE,170000000,0,170000000,1.9
30-Jun-2026,CNKO,EXPLOITASI ENERGI INDONESIA Tbk,ALAN KUNTJORO,Individual,L,INDONESIAN,INDONESIA,168900000,0,168900000,1.89
30-Jun-2026,CNKO,EXPLOITASI ENERGI INDONESIA Tbk,VIVI GUNAWAN,Individual,L,INDONESIAN,INDONESIA,200500000,0,200500000,2.24
30-Jun-2026,CNMA,NUSANTARA SEJAHTERA RAYA Tbk,PT. HARKATJAYA BUMIPERSADA,Corporate,L,,INDONESIA,900000000,45000000000,45900000000,55.07
30-Jun-2026,CNMA,NUSANTARA SEJAHTERA RAYA Tbk,PT. ADI PRATAMA NUSANTARA,Firm,L,,INDONESIA,11475000000,0,11475000000,13.77
30-Jun-2026,CNMA,NUSANTARA SEJAHTERA RAYA Tbk,SALWEEN INVESTMENT PTE LTD,Corporate,F,,SINGAPORE,19135200000,0,19135200000,22.96
30-Jun-2026,CNMA,NUSANTARA SEJAHTERA RAYA Tbk,ALBIZIA ASEAN TENGGARA FUND,Mutual Funds,F,,CAYMAN ISLANDS,1212076098,0,1212076098,1.45
30-Jun-2026,CNTX,CENTEX Tbk SERI A PREFEREN,PT EASTERNTEX,,,,,0,20298000,20298000,29.0
30-Jun-2026,CNTX,CENTEX Tbk SERI A PREFEREN,TORAY INDUSTRIES INC,,,,,0,4000000,4000000,5.71
30-Jun-2026,CNTX,CENTEX Tbk SERI A PREFEREN,BUDIMAN KENCANA LESTARI,Corporate,L,,INDONESIA,3310000,0,3310000,4.73
30-Jun-2026,CNTX,CENTEX Tbk SERI A PREFEREN,PT PROSPECT MOTOR,Corporate,L,,INDONESIA,23941000,250000,24191000,34.56
30-Jun-2026,CNTX,CENTEX Tbk SERI A PREFEREN,PENFABRIC SDN BERHAD,Corporate,F,,MALAYSIA,11546054,2616000,14162054,20.23
30-Jun-2026,CNTX,CENTEX Tbk SERI A PREFEREN,USMAN,Individual,L,INDONESIAN,INDONESIA,1807800,0,1807800,2.58
30-Jun-2026,COAL,BLACK DIAMOND RESOURCES Tbk,HERRY SEN,Individual,L,INDONESIAN,INDONESIA,0,250000000,250000000,4.0
30-Jun-2026,COAL,BLACK DIAMOND RESOURCES Tbk,CHRIST SOENOTO,Individual,L,INDONESIAN,INDONESIA,78750000,0,78750000,1.26
30-Jun-2026,COAL,BLACK DIAMOND RESOURCES Tbk,YUDI SETIAWAN,Individual,L,INDONESIAN,INDONESIA,177594900,0,177594900,2.84
30-Jun-2026,COAL,BLACK DIAMOND RESOURCES Tbk,ARIE RINALDI,Individual,L,INDONESIAN,INDONESIA,375000000,0,375000000,6.0
30-Jun-2026,COAL,BLACK DIAMOND RESOURCES Tbk,MUHAMMAD SARJONO,Individual,L,INDONESIAN,INDONESIA,82346800,0,82346800,1.32
30-Jun-2026,COAL,BLACK DIAMOND RESOURCES Tbk,SUJAKA LAYS,Individual,L,INDONESIAN,INDONESIA,542789500,0,542789500,8.68
30-Jun-2026,COCO,WAHANA INTERFOOD NUSANTARA Tbk,PT MITRA SAWIT BARU,Corporate,L,,INDONESIA,60907250,0,60907250,1.71
30-Jun-2026,COCO,WAHANA INTERFOOD NUSANTARA Tbk,PT. INTER JAYA CORPORA,Corporate,L,,INDONESIA,50605750,0,50605750,1.42
30-Jun-2026,COCO,WAHANA INTERFOOD NUSANTARA Tbk,MAHOGANY GLOBAL INVESTMENT PTE.LTD,Private Equity,F,,"VIRGIN ISLANDS, BRITISH",1826864604,0,1826864604,51.32
30-Jun-2026,COCO,WAHANA INTERFOOD NUSANTARA Tbk,DBS BANK LTD.,Bank,F,,SINGAPORE,174444744,0,174444744,4.9
30-Jun-2026,COCO,WAHANA INTERFOOD NUSANTARA Tbk,IR. P. SUDARTO,Individual,L,INDONESIAN,INDONESIA,97287300,0,97287300,2.73
30-Jun-2026,COCO,WAHANA INTERFOOD NUSANTARA Tbk,ANTHONIO,Individual,L,INDONESIAN,,49381900,0,49381900,1.39
30-Jun-2026,COCO,WAHANA INTERFOOD NUSANTARA Tbk,MARUARAR SIRAIT,Individual,L,INDONESIAN,INDONESIA,113262600,0,113262600,3.18
30-Jun-2026,COCO,WAHANA INTERFOOD NUSANTARA Tbk,LEE YAN GWAN,Individual,F,SINGAPOREAN,INDONESIA,48200000,0,48200000,1.35
30-Jun-2026,COIN,INDOKRIPTO KOIN SEMESTA Tbk,"MEGAH PERKASA INVESTINDO, PT",Investment Advisors,L,,INDONESIA,3527001000,0,3527001000,23.98
30-Jun-2026,COIN,INDOKRIPTO KOIN SEMESTA Tbk,"GRAHA PUTRA MENTARI, PT",Investment Advisors,L,,INDONESIA,500000000,0,500000000,3.4
30-Jun-2026,COIN,INDOKRIPTO KOIN SEMESTA Tbk,"CAKRAWALA INDOTAMA ABADI, PT",Investment Advisors,L,,INDONESIA,492325000,0,492325000,3.35
30-Jun-2026,COIN,INDOKRIPTO KOIN SEMESTA Tbk,"DUTA PERKASA TEKNOLOGI, PT",Investment Advisors,L,,INDONESIA,500000000,0,500000000,3.4
30-Jun-2026,COIN,INDOKRIPTO KOIN SEMESTA Tbk,"FAJAR INFORMATIKA PERKASA, PT",Investment Advisors,L,,INDONESIA,500000000,0,500000000,3.4
30-Jun-2026,COIN,INDOKRIPTO KOIN SEMESTA Tbk,"HARMONI SENTOSA NUSANTARA, PT",Investment Advisors,L,,INDONESIA,500000000,0,500000000,3.4
30-Jun-2026,COIN,INDOKRIPTO KOIN SEMESTA Tbk,"TEKNOLOGI ANAK NUSANTARA, PT",Corporate,L,,INDONESIA,750000000,0,750000000,5.1
30-Jun-2026,COIN,INDOKRIPTO KOIN SEMESTA Tbk,"SENTRA DANA KAPITAL, PT",Investment Advisors,L,,INDONESIA,186117500,0,186117500,1.27
30-Jun-2026,COIN,INDOKRIPTO KOIN SEMESTA Tbk,"MANTRA PERMATA SEJAHTERA, PT",Corporate,L,,INDONESIA,468750000,0,468750000,3.19
30-Jun-2026,COIN,INDOKRIPTO KOIN SEMESTA Tbk,"SURYA DIGITAL GEMILANG, PT",Corporate,L,,INDONESIA,468750000,0,468750000,3.19
30-Jun-2026,COIN,INDOKRIPTO KOIN SEMESTA Tbk,"BAHANA NUSANTARA INDOJAYA, PT",Investment Advisors,L,,INDONESIA,2931249000,0,2931249000,19.93
30-Jun-2026,COIN,INDOKRIPTO KOIN SEMESTA Tbk,"ENERGI HARMONI PERKASA, PT",Investment Advisors,L,,INDONESIA,375000000,0,375000000,2.55
30-Jun-2026,COIN,INDOKRIPTO KOIN SEMESTA Tbk,WASAMAS INVESTAMA NUSANTARA PT,Corporate,L,,INDONESIA,202800000,0,202800000,1.38
30-Jun-2026,COIN,INDOKRIPTO KOIN SEMESTA Tbk,"ARSARI NUSA INVESTAMA, PT",Investment Advisors,L,,INDONESIA,294117600,0,294117600,2.0
30-Jun-2026,COIN,INDOKRIPTO KOIN SEMESTA Tbk,IR.H.BUDI MARDIONO,Individual,L,INDONESIAN,INDONESIA,1166750000,0,1166750000,7.93
30-Jun-2026,COWL,COWELL DEVELOPMENT Tbk,PT KRISTAL DAYA KENCANA,Corporate,L,,INDONESIA,110694600,0,110694600,2.27
30-Jun-2026,COWL,COWELL DEVELOPMENT Tbk,PT Gama Nusapala,Corporate,L,,INDONESIA,3464639204,0,3464639204,71.12
30-Jun-2026,COWL,COWELL DEVELOPMENT Tbk,FERAL INVESTMENT INC,PermanentEstablishment,F,,SEYCHELLES,699040539,0,699040539,14.35
30-Jun-2026,COWL,COWELL DEVELOPMENT Tbk,Earvin Limited,PermanentEstablishment,F,,SEYCHELLES,395470500,0,395470500,8.12
30-Jun-2026,COWL,COWELL DEVELOPMENT Tbk,REKSA DANA EMCO MANTAP,Mutual Funds,L,,INDONESIA,76758400,0,76758400,1.58
30-Jun-2026,CPIN,CHAROEN POKPHAND INDONESIA Tbk,CHAROEN POKPHAND INDONESIA GROUP PT,Corporate,L,,,0,9106385410,9106385410,55.53
30-Jun-2026,CPIN,CHAROEN POKPHAND INDONESIA Tbk,PT LEAP GLOBAL CAPITAL,Corporate,L,,INDONESIA,58442400,710000000,768442400,4.69
30-Jun-2026,CPIN,CHAROEN POKPHAND INDONESIA Tbk,UNITED OVERSEAS BANK NOMINEES (PRIVATE) LIMITED,Private Bank,F,,SINGAPORE,704137300,0,704137300,4.29
30-Jun-2026,CPIN,CHAROEN POKPHAND INDONESIA Tbk,BONHAM NOMINEES PTE LTD,Trustee Bank,F,,SINGAPORE,512963540,0,512963540,3.13
30-Jun-2026,CPIN,CHAROEN POKPHAND INDONESIA Tbk,DBS BANK LTD.,Bank,F,,SINGAPORE,719421300,0,719421300,4.39
30-Jun-2026,CPIN,CHAROEN POKPHAND INDONESIA Tbk,UBS AG SINGAPORE BRANCH,Private Bank,F,,SINGAPORE,980766200,0,980766200,5.98
30-Jun-2026,CPIN,CHAROEN POKPHAND INDONESIA Tbk,RBC SINGAPORE - CLIENTS A/C,Private Bank,F,,SINGAPORE,681950000,0,681950000,4.16
30-Jun-2026,CPIN,CHAROEN POKPHAND INDONESIA Tbk,DJS KETENAGAKERJAAN PROGRAM JAMINAN PENSIUN,State Owned Enterprises,L,,INDONESIA,263754700,0,263754700,1.61
30-Jun-2026,CPIN,CHAROEN POKPHAND INDONESIA Tbk,UOB KAY HIAN PTE LTD,Securities Company,F,,SINGAPORE,392577420,0,392577420,2.39
30-Jun-2026,CPRI,CAPRI NUSA SATU PROPERTI Tbk,PT RDW GLOBAL INVESTASI d/h PT INDIGO SUPER MEKANIKA,,,,,0,1732500000,1732500000,71.2
30-Jun-2026,CPRI,CAPRI NUSA SATU PROPERTI Tbk,REKSA DANA EMCO MANTAP,Mutual Funds,L,,INDONESIA,37119200,0,37119200,1.53
30-Jun-2026,CPRI,CAPRI NUSA SATU PROPERTI Tbk,UOB KAY HIAN PTE LTD,Securities Company,F,,SINGAPORE,118591000,0,118591000,4.87
30-Jun-2026,CPRO,CENTRAL PROTEINAPRIMA Tbk,PT CENTRAL PANGAN PRIMA,Corporate,L,,INDONESIA,26898933014,0,26898933014,45.15
30-Jun-2026,CPRO,CENTRAL PROTEINAPRIMA Tbk,CITIBANK N.A.,Private Bank,F,,SINGAPORE,1832000000,0,1832000000,3.08
30-Jun-2026,CPRO,CENTRAL PROTEINAPRIMA Tbk,CGS INTERNATIONAL SECURITIES SINGAPORE PTE LTD,Private Bank,F,,SINGAPORE,2780701600,0,2780701600,4.67
30-Jun-2026,CPRO,CENTRAL PROTEINAPRIMA Tbk,DBS BANK LTD.,Bank,F,,SINGAPORE,2894065000,0,2894065000,4.86
30-Jun-2026,CPRO,CENTRAL PROTEINAPRIMA Tbk,UBS AG SINGAPORE BRANCH,Private Bank,F,,SINGAPORE,2521823600,0,2521823600,4.23
30-Jun-2026,CPRO,CENTRAL PROTEINAPRIMA Tbk,CHANDRA ANTOLIS,Individual,L,INDONESIAN,INDONESIA,882724800,0,882724800,1.48
30-Jun-2026,CPRO,CENTRAL PROTEINAPRIMA Tbk,UOB KAY HIAN PTE LTD,Securities Company,F,,SINGAPORE,2903100000,0,2903100000,4.87
30-Jun-2026,CPRO,CENTRAL PROTEINAPRIMA Tbk,UOB KAY HIAN (HONG KONG) LTD,Securities Company,F,,HONG KONG,2425500000,0,2425500000,4.07
30-Jun-2026,CRAB,TOBA SURIMI INDUSTRIES Tbk,PT EQUITAS GLOBAL MANDIRI,Sole Proprietorship,L,,INDONESIA,61443300,0,61443300,3.15
30-Jun-2026,CRAB,TOBA SURIMI INDUSTRIES Tbk,PT PRIMA ANDALAN SEKURITAS,Sole Proprietorship,L,,INDONESIA,63308400,0,63308400,3.25
30-Jun-2026,CRAB,TOBA SURIMI INDUSTRIES Tbk,PT MINA PRIMA INVESTAMA,Sole Proprietorship,L,,INDONESIA,53407500,0,53407500,2.74
30-Jun-2026,CRAB,TOBA SURIMI INDUSTRIES Tbk,PT INTI DEXA INVESTINDO,Sole Proprietorship,L,,INDONESIA,61512500,0,61512500,3.15
30-Jun-2026,CRAB,TOBA SURIMI INDUSTRIES Tbk,RUDY WIJAYA,Individual,L,INDONESIAN,INDONESIA,20005000,0,20005000,1.03
30-Jun-2026,CRAB,TOBA SURIMI INDUSTRIES Tbk,BINTARNA TARDY,Individual,L,INDONESIAN,INDONESIA,76532200,359580000,436112200,22.36
30-Jun-2026,CRAB,TOBA SURIMI INDUSTRIES Tbk,IRSAN SUDARGO,Individual,L,INDONESIAN,INDONESIA,0,168012000,168012000,8.62
30-Jun-2026,CRAB,TOBA SURIMI INDUSTRIES Tbk,SIA LENG HONG ALIAS TONY,Individual,L,INDONESIAN,INDONESIAN,0,161928000,161928000,8.3
30-Jun-2026,CRAB,TOBA SURIMI INDUSTRIES Tbk,ERMAN,Individual,L,INDONESIAN,INDONESIAN,0,46800000,46800000,2.4
30-Jun-2026,CRAB,TOBA SURIMI INDUSTRIES Tbk,BUDI SATRIA TARDY,Individual,L,INDONESIAN,INDONESIA,17195700,312000000,329195700,16.88
30-Jun-2026,CRAB,TOBA SURIMI INDUSTRIES Tbk,Gindra Tardy,Individual,L,INDONESIAN,INDONESIA,0,507780000,507780000,26.04
30-Jun-2026,CRSN,CARSURIN Tbk,PT. ATLAS ORION INTEGRITAS,Firm,L,,INDONESIA,144100000,0,144100000,4.98
30-Jun-2026,CRSN,CARSURIN Tbk,PT HYPERION PLUTUS PILAR,Corporate,L,,INDONESIA,144300000,0,144300000,4.99
30-Jun-2026,CRSN,CARSURIN Tbk,PT. MONTEZUMA AQUARIUS UTAMA,Investment Advisors,L,,INDONESIA,144000000,0,144000000,4.98
30-Jun-2026,CRSN,CARSURIN Tbk,BING MONIAGA,Individual,L,INDONESIAN,INDONESIA,29820000,0,29820000,1.03
30-Jun-2026,CRSN,CARSURIN Tbk,ANTONIUS GUNAWAN GHO,Individual,L,INDONESIAN,,29731100,0,29731100,1.03
30-Jun-2026,CRSN,CARSURIN Tbk,SHEILA MARIA TIWAN,Individual,L,INDONESIAN,INDONESIA,7763400,1439376000,1447139400,50.04
30-Jun-2026,CRSN,CARSURIN Tbk,FLORA REGINA REGIAN,Individual,L,INDONESIAN,INDONESIA,0,852624000,852624000,29.48
30-Jun-2026,CSAP,CATUR SENTOSA ADIPRANA Tbk,PT.BUANATATA ADISENTOSA,Corporate,L,,INDONESIA,0,1819108716,1819108716,32.01
30-Jun-2026,CSAP,CATUR SENTOSA ADIPRANA Tbk,PT. BESTARI SENTRA PRADANA,Corporate,L,,INDONESIA,185000000,0,185000000,3.26
30-Jun-2026,CSAP,CATUR SENTOSA ADIPRANA Tbk,SCG RETAIL HOLDING COMPANY LIMITED,Corporate,F,,THAILAND,0,1755800091,1755800091,30.89
30-Jun-2026,CSAP,CATUR SENTOSA ADIPRANA Tbk,BUDYANTO TOTONG,Individual,L,INDONESIAN,INDONESIA,0,168893142,168893142,2.97
30-Jun-2026,CSAP,CATUR SENTOSA ADIPRANA Tbk,ALBIZIA ASEAN OPPORTUNITIES FUND,Mutual Funds,F,,CAYMAN ISLANDS,568336263,0,568336263,10.0
30-Jun-2026,CSAP,CATUR SENTOSA ADIPRANA Tbk,NTASIAN DISCOVERY MASTER FUND,Hedge Fund,F,,CAYMAN ISLANDS,749033925,0,749033925,13.18
30-Jun-2026,CSIS,CAHAYASAKTI INVESTINDO SUKSES Tbk,PT ANDALAN UTAMA BINTARA,Corporate,L,,INDONESIA,1193219559,0,1193219559,65.21
30-Jun-2026,CSIS,CAHAYASAKTI INVESTINDO SUKSES Tbk,PT OLYMPIC KAPITAL EQUITY,Corporate,L,,INDONESIA,350232000,0,350232000,19.14
30-Jun-2026,CSMI,CIPTA SELERA MURNI Tbk,LISA MUCHTAR,Individual,L,INDONESIAN,INDONESIAN,0,458200000,458200000,56.15
30-Jun-2026,CSMI,CIPTA SELERA MURNI Tbk,KEVIN MULJONO,Individual,L,INDONESIAN,INDONESIA,9127500,0,9127500,1.12
30-Jun-2026,CSMI,CIPTA SELERA MURNI Tbk,EVIE T. KARISOH,Individual,L,INDONESIAN,,13300000,0,13300000,1.63
30-Jun-2026,CSMI,CIPTA SELERA MURNI Tbk,REKSA DANA SUCORINVEST EQUITY PRIMA FUND,Mutual Funds,L,,INDONESIA,16760200,0,16760200,2.05
30-Jun-2026,CSMI,CIPTA SELERA MURNI Tbk,REKSA DANA SUCORINVEST SAHAM DINAMIS,Mutual Funds,L,,INDONESIA,27252900,0,27252900,3.34
30-Jun-2026,CSRA,CISADANE SAWIT RAYA Tbk,PT SAWIT INTI PERKASA,Corporate,L,,INDONESIA,82000000,0,82000000,4.0
30-Jun-2026,CSRA,CISADANE SAWIT RAYA Tbk,PT. VERDAN SAWIT LESTARI,Corporate,L,,INDONESIA,779000000,0,779000000,38.0
30-Jun-2026,CSRA,CISADANE SAWIT RAYA Tbk,PT CISADANE SAWIT RAYA,Corporate,L,,INDONESIA,95107100,0,95107100,4.64
30-Jun-2026,CSRA,CISADANE SAWIT RAYA Tbk,PT SAPTA SAWIT LESTARI,Corporate,L,,INDONESIA,779000000,0,779000000,38.0
30-Jun-2026,CSRA,CISADANE SAWIT RAYA Tbk,JAMBOL IWANTO,Individual,L,INDONESIAN,INDONESIA,39773128,0,39773128,1.94
30-Jun-2026,CSRA,CISADANE SAWIT RAYA Tbk,EXCELLARY CAPITAL PTE. LTD.,Private Equity,F,,SINGAPORE,37457972,0,37457972,1.83
30-Jun-2026,CSRA,CISADANE SAWIT RAYA Tbk,ALLON SERVICES PTE LTD,Private Equity,F,,SINGAPORE,100000000,0,100000000,4.88
30-Jun-2026,CTBN,CITRA TUBINDO Tbk,NIPPON STEEL CORPORATION,Corporate,F,,JAPAN,55816880,0,55816880,6.97
30-Jun-2026,CTBN,CITRA TUBINDO Tbk,NIPPON STEEL SINGAPORE PTE LTD,Corporate,F,,SINGAPORE,30954650,0,30954650,3.87
30-Jun-2026,CTBN,CITRA TUBINDO Tbk,VALLOUREC TUBES,Firm,F,,FRANCE,268000000,0,268000000,33.48
30-Jun-2026,CTBN,CITRA TUBINDO Tbk,KESTREL WAVE INVESTMENT LTD,Firm,F,,HONG KONG,386029420,0,386029420,48.23
30-Jun-2026,CTBN,CITRA TUBINDO Tbk,SUMITOMO CORPORATION,Corporate,F,,JAPAN,28968880,0,28968880,3.62
30-Jun-2026,CTBN,CITRA TUBINDO Tbk,SUMITOMO CORPORATION ASIA & OCEANIA PTE. LTD.,Corporate,F,,SINGAPORE,14414200,0,14414200,1.8
30-Jun-2026,CTBN,CITRA TUBINDO Tbk,BNP PARIBAS SECURITIES SERVICES JERSEY S/A NON TAX TREATY CLIENTS/TAXABLE (EUR),Bank,F,,JERSEY,11876500,0,11876500,1.48
30-Jun-2026,CTRA,CIPUTRA DEVELOPMENT Tbk,PT. ARENABINA MAKARTI,Corporate,L,,INDONESIA,301000000,0,301000000,1.62
30-Jun-2026,CTRA,CIPUTRA DEVELOPMENT Tbk,PT. SANG PELOPOR,Corporate,L,,INDONESIA,3881000000,6001123998,9882123998,53.31
30-Jun-2026,CTRA,CIPUTRA DEVELOPMENT Tbk,YIMMY STEPHANOES,Individual,L,INDONESIAN,INDONESIA,781655800,0,781655800,4.22
30-Jun-2026,CTRA,CIPUTRA DEVELOPMENT Tbk,DJS KETENAGAKERJAAN PROGRAM JAMINAN HARI TUA,State Owned Enterprises,L,,INDONESIA,279939500,0,279939500,1.51
30-Jun-2026,CTRA,CIPUTRA DEVELOPMENT Tbk,M+G INVESTMENT FUNDS (7) - M+G GLOBAL EMERGING MARKETS FUND,Mutual Funds,F,,UNITED KINGDOM,188034400,0,188034400,1.01
30-Jun-2026,CTRA,CIPUTRA DEVELOPMENT Tbk,JPMCB NA AIF CLT RE-FIDELITY ASIAN VALUES PLC,Mutual Funds,F,,UNITED KINGDOM,224262200,0,224262200,1.21
30-Jun-2026,CTRA,CIPUTRA DEVELOPMENT Tbk,FIDELITY FUNDS,Mutual Funds,F,,LUXEMBOURG,689446400,0,689446400,3.72
30-Jun-2026,CTRA,CIPUTRA DEVELOPMENT Tbk,GOVERNMENT OF NORWAY,Sovereign Wealth Fund,F,,NORWAY,380637197,0,380637197,2.05
30-Jun-2026,CTTH,CITATAH  Tbk,Investspring Limited,Private Equity,F,,INDONESIA,64800681,0,64800681,5.26
30-Jun-2026,CTTH,CITATAH  Tbk,ADVANCE CAPITAL LIMITED,,,,,0,86472558,86472558,7.03
30-Jun-2026,CTTH,CITATAH  Tbk,MERIDIAN-PACIFIC INTERNATIONAL PTE LTD,,,,,0,67777000,67777000,5.51
30-Jun-2026,CTTH,CITATAH  Tbk,PARALLAX VENTURE PARTNERS XIII LTD,,,,,0,232618891,232618891,18.9
30-Jun-2026,CTTH,CITATAH  Tbk,DENISE JOHANES,Individual,L,,,12600000,0,12600000,1.02
30-Jun-2026,CTTH,CITATAH  Tbk,WONGSO AGUSTINO,Individual,L,INDONESIAN,INDONESIA,15222600,0,15222600,1.24
30-Jun-2026,CTTH,CITATAH  Tbk,TAUFIK JOHANNES,Individual,L,INDONESIAN,,105992999,0,105992999,8.61
30-Jun-2026,CTTH,CITATAH  Tbk,WONG HWA  JIN,Individual,L,INDONESIAN,INDONESIA,58002500,0,58002500,4.71
30-Jun-2026,CTTH,CITATAH  Tbk,JIMMY SIANTO,Individual,L,INDONESIAN,INDONESIA,29767275,0,29767275,2.42
30-Jun-2026,CTTH,CITATAH  Tbk,RYAN HIMAWAN,Individual,L,INDONESIAN,INDONESIA,27555000,0,27555000,2.24
30-Jun-2026,CTTH,CITATAH  Tbk,KANTOR PUSAT DJKN DITJEN KEKAYAAN NEGARA KEMENTRIAN KEUANGAN,Government,L,,INDONESIA,52725864,0,52725864,4.28
30-Jun-2026,CTTH,CITATAH  Tbk,Hexagon International Worldwide Ltd.,Corporate,F,,INDONESIA,60842830,0,60842830,4.94
30-Jun-2026,CTTH,CITATAH  Tbk,UOB KAY HIAN PTE LTD,Securities Company,F,,SINGAPORE,115735348,0,115735348,9.4
30-Jun-2026,CUAN,PETRINDO JAYA KREASI Tbk,"GRANGE PROSPERITY PTE, LTD",Corporate,F,,SINGAPORE,1947243900,0,1947243900,1.73
30-Jun-2026,CUAN,PETRINDO JAYA KREASI Tbk,PRAJOGO PANGESTU,Individual,L,INDONESIAN,INDONESIA,2214069458,88139129242,90353198700,80.37
30-Jun-2026,CYBR,ITSEC ASIA Tbk,INV MANAGEMENT PTE LTD,Corporate,F,,SINGAPORE,5136126994,0,5136126994,38.13
30-Jun-2026,CYBR,ITSEC ASIA Tbk,TITAN HOLDINGS MIDDLE EAST LIMITED,Investment Advisors,F,,UNITED ARAB EMIRATES,422312800,0,422312800,3.14
30-Jun-2026,CYBR,ITSEC ASIA Tbk,MB INVESTMENT MANAGEMENT PTE.LTD.,Private Equity,F,,SINGAPORE,3532667714,0,3532667714,26.23
30-Jun-2026,CYBR,ITSEC ASIA Tbk,UBS SWITZERLAND AG,Trustee Bank,F,,SWITZERLAND,1145592576,0,1145592576,8.5
30-Jun-2026,CYBR,ITSEC ASIA Tbk,EFG Bank AG,Private Bank,F,,SWITZERLAND,180468600,0,180468600,1.34
30-Jun-2026,CYBR,ITSEC ASIA Tbk,CMB MONACO,Bank,F,,MONACO,591241800,0,591241800,4.39
30-Jun-2026,CYBR,ITSEC ASIA Tbk,MATTHEW OWEN MARSDEN,Individual,F,BRITISH,INDONESIA,354512400,0,354512400,2.63
30-Jun-2026,CYBR,ITSEC ASIA Tbk,PT OCBC SEKURITAS INDONESIA,Securities Company,L,,INDONESIA,525000000,0,525000000,3.9
30-Jun-2026,DAAZ,DAAZ BARA LESTARI Tbk,PT DAAZ NUSANTARA ABADI,Corporate,L,,INDONESIA,0,848500000,848500000,42.49
30-Jun-2026,DAAZ,DAAZ BARA LESTARI Tbk,PT SUMBER WAHYU SENTOSA,Corporate,L,,INDONESIA,36282100,0,36282100,1.82
30-Jun-2026,DAAZ,DAAZ BARA LESTARI Tbk,VOLCANO VENTURES VCC - VOLCANO WEB3 FUND,Private Equity,F,,SINGAPORE,94850100,0,94850100,4.75
30-Jun-2026,DAAZ,DAAZ BARA LESTARI Tbk,ZAINAL ABIDINSYAH SIREGAR,Individual,L,INDONESIAN,INDONESIAN,0,339400000,339400000,17.0
30-Jun-2026,DAAZ,DAAZ BARA LESTARI Tbk,IRAWAN SASTROTANOJO,Individual,L,INDONESIAN,INDONESIA,0,254550000,254550000,12.75
30-Jun-2026,DAAZ,DAAZ BARA LESTARI Tbk,ERWIN SUTANTO,Individual,L,INDONESIAN,INDONESIA,0,254550000,254550000,12.75
30-Jun-2026,DAAZ,DAAZ BARA LESTARI Tbk,GARUDA ONE VCC - ALPHA EDGE VENTURES,Private Equity,F,,SINGAPORE,62100100,0,62100100,3.11
30-Jun-2026,DADA,DIAMOND CITRA PROPERTINDO Tbk,PT KARYA PERMATA INOVASI INDONESIA,Corporate,L,,INDONESIA,1600000000,0,1600000000,21.53
30-Jun-2026,DADA,DIAMOND CITRA PROPERTINDO Tbk,SUTIA NA,Individual,L,INDONESIAN,INDONESIA,81700000,0,81700000,1.1
30-Jun-2026,DADA,DIAMOND CITRA PROPERTINDO Tbk,LAUW SUSANTO,Individual,L,INDONESIAN,INDONESIA,75077000,0,75077000,1.01
30-Jun-2026,DADA,DIAMOND CITRA PROPERTINDO Tbk,LUKMAN HARJANTO,Individual,L,INDONESIAN,INDONESIA,75043000,0,75043000,1.01
30-Jun-2026,DADA,DIAMOND CITRA PROPERTINDO Tbk,UOB KAY HIAN PTE LTD,Securities Company,F,,SINGAPORE,100000000,0,100000000,1.35
30-Jun-2026,DART,DUTA ANGGADA REALTY Tbk,PT. DUTA ANGGADA,Corporate,L,,INDONESIA,1391976548,0,1391976548,44.31
30-Jun-2026,DART,DUTA ANGGADA REALTY Tbk,LGT BANK AG,Private Bank,F,,LIECHTENSTEIN,42652080,0,42652080,1.36
30-Jun-2026,DART,DUTA ANGGADA REALTY Tbk,OVERSEA-CHINESE BANKING CORPORATION LIMITED,Private Bank,F,,SINGAPORE,46330600,0,46330600,1.47
30-Jun-2026,DART,DUTA ANGGADA REALTY Tbk,HARTADI ANGKOSUBROTO,Individual,L,INDONESIAN,INDONESIA,1465409134,0,1465409134,46.65
30-Jun-2026,DART,DUTA ANGGADA REALTY Tbk,IRENE THESMAN,Individual,L,INDONESIAN,,43438100,0,43438100,1.38
30-Jun-2026,DATA,REMALA ABADI Tbk,PT IFORTE SOLUSI INFOTEK,Corporate,L,,INDONESIA,550000900,0,550000900,40.0
30-Jun-2026,DATA,REMALA ABADI Tbk,DR KISHORE KUMAR,Individual,L,INDONESIAN,INDONESIA,15925100,0,15925100,1.16
30-Jun-2026,DATA,REMALA ABADI Tbk,DJONI,Individual,L,INDONESIAN,INDONESIA,47500000,0,47500000,3.45
30-Jun-2026,DATA,REMALA ABADI Tbk,VERAH WAHYUDI S WONG,Individual,L,INDONESIAN,INDONESIA,551301700,0,551301700,40.09
30-Jun-2026,DAYA,DUTA INTIDAYA Tbk,"INDAH SEHAT CEMERLANG,PT",Firm,L,,INDONESIA,422007259,0,422007259,17.43
30-Jun-2026,DAYA,DUTA INTIDAYA Tbk,"USAHA INDAH ABADI,PT",Firm,L,,INDONESIA,25000000,0,25000000,1.03
30-Jun-2026,DAYA,DUTA INTIDAYA Tbk,"UNION BANCAIRE PRIVEE, UBP SA SINGAPORE BRANCH",Private Bank,F,,SINGAPORE,96787000,0,96787000,4.0
30-Jun-2026,DAYA,DUTA INTIDAYA Tbk,TOTAL ALLIANCE HOLDINGS LIMITED,Financial Institutional,F,,"VIRGIN ISLANDS, BRITISH",1788029003,0,1788029003,73.87
30-Jun-2026,DAYA,DUTA INTIDAYA Tbk,UOB KAY HIAN PTE LTD,Securities Company,F,,SINGAPORE,70000000,0,70000000,2.89
30-Jun-2026,DCII,DCI INDONESIA Tbk,PT. GRAHA SENTOSA ADITAMA MAJU,Corporate,L,,INDONESIA,63728500,0,63728500,2.67
30-Jun-2026,DCII,DCI INDONESIA Tbk,Peak Harvest Pte Ltd,Venture Capital,F,,SINGAPORE,74518300,0,74518300,3.13
30-Jun-2026,DCII,DCI INDONESIA Tbk,FORTUNE YIELD INVESTMENT SPC,Private Equity,F,,CAYMAN ISLANDS,100000000,0,100000000,4.2
30-Jun-2026,DCII,DCI INDONESIA Tbk,SKYHILLS CAPITAL SPC,Private Equity,F,,CAYMAN ISLANDS,110000000,0,110000000,4.61
30-Jun-2026,DCII,DCI INDONESIA Tbk,CHANG CHENG INVESTMENT HOLDING LIMITED,Investment Advisors,F,,"VIRGIN ISLANDS, BRITISH",80257700,0,80257700,3.37
30-Jun-2026,DCII,DCI INDONESIA Tbk,HAN ARMING HANAFIA,Individual,L,INDONESIAN,INDONESIA,0,336352227,336352227,14.11
30-Jun-2026,DCII,DCI INDONESIA Tbk,MARINA BUDIMAN,Individual,L,INDONESIAN,INDONESIA,0,536505149,536505149,22.51
30-Jun-2026,DCII,DCI INDONESIA Tbk,BING MONIAGA,Individual,L,INDONESIAN,INDONESIA,9959400,90901958,100861358,4.23
30-Jun-2026,DCII,DCI INDONESIA Tbk,OTTO TOTO SUGIRI,Individual,L,INDONESIAN,INDONESIA,0,712784905,712784905,29.9
30-Jun-2026,DCII,DCI INDONESIA Tbk,ANTHONI SALIM,Individual,L,INDONESIAN,INDONESIA,265033461,0,265033461,11.12
30-Jun-2026,DEAL,DEWATA FREIGHTINTERNATIONAL Tbk,PT. BERSAMA NGRUWAT BONDO,Corporate,L,,INDONESIA,18551100,0,18551100,1.62
30-Jun-2026,DEAL,DEWATA FREIGHTINTERNATIONAL Tbk,PT. BIMADA PARAMITA ADHYANA,Corporate,L,,INDONESIA,70384400,47087741,117472141,10.25
30-Jun-2026,DEAL,DEWATA FREIGHTINTERNATIONAL Tbk,LIE LIAN TIE,Individual,L,INDONESIAN,,22727200,0,22727200,1.98
30-Jun-2026,DEAL,DEWATA FREIGHTINTERNATIONAL Tbk,PIERRE DERMAWAN,Individual,L,INDONESIAN,,13831900,0,13831900,1.21
30-Jun-2026,DEAL,DEWATA FREIGHTINTERNATIONAL Tbk,Laniana,Individual,L,INDONESIAN,INDONESIA,12504400,0,12504400,1.09
30-Jun-2026,DEAL,DEWATA FREIGHTINTERNATIONAL Tbk,GAO RI,Individual,L,INDONESIAN,INDONESIA,12006900,0,12006900,1.05
30-Jun-2026,DEAL,DEWATA FREIGHTINTERNATIONAL Tbk,NANI HARDJOSUHONO POETRO,Individual,L,INDONESIAN,INDONESIA,13200000,0,13200000,1.15
30-Jun-2026,DEAL,DEWATA FREIGHTINTERNATIONAL Tbk,AGUS MANASYE,Individual,L,INDONESIAN,INDONESIA,13500000,0,13500000,1.18
30-Jun-2026,DEAL,DEWATA FREIGHTINTERNATIONAL Tbk,HENDRI,Individual,L,INDONESIAN,INDONESIA,106598800,0,106598800,9.3
30-Jun-2026,DEAL,DEWATA FREIGHTINTERNATIONAL Tbk,LUCKY THERESSA RAY,Individual,L,INDONESIAN,INDONESIA,23283200,0,23283200,2.03
30-Jun-2026,DEAL,DEWATA FREIGHTINTERNATIONAL Tbk,HARJONO,Individual,L,INDONESIAN,INDONESIA,56631700,0,56631700,4.94
30-Jun-2026,DEFI,DANASUPRA ERAPACIFIC Tbk,PT KARUNIA PERDANA ISTENIA,Firm,L,,INDONESIA,9450000,0,9450000,1.38
30-Jun-2026,DEFI,DANASUPRA ERAPACIFIC Tbk,PT BANGUN CIPTA GRAHA,Corporate,L,,INDONESIA,13583400,0,13583400,1.98
30-Jun-2026,DEFI,DANASUPRA ERAPACIFIC Tbk,ABAKUS (ASIA PACIFIC) PTE. LTD.,Corporate,F,,SINGAPORE,33800000,0,33800000,4.92
30-Jun-2026,DEFI,DANASUPRA ERAPACIFIC Tbk,TATANG TARYANA,Individual,L,INDONESIAN,INDONESIA,20194300,0,20194300,2.94
30-Jun-2026,DEFI,DANASUPRA ERAPACIFIC Tbk,"ASURANSI JIWA KRESNA, PT",Insurance,L,,INDONESIA,162009540,0,162009540,23.57
30-Jun-2026,DEFI,DANASUPRA ERAPACIFIC Tbk,PT QUANTUM CLOVERA INVESTAMA TBK,Investment Manager,L,,INDONESIA,50000000,0,50000000,7.28
30-Jun-2026,DEPO,CATURKARDA DEPO BANGUNAN Tbk,PT TANCORP SURYA SUKSES,Corporate,L,,INDONESIA,0,1595423600,1595423600,23.5
30-Jun-2026,DEPO,CATURKARDA DEPO BANGUNAN Tbk,PT.BUANATATA ADISENTOSA,Corporate,L,,INDONESIA,0,1595423600,1595423600,23.5
30-Jun-2026,DEPO,CATURKARDA DEPO BANGUNAN Tbk,GLOBAL HOUSE INTERNATIONAL COMPANY LIMITED,Corporate,F,,THAILAND,1493800000,0,1493800000,22.0
30-Jun-2026,DEPO,CATURKARDA DEPO BANGUNAN Tbk,KAMBIYANTO KETTIN,Individual,L,INDONESIAN,INDONESIA,6899100,1536840000,1543739100,22.74
30-Jun-2026,DEPO,CATURKARDA DEPO BANGUNAN Tbk,ALBIZIA ASEAN OPPORTUNITIES FUND,Mutual Funds,F,,CAYMAN ISLANDS,156823600,0,156823600,2.31
30-Jun-2026,DEWA,DARMA HENWA Tbk,PT PRODIGY ENERGY RESOURCES,Corporate,L,,INDONESIA,773000000,0,773000000,1.9
30-Jun-2026,DEWA,DARMA HENWA Tbk,PT ANDHESTI TUNGKAS PRATAMA,Firm,L,,INDONESIA,2525000066,0,2525000066,6.21
30-Jun-2026,DEWA,DARMA HENWA Tbk,PT DARMA HENWA TBK,Corporate,L,,INDONESIA,1638793874,0,1638793874,4.03
30-Jun-2026,DEWA,DARMA HENWA Tbk,PETROMINE ENERGY TRADING,Corporate,L,,INDONESIA,1814059000,0,1814059000,4.46
30-Jun-2026,DEWA,DARMA HENWA Tbk,Zurich Assets International Ltd,Corporate,F,,CAPE VERDE,2513178390,0,2513178390,6.18
30-Jun-2026,DEWA,DARMA HENWA Tbk,ADAM GIFARI SE,Individual,L,INDONESIAN,INDONESIA,720984500,0,720984500,1.77
30-Jun-2026,DEWA,DARMA HENWA Tbk,GOLDWAVE CAPITAL LIMITED,Private Equity,F,,MALAYSIA,3815217000,0,3815217000,9.38
30-Jun-2026,DEWA,DARMA HENWA Tbk,PT. BCA SEKURITAS,Securities Company,L,,INDONESIA,1892667372,0,1892667372,4.65
30-Jun-2026,DEWA,DARMA HENWA Tbk,PT. KB VALBURY SEKURITAS,Securities Company,L,,INDONESIA,473218700,0,473218700,1.16
30-Jun-2026,DEWA,DARMA HENWA Tbk,PT MAYBANK SEKURITAS INDONESIA - REGISTRAR,Securities Company,L,,INDONESIA,565825100,0,565825100,1.39
30-Jun-2026,DEWA,DARMA HENWA Tbk,CGS INTERNATIONAL SEKURITAS INDONESIA,Securities Company,L,,INDONESIA,2005540559,0,2005540559,4.93
30-Jun-2026,DEWA,DARMA HENWA Tbk,CGS INTERNATIONAL SECURITIES HONG KONG LIMITED,Investment Manager,F,,HONG KONG,2595655200,0,2595655200,6.38
30-Jun-2026,DEWI,DEWI SHRI FARMINDO Tbk,"UBS AG, LONDON",Bank,F,,SWITZERLAND,27008700,0,27008700,1.35
30-Jun-2026,DEWI,DEWI SHRI FARMINDO Tbk,BRAHMANA ADIKUSNADI,Individual,L,INDONESIAN,INDONESIA,25000000,0,25000000,1.25
30-Jun-2026,DEWI,DEWI SHRI FARMINDO Tbk,TJIPTO JUNOES,Individual,L,INDONESIAN,INDONESIA,24437400,0,24437400,1.22
30-Jun-2026,DEWI,DEWI SHRI FARMINDO Tbk,FEBRIANA NGATIMAN,Individual,L,INDONESIAN,INDONESIA,21165100,0,21165100,1.06
30-Jun-2026,DEWI,DEWI SHRI FARMINDO Tbk,ADITIYA FAJAR JUNUS,Individual,L,INDONESIAN,INDONESIA,0,780000000,780000000,39.0
30-Jun-2026,DEWI,DEWI SHRI FARMINDO Tbk,FERRY SAPUTRA,Individual,L,INDONESIAN,INDONESIA,101592900,0,101592900,5.08
30-Jun-2026,DEWI,DEWI SHRI FARMINDO Tbk,HENDRA KUSTIAWAN,Individual,L,INDONESIAN,INDONESIA,42200000,0,42200000,2.11
30-Jun-2026,DEWI,DEWI SHRI FARMINDO Tbk,PURNOMO SINAR HADI,Individual,L,INDONESIAN,,28509700,0,28509700,1.43
30-Jun-2026,DEWI,DEWI SHRI FARMINDO Tbk,SUJITO NGATIMAN,Individual,L,INDONESIAN,INDONESIA,150146600,0,150146600,7.51
30-Jun-2026,DEWI,DEWI SHRI FARMINDO Tbk,HENRY SAPUTRA,Individual,L,INDONESIAN,INDONESIA,264630000,0,264630000,13.23
30-Jun-2026,DEWI,DEWI SHRI FARMINDO Tbk,RAKHMAT DAMDAMI,Individual,L,INDONESIAN,INDONESIA,60388900,0,60388900,3.02
30-Jun-2026,DEWI,DEWI SHRI FARMINDO Tbk,PT ASURANSI JIWA SYARIAH AMANAHJIWA GIRI ARTHA,Insurance,L,,INDONESIA,23000000,0,23000000,1.15
30-Jun-2026,DFAM,DAFAM PROPERTY INDONESIA Tbk,PT. DAFAM,Corporate,L,,INDONESIA,1015000000,0,1015000000,53.43
30-Jun-2026,DFAM,DAFAM PROPERTY INDONESIA Tbk,EDY SELAMAT,Individual,L,INDONESIAN,INDONESIA,127665073,0,127665073,6.72
30-Jun-2026,DFAM,DAFAM PROPERTY INDONESIA Tbk,LEONARDO WIE SAN,Individual,L,INDONESIAN,INDONESIA,20000000,0,20000000,1.05
30-Jun-2026,DFAM,DAFAM PROPERTY INDONESIA Tbk,BILLY DAHLAN,Individual,L,INDONESIAN,,185200000,0,185200000,9.75
30-Jun-2026,DFAM,DAFAM PROPERTY INDONESIA Tbk,BAMBANG SOEGIHARTO,Individual,L,INDONESIAN,INDONESIA,20000000,0,20000000,1.05
30-Jun-2026,DFAM,DAFAM PROPERTY INDONESIA Tbk,REKSA DANA NARADA SAHAM INDONESIA,Mutual Funds,L,,INDONESIA,134032800,0,134032800,7.05
30-Jun-2026,DFAM,DAFAM PROPERTY INDONESIA Tbk,REKSA DANA NARADA CAMPURAN I,Mutual Funds,L,,INDONESIA,30203500,0,30203500,1.59
30-Jun-2026,DFAM,DAFAM PROPERTY INDONESIA Tbk,REKSA DANA NARADA SAHAM INDONESIA II,Mutual Funds,L,,INDONESIA,75848600,0,75848600,3.99
30-Jun-2026,DGIK,NUSA KONSTRUKSI ENJINIRING Tbk,PT KAPITALINDO SEJAHTERA MANDIRI,Private Equity,L,,INDONESIA,204262300,0,204262300,3.69
30-Jun-2026,DGIK,NUSA KONSTRUKSI ENJINIRING Tbk,PT GLOBAL DINAMIKA KENCANA,Corporate,L,,INDONESIA,2897768500,0,2897768500,52.3
30-Jun-2026,DGIK,NUSA KONSTRUKSI ENJINIRING Tbk,PT PILAR UTAMA CAPITAL,Private Equity,L,,INDONESIA,249638400,0,249638400,4.51
30-Jun-2026,DGIK,NUSA KONSTRUKSI ENJINIRING Tbk,PT INVESTINDO PRATAMA SEJAHTERA,Private Equity,L,,INDONESIA,106608400,0,106608400,1.92
30-Jun-2026,DGIK,NUSA KONSTRUKSI ENJINIRING Tbk,PT GEMA INVESTASI UTAMA,Venture Capital,L,,INDONESIA,198834400,0,198834400,3.59
30-Jun-2026,DGIK,NUSA KONSTRUKSI ENJINIRING Tbk,PT NUSA KONSTRUKSI ENJINIRING TBK,Corporate,L,,INDONESIA,400214500,0,400214500,7.22
30-Jun-2026,DGIK,NUSA KONSTRUKSI ENJINIRING Tbk,PT GLOBAL DINAMIKA KENCANA SINGAPORE PTE. LTD.,Corporate,F,,SINGAPORE,184032900,0,184032900,3.32
30-Jun-2026,DGIK,NUSA KONSTRUKSI ENJINIRING Tbk,INDODEXA WIRA BUANA PT,,,,,0,75000000,75000000,1.35
30-Jun-2026,DGIK,NUSA KONSTRUKSI ENJINIRING Tbk,PERMATA BUANA INTERNATIONAL PT,,,,,0,75000000,75000000,1.35
30-Jun-2026,DGIK,NUSA KONSTRUKSI ENJINIRING Tbk,JAHJA TEAR TJAHJANA,Individual,L,INDONESIAN,INDONESIA,86918100,0,86918100,1.57
30-Jun-2026,DGIK,NUSA KONSTRUKSI ENJINIRING Tbk,OCBC SECURITIES PRIVATE LIMITED,Securities Company,F,,SINGAPORE,536958200,0,536958200,9.69
30-Jun-2026,DGNS,DIAGNOS LABORATORIUM UTAMA Tbk,MULTI GARAM UTAMA TBK PT,Corporate,L,,INDONESIA,96351700,0,96351700,7.01
30-Jun-2026,DGNS,DIAGNOS LABORATORIUM UTAMA Tbk,PT. BUNDA INVESTAMA INDONESIA,Private Equity,L,,INDONESIA,41453300,406372000,447825300,32.57
30-Jun-2026,DGNS,DIAGNOS LABORATORIUM UTAMA Tbk,PT BUNDAMEDIK,Corporate,L,,INDONESIA,25000000,490000000,515000000,37.45
30-Jun-2026,DGWG,DELTA GIRI WACANA Tbk,PT BERKSHIRE MULTI INVESTAMA,Corporate,L,,INDONESIA,182835600,0,182835600,3.11
30-Jun-2026,DGWG,DELTA GIRI WACANA Tbk,PT AGRO JAYA MANDIRI,Corporate,L,,INDONESIA,295454545,0,295454545,5.02
30-Jun-2026,DGWG,DELTA GIRI WACANA Tbk,GEBRAKAN BINTANG UTARA PT,Corporate,L,,INDONESIA,113325300,0,113325300,1.93
30-Jun-2026,DGWG,DELTA GIRI WACANA Tbk,PT GAIA PROSPERITI KAPITAL,Corporate,L,,INDONESIA,267853200,0,267853200,4.55
30-Jun-2026,DGWG,DELTA GIRI WACANA Tbk,MARWATI JENNY TANASAL,Individual,L,INDONESIAN,INDONESIA,92924100,0,92924100,1.58
30-Jun-2026,DGWG,DELTA GIRI WACANA Tbk,DAVID YAORY,Individual,L,INDONESIAN,INDONESIA,1769974000,2485294100,4255268100,72.34
30-Jun-2026,DGWG,DELTA GIRI WACANA Tbk,PT MAYBANK SEKURITAS INDONESIA - REGISTRAR,Securities Company,L,,INDONESIA,454545455,0,454545455,7.73
30-Jun-2026,DIGI,ARKADIA DIGITAL MEDIA Tbk,"HARVEST CAPITAL INTERNATIONAL, PT",Investment Advisors,L,,INDONESIA,584817200,0,584817200,35.99
30-Jun-2026,DIGI,ARKADIA DIGITAL MEDIA Tbk,SUWARJONO,Individual,L,INDONESIAN,INDONESIA,86184800,0,86184800,5.3
30-Jun-2026,DIGI,ARKADIA DIGITAL MEDIA Tbk,IWA SUKRESNO KARUNIA,Individual,L,INDONESIAN,INDONESIA,457061300,0,457061300,28.13
30-Jun-2026,DIGI,ARKADIA DIGITAL MEDIA Tbk,ANTHONY SETIADI,Individual,L,INDONESIAN,INDONESIA,16489300,0,16489300,1.01
30-Jun-2026,DILD,INTILAND DEVELOPMENT Tbk,PT. ARTHAVEST Tbk,Corporate,L,,INDONESIA,321000000,0,321000000,3.1
30-Jun-2026,DILD,INTILAND DEVELOPMENT Tbk,HOPE DIAMOND MANAGEMENT LTD,Corporate,F,,SINGAPORE,2368915300,0,2368915300,22.85
30-Jun-2026,DILD,INTILAND DEVELOPMENT Tbk,GOLDEN CHARM PTE LTD,Corporate,F,,SINGAPORE,113000000,0,113000000,1.09
30-Jun-2026,DILD,INTILAND DEVELOPMENT Tbk,UBS SWITZERLAND AG,Trustee Bank,F,,SWITZERLAND,142804675,0,142804675,1.38
30-Jun-2026,DILD,INTILAND DEVELOPMENT Tbk,CGS INTERNATIONAL SECURITIES SINGAPORE PTE LTD,Private Bank,F,,SINGAPORE,152022600,0,152022600,1.47
30-Jun-2026,DILD,INTILAND DEVELOPMENT Tbk,BALI PRIVATE VILLA (S) PTE. LTD,Investment Advisors,F,,SINGAPORE,775871346,0,775871346,7.48
30-Jun-2026,DILD,INTILAND DEVELOPMENT Tbk,BANK OF SINGAPORE LIMITED,Private Bank,F,,SINGAPORE,515252900,0,515252900,4.97
30-Jun-2026,DILD,INTILAND DEVELOPMENT Tbk,CA INDOSUEZ (SWITZERLAND) SA,Bank,F,,SINGAPORE,508188000,0,508188000,4.9
30-Jun-2026,DILD,INTILAND DEVELOPMENT Tbk,SUHENDRO PRABOWO,Individual,L,INDONESIAN,INDONESIA,215183834,0,215183834,2.08
30-Jun-2026,DILD,INTILAND DEVELOPMENT Tbk,DRS LO KHENG HONG,Individual,L,INDONESIAN,INDONESIA,761125900,0,761125900,7.34
30-Jun-2026,DILD,INTILAND DEVELOPMENT Tbk,UTAMA GONDOKUSUMO,Individual,L,INDONESIAN,INDONESIA,153778684,0,153778684,1.48
30-Jun-2026,DILD,INTILAND DEVELOPMENT Tbk,"LUCAS, SH. CN",Individual,L,INDONESIAN,INDONESIA,508899200,0,508899200,4.91
30-Jun-2026,DILD,INTILAND DEVELOPMENT Tbk,UOB KAY HIAN PTE LTD,Securities Company,F,,SINGAPORE,182361634,0,182361634,1.76
30-Jun-2026,DIVA,DISTRIBUSI VOUCHER NUSANTARA Tbk,PT. 1 INTI DOT COM,Corporate,L,,INDONESIA,317195300,0,317195300,22.2
30-Jun-2026,DIVA,DISTRIBUSI VOUCHER NUSANTARA Tbk,PT SOTERIA WICAKSANA INVESTAMA,Firm,L,,INDONESIA,216771800,0,216771800,15.17
30-Jun-2026,DIVA,DISTRIBUSI VOUCHER NUSANTARA Tbk,PT. LOGITEK DIGITAL NUSANTARA,Corporate,L,,INDONESIA,19522800,0,19522800,1.37
30-Jun-2026,DIVA,DISTRIBUSI VOUCHER NUSANTARA Tbk,PT DISTRIBUSI VOUCHER NUSANTARA TBK,Corporate,L,,INDONESIA,28583800,0,28583800,2.0
30-Jun-2026,DIVA,DISTRIBUSI VOUCHER NUSANTARA Tbk,MARTIN SUHARLIE,Individual,L,INDONESIAN,INDONESIA,116936200,0,116936200,8.19
30-Jun-2026,DIVA,DISTRIBUSI VOUCHER NUSANTARA Tbk,"ASURANSI JIWA KRESNA, PT",Insurance,L,,INDONESIA,454825000,0,454825000,31.84
30-Jun-2026,DIVA,DISTRIBUSI VOUCHER NUSANTARA Tbk,PT ASURANSI MAXIMUS GRAHA PERSADA TBK,Insurance,L,,INDONESIA,32519500,0,32519500,2.28
30-Jun-2026,DKFT,CENTRAL OMEGA RESOURCES Tbk,PT JINSHENG MINING,Corporate,L,,INDONESIA,3596671278,0,3596671278,63.79
30-Jun-2026,DKFT,CENTRAL OMEGA RESOURCES Tbk,PT. Sucor Investama,Corporate,L,,INDONESIA,124760725,0,124760725,2.21
30-Jun-2026,DKFT,CENTRAL OMEGA RESOURCES Tbk,UBS AG SINGAPORE BRANCH,Private Bank,F,,SINGAPORE,79396300,0,79396300,1.41
30-Jun-2026,DKFT,CENTRAL OMEGA RESOURCES Tbk,KIKI HAMIDJAJA,Individual,L,INDONESIAN,INDONESIA,142400044,0,142400044,2.53
30-Jun-2026,DKFT,CENTRAL OMEGA RESOURCES Tbk,ANDY  UNTONO,Individual,L,INDONESIAN,INDONESIA,239601500,0,239601500,4.25
30-Jun-2026,DKFT,CENTRAL OMEGA RESOURCES Tbk,TALITHA  SARAH UNTONO,Individual,L,INDONESIAN,INDONESIA,190691600,0,190691600,3.38
30-Jun-2026,DKFT,CENTRAL OMEGA RESOURCES Tbk,INDRAWATI  KAMARUDIN,Individual,L,INDONESIAN,INDONESIA,258104900,0,258104900,4.58
30-Jun-2026,DKHH,CIPTA SARANA MEDIKA Tbk,PT SILIWANGI DJAJAKUSUMAH HOSPITALS,Corporate,L,,,0,2019998000,2019998000,79.21
30-Jun-2026,DLTA,DELTA DJAKARTA Tbk,SAN MIGUEL MALAYSIA (L) PTE.LTD.,Corporate,F,,,0,467061150,467061150,58.33
30-Jun-2026,DLTA,DELTA DJAKARTA Tbk,PEMERINTAH DAERAH DKI JAKARTA,,,,,0,210200700,210200700,26.25
30-Jun-2026,DLTA,DELTA DJAKARTA Tbk,REKSA DANA PANIN DANA MAKSIMA,Mutual Funds,L,,INDONESIA,11314000,0,11314000,1.41
30-Jun-2026,DLTA,DELTA DJAKARTA Tbk,CAVENHAM PRIVATE EQUITY(2006),Mutual Funds,F,,CAYMAN ISLANDS,28906550,0,28906550,3.61
30-Jun-2026,DMAS,PURADELTA LESTARI Tbk,SPARTA 24 LTD.,Corporate,F,,ISRAEL,511835500,0,511835500,1.06
30-Jun-2026,DMAS,PURADELTA LESTARI Tbk,SOJITZ CORPORATION,,,,,0,12049527800,12049527800,25.0
30-Jun-2026,DMAS,PURADELTA LESTARI Tbk,"SUMBER ARUS MULIA, PT",,,,,0,27608772200,27608772200,57.28
30-Jun-2026,DMAS,PURADELTA LESTARI Tbk,PT TASPEN (PERSERO),State Owned Enterprises,L,,INDONESIA,853927400,0,853927400,1.77
30-Jun-2026,DMMX,DIGITAL MEDIATAMA MAXIMA Tbk,PT. JAYA DISTRIBUSI RITEL,Corporate,L,,INDONESIA,1446731400,0,1446731400,18.81
30-Jun-2026,DMMX,DIGITAL MEDIATAMA MAXIMA Tbk,PT. DIGITAL MEDIATAMA MAXIMA TBK,Firm,L,,INDONESIA,432872500,0,432872500,5.63
30-Jun-2026,DMMX,DIGITAL MEDIATAMA MAXIMA Tbk,PT SOTERIA WICAKSANA INVESTAMA,Firm,L,,INDONESIA,788295100,0,788295100,10.25
30-Jun-2026,DMMX,DIGITAL MEDIATAMA MAXIMA Tbk,PT NFC INDONESIA TBK,Corporate,L,,INDONESIA,2126868400,0,2126868400,27.65
30-Jun-2026,DMMX,DIGITAL MEDIATAMA MAXIMA Tbk,RR CAPITAL GROUP PTE. LTD,Private Equity,F,,SINGAPORE,190257700,0,190257700,2.47
30-Jun-2026,DMMX,DIGITAL MEDIATAMA MAXIMA Tbk,BANK OF SINGAPORE LIMITED,Private Bank,F,,SINGAPORE,1068254200,0,1068254200,13.89
30-Jun-2026,DMMX,DIGITAL MEDIATAMA MAXIMA Tbk,HARIJANTO LANGGENG,Individual,L,INDONESIAN,INDONESIA,95583900,0,95583900,1.24
30-Jun-2026,DMMX,DIGITAL MEDIATAMA MAXIMA Tbk,NINIK KUSUMOWATI TJAHJONO,Individual,L,INDONESIAN,INDONESIA,86877400,0,86877400,1.13
30-Jun-2026,DMMX,DIGITAL MEDIATAMA MAXIMA Tbk,HARTONO FRANSCESCO,Individual,L,INDONESIAN,INDONESIA,248144400,0,248144400,3.23
30-Jun-2026,DMMX,DIGITAL MEDIATAMA MAXIMA Tbk,EDY SUSANTO,Individual,L,INDONESIAN,INDONESIA,78380800,0,78380800,1.02
30-Jun-2026,DMND,DIAMOND FOOD INDONESIA Tbk,ANDERSON INVESTMENTS PTE. LTD.,Corporate,F,,SINGAPORE,1892724964,0,1892724964,19.99
30-Jun-2026,DMND,DIAMOND FOOD INDONESIA Tbk,ASTRAWATI ALUWI,Individual,L,INDONESIAN,INDONESIA,0,657855795,657855795,6.95
30-Jun-2026,DMND,DIAMOND FOOD INDONESIA Tbk,CHEN WAI SIOE,Individual,L,INDONESIAN,INDONESIAN,0,971832425,971832425,10.26
30-Jun-2026,DMND,DIAMOND FOOD INDONESIA Tbk,CHEN TSEN NAN,Individual,L,INDONESIAN,INDONESIA,0,3306889113,3306889113,34.93
30-Jun-2026,DMND,DIAMOND FOOD INDONESIA Tbk,KENNETH CHEN,Individual,L,INDONESIAN,INDONESIAN,0,1881573854,1881573854,19.87
30-Jun-2026,DMND,DIAMOND FOOD INDONESIA Tbk,GARUDA ONE VCC - SEA DYNAMIC OPPORTUNITIES,Hedge Fund,F,,SINGAPORE,445879173,0,445879173,4.71
30-Jun-2026,DMND,DIAMOND FOOD INDONESIA Tbk,GARUDA ONE VCC - ASIA GROWTH FUND,Hedge Fund,F,,SINGAPORE,211603676,0,211603676,2.23
30-Jun-2026,DNAR,BANK OKE INDONESIA Tbk,PT WILLOW DENE INDONESIA,Investment Advisors,L,,INDONESIA,625000000,0,625000000,3.7
30-Jun-2026,DNAR,BANK OKE INDONESIA Tbk,OK NEXT CO.LTD,Financial Institutional,F,,"KOREA, REPUBLIC OF",4923693929,10364979314,15288673243,90.51
30-Jun-2026,DNAR,BANK OKE INDONESIA Tbk,JONATHAN TAHIR,Individual,L,INDONESIAN,INDONESIA,236995977,0,236995977,1.4
30-Jun-2026,DNET,INDORITEL MAKMUR INTERNASIONAL Tbk,PT. Prima Visualindo,Corporate,L,,INDONESIA,410510000,0,410510000,2.89
30-Jun-2026,DNET,INDORITEL MAKMUR INTERNASIONAL Tbk,PT MEGAH ERARAHARJA,Corporate,L,,INDONESIA,2854633305,0,2854633305,20.13
30-Jun-2026,DNET,INDORITEL MAKMUR INTERNASIONAL Tbk,PT CAKRA BAKTI WIRA SEMESTA,Corporate,L,,INDONESIA,244720000,0,244720000,1.73
30-Jun-2026,DNET,INDORITEL MAKMUR INTERNASIONAL Tbk,Stream Topaz Limited,Private Equity,F,,"VIRGIN ISLANDS, BRITISH",142720000,0,142720000,1.01
30-Jun-2026,DNET,INDORITEL MAKMUR INTERNASIONAL Tbk,CHEMINVEST LIMITED,Corporate,F,,"VIRGIN ISLANDS, BRITISH",187198314,0,187198314,1.32
30-Jun-2026,DNET,INDORITEL MAKMUR INTERNASIONAL Tbk,CRIS DEVELOPMENTS LIMITED,Corporate,F,,"VIRGIN ISLANDS, BRITISH",505257850,0,505257850,3.56
30-Jun-2026,DNET,INDORITEL MAKMUR INTERNASIONAL Tbk,HANNAWELL GROUP LIMITED,Corporate,F,,"VIRGIN ISLANDS, BRITISH",5581931400,0,5581931400,39.35
30-Jun-2026,DNET,INDORITEL MAKMUR INTERNASIONAL Tbk,ANTHONI SALIM,Individual,L,INDONESIAN,INDONESIA,3588278023,0,3588278023,25.3
30-Jun-2026,DNET,INDORITEL MAKMUR INTERNASIONAL Tbk,PT Indolife Pensiontama,Insurance,L,,INDONESIA,341332500,0,341332500,2.41
30-Jun-2026,DOID,BUMA INTERNASIONAL GRUP Tbk,BUMA INTERNASIONAL GRUP,Corporate,L,,INDONESIA,293837700,0,293837700,3.84
30-Jun-2026,DOID,BUMA INTERNASIONAL GRUP Tbk,DBS BANK LTD.,Bank,F,,SINGAPORE,272344000,0,272344000,3.56
30-Jun-2026,DOID,BUMA INTERNASIONAL GRUP Tbk,UBS AG SINGAPORE BRANCH,Private Bank,F,,SINGAPORE,334996615,0,334996615,4.38
30-Jun-2026,DOID,BUMA INTERNASIONAL GRUP Tbk,CAI SWITZERLAND SA,Bank,F,,SWITZERLAND,170000000,0,170000000,2.22
30-Jun-2026,DOID,BUMA INTERNASIONAL GRUP Tbk,SIX SIS LTD,Capital Market Supporting Institutions And Professions,F,,SWITZERLAND,432100000,0,432100000,5.65
30-Jun-2026,DOID,BUMA INTERNASIONAL GRUP Tbk,CA INDOSUEZ (SWITZERLAND) SA,Bank,F,,SINGAPORE,170538000,0,170538000,2.23
30-Jun-2026,DOID,BUMA INTERNASIONAL GRUP Tbk,RONALD SUTARDJA MSC MBA,Individual,L,INDONESIAN,INDONESIA,222760000,0,222760000,2.91
30-Jun-2026,DOID,BUMA INTERNASIONAL GRUP Tbk,PINKY NK,Individual,L,INDONESIAN,INDONESIA,78586800,0,78586800,1.03
30-Jun-2026,DOID,BUMA INTERNASIONAL GRUP Tbk,MANOJ PITAMBER NANWANI,Individual,L,INDONESIAN,INDONESIA,242278300,0,242278300,3.17
30-Jun-2026,DOID,BUMA INTERNASIONAL GRUP Tbk,THIO ANDRIANTO,Individual,L,INDONESIAN,INDONESIA,212701200,0,212701200,2.78
30-Jun-2026,DOID,BUMA INTERNASIONAL GRUP Tbk,ASHISH GUPTA,Individual,F,INDIAN,SINGAPORE,200000000,0,200000000,2.61
30-Jun-2026,DOID,BUMA INTERNASIONAL GRUP Tbk,NORTHSTAR TAMBANG PERSADA LTD,Private Equity,F,,"VIRGIN ISLANDS, BRITISH",2924000000,0,2924000000,38.22
30-Jun-2026,DOID,BUMA INTERNASIONAL GRUP Tbk,PT TRIMEGAH SEKURITAS INDONESIA TBK,Securities Company,L,,INDONESIA,214080000,0,214080000,2.8
30-Jun-2026,DOOH,ERA MEDIA SEJAHTERA Tbk,PT WISDOM CROWD INDONESIA,Corporate,L,,INDONESIA,321653988,0,321653988,4.16
30-Jun-2026,DOOH,ERA MEDIA SEJAHTERA Tbk,PT. PRAMBANAN INVESTASI SUKSES,Corporate,L,,INDONESIA,5114342412,0,5114342412,66.09
30-Jun-2026,DOSS,GLOBAL SUKSES DIGITAL Tbk,PT SUKSES INVESTAMA INDONESIA,Corporate,L,,INDONESIA,0,1086250000,1086250000,62.97
30-Jun-2026,DOSS,GLOBAL SUKSES DIGITAL Tbk,UBS AG SINGAPORE BRANCH,Private Bank,F,,SINGAPORE,85093500,0,85093500,4.93
30-Jun-2026,DOSS,GLOBAL SUKSES DIGITAL Tbk,TAHIR MATULATAN,Individual,L,INDONESIAN,INDONESIA,124871100,0,124871100,7.24
30-Jun-2026,DOSS,GLOBAL SUKSES DIGITAL Tbk,MANJIT KISHIN PUNJABI,Individual,L,INDONESIAN,INDONESIA,18361100,0,18361100,1.06
30-Jun-2026,DOSS,GLOBAL SUKSES DIGITAL Tbk,SUGIMAN HALIM,Individual,L,INDONESIAN,INDONESIA,172083800,0,172083800,9.98
30-Jun-2026,DOSS,GLOBAL SUKSES DIGITAL Tbk,IRA MAYA SAFITRI,Individual,L,INDONESIAN,INDONESIA,39453000,0,39453000,2.29
30-Jun-2026,DPNS,DUTA PERTIWI NUSANTARA,"GADING DANALESTARI, PT",Corporate,L,,INDONESIA,16000000,0,16000000,4.83
30-Jun-2026,DPNS,DUTA PERTIWI NUSANTARA,"DUTAPERMANA MAKMUR,PT",Corporate,L,,INDONESIA,103507988,65977947,169485935,51.18
30-Jun-2026,DPNS,DUTA PERTIWI NUSANTARA,BANK JULIUS BAER & CO. LTD,Private Bank,F,,SINGAPORE,22538303,0,22538303,6.81
30-Jun-2026,DPNS,DUTA PERTIWI NUSANTARA,HSBC LTD-SINGAPORE BRANCH PRIVATE BANKING DIVISION ACCOUNT CLIENTS,Private Bank,F,,SINGAPORE,15500000,0,15500000,4.68
30-Jun-2026,DPNS,DUTA PERTIWI NUSANTARA,ANDY TANUJAYA,Individual,L,INDONESIAN,INDONESIA,5284000,0,5284000,1.6
30-Jun-2026,DPNS,DUTA PERTIWI NUSANTARA,LIE EFFENDI HARSONO,Individual,L,INDONESIAN,INDONESIA,7483932,0,7483932,2.26
30-Jun-2026,DPNS,DUTA PERTIWI NUSANTARA,DR GUNADI DIBJOJUWONO,Individual,L,INDONESIAN,INDONESIA,3347900,0,3347900,1.01
30-Jun-2026,DPNS,DUTA PERTIWI NUSANTARA,ALPHONSUS A  DHARMAWAN,Individual,L,INDONESIAN,INDONESIA,6220400,0,6220400,1.88
30-Jun-2026,DPNS,DUTA PERTIWI NUSANTARA,SIANG HADI WIDJAJA,Individual,L,INDONESIAN,INDONESIA,18899111,0,18899111,5.71
30-Jun-2026,DPNS,DUTA PERTIWI NUSANTARA,SOESANTO AMIDJAJA,Individual,L,INDONESIAN,INDONESIA,9426335,0,9426335,2.85
30-Jun-2026,DPNS,DUTA PERTIWI NUSANTARA,MILLION POLFAN,Individual,L,INDONESIAN,INDONESIA,3479100,0,3479100,1.05
30-Jun-2026,DPNS,DUTA PERTIWI NUSANTARA,NG RYAN,Individual,L,INDONESIAN,INDONESIA,10741962,0,10741962,3.24
30-Jun-2026,DPUM,DUA PUTRA UTAMA MAKMUR Tbk,PT RAMA INDONESIA,Corporate,L,,INDONESIA,2473270000,0,2473270000,59.24
30-Jun-2026,DPUM,DUA PUTRA UTAMA MAKMUR Tbk,PT PANDAWA PUTRA INVESTAMA,Corporate,L,,INDONESIA,234733890,0,234733890,5.62
30-Jun-2026,DPUM,DUA PUTRA UTAMA MAKMUR Tbk,PT JAMINAN KREDIT INDONESIA,Financial Institutional,L,,INDONESIA,163636300,0,163636300,3.92
30-Jun-2026,DPUM,DUA PUTRA UTAMA MAKMUR Tbk,EDDY WINATA,Individual,L,INDONESIAN,INDONESIA,84833400,0,84833400,2.03
30-Jun-2026,DPUM,DUA PUTRA UTAMA MAKMUR Tbk,PERUSAHAAN PERSEROAN (PERSERO) PT ASABRI,State Owned Enterprises,L,,INDONESIA,53338780,0,53338780,1.28
30-Jun-2026,DPUM,DUA PUTRA UTAMA MAKMUR Tbk,Reksa Dana Pan Arcadia Dana Saham Bertumbuh,Exchange Traded Funds,L,,INDONESIA,170075500,0,170075500,4.07
30-Jun-2026,DPUM,DUA PUTRA UTAMA MAKMUR Tbk,DANA PENSIUN PERTAMINA,Pension Funds,L,,INDONESIA,156637100,0,156637100,3.75
30-Jun-2026,DPUM,DUA PUTRA UTAMA MAKMUR Tbk,PT BNI SEKURITAS,Securities Company,L,,INDONESIA,103686400,0,103686400,2.48
30-Jun-2026,DRMA,DHARMA POLIMETAL Tbk,"ADRINDO INTIPERKASA, PT",Corporate,L,,INDONESIA,77569800,0,77569800,1.65
30-Jun-2026,DRMA,DHARMA POLIMETAL Tbk,TRIPUTRA INVESTINDO ARYA,Corporate,L,,INDONESIA,666500000,0,666500000,14.16
30-Jun-2026,DRMA,DHARMA POLIMETAL Tbk,"DHARMA INTI ANUGERAH, PT",Corporate,L,,INDONESIA,2240000000,0,2240000000,47.6
30-Jun-2026,DRMA,DHARMA POLIMETAL Tbk,IWAN DEWONO BUDIYUWONO,Individual,L,INDONESIAN,INDONESIA,218000000,0,218000000,4.63
30-Jun-2026,DRMA,DHARMA POLIMETAL Tbk,"IRIANTO SANTOSO,IR",Individual,L,INDONESIAN,,240000000,0,240000000,5.1
30-Jun-2026,DRMA,DHARMA POLIMETAL Tbk,HADI KASIM,Individual,L,INDONESIAN,INDONESIA,188862800,0,188862800,4.01
30-Jun-2026,DRMA,DHARMA POLIMETAL Tbk,PHILIPUS NAFTALI,Individual,L,INDONESIAN,INDONESIAN,0,60000000,60000000,1.28
30-Jun-2026,DRMA,DHARMA POLIMETAL Tbk,NOEL AELYO LARAS KUSUMA NEGARA,Individual,L,INDONESIAN,INDONESIA,77350000,0,77350000,1.64
30-Jun-2026,DRMA,DHARMA POLIMETAL Tbk,YOSAPHAT PANUTURI SIMANJUNTAK,Individual,L,INDONESIAN,INDONESIA,800000,60000000,60800000,1.29
30-Jun-2026,DRMA,DHARMA POLIMETAL Tbk,FIDELITY FUNDS,Mutual Funds,F,,LUXEMBOURG,221671800,0,221671800,4.71
30-Jun-2026,DRMA,DHARMA POLIMETAL Tbk,STANDARD CHARTERED BANK SINGAPORE S/A SIXTEENTH STREET ASIAN GEMS FUND ID134041400003,Mutual Funds,F,,CAYMAN ISLANDS,92057900,0,92057900,1.96
30-Jun-2026,DSFI,DHARMA SAMUDERA FISHING INDUSTRIES Tbk,DHARMA MULIA ANDHIKA,Corporate,L,,INDONESIA,66528000,0,66528000,3.58
30-Jun-2026,DSFI,DHARMA SAMUDERA FISHING INDUSTRIES Tbk,PT Marina Berkah Investama,Investment Advisors,L,,INDONESIA,1292483650,0,1292483650,69.6
30-Jun-2026,DSFI,DHARMA SAMUDERA FISHING INDUSTRIES Tbk,JOHANES BRATA WARDANA,Individual,L,INDONESIAN,INDONESIA,24006200,0,24006200,1.29
30-Jun-2026,DSFI,DHARMA SAMUDERA FISHING INDUSTRIES Tbk,DANA PENSIUN BANK PEMBANGUNAN DAERAH JATENG,Pension Funds,L,,INDONESIA,34130800,0,34130800,1.84
30-Jun-2026,DSFI,DHARMA SAMUDERA FISHING INDUSTRIES Tbk,"JASABANDA GARTA, PT",Securities Company,L,,INDONESIA,22062000,0,22062000,1.19
30-Jun-2026,DSNG,DHARMA SATYA NUSANTARA Tbk,PT TRI NUR CAKRAWALA,Private Bank,L,,INDONESIA,388898508,0,388898508,3.67
30-Jun-2026,DSNG,DHARMA SATYA NUSANTARA Tbk,PERSADA CAPITAL INVESTAMA,Corporate,L,,INDONESIA,187153245,0,187153245,1.77
30-Jun-2026,DSNG,DHARMA SATYA NUSANTARA Tbk,MITRA ANEKA GUNA PT,Corporate,L,,INDONESIA,519876000,0,519876000,4.9
30-Jun-2026,DSNG,DHARMA SATYA NUSANTARA Tbk,PT MULTI FORESTA INVESTAMA,Corporate,L,,INDONESIA,156250000,0,156250000,1.47
30-Jun-2026,DSNG,DHARMA SATYA NUSANTARA Tbk,PT Krishna Kapital Investama,Corporate,L,,INDONESIA,17365000,1533000000,1550365000,14.63
30-Jun-2026,DSNG,DHARMA SATYA NUSANTARA Tbk,TRIPUTRA INVESTINDO ARYA,Corporate,L,,INDONESIA,3031707041,0,3031707041,28.6
30-Jun-2026,DSNG,DHARMA SATYA NUSANTARA Tbk,DBS BANK LTD SG S/A PT TRI NUR CAKRAWALA,Corporate,L,,INDONESIA,400000000,0,400000000,3.77
30-Jun-2026,DSNG,DHARMA SATYA NUSANTARA Tbk,PT. WAHANA ADHIKENCANA,Corporate,L,,INDONESIA,530000,150025000,150555000,1.42
30-Jun-2026,DSNG,DHARMA SATYA NUSANTARA Tbk,PT REKSA CIPTA INVESTAMA,Firm,L,,INDONESIA,238301919,0,238301919,2.25
30-Jun-2026,DSNG,DHARMA SATYA NUSANTARA Tbk,ARIANTO  OETOMO,Individual,L,INDONESIAN,INDONESIA,7700000,568267500,575967500,5.43
30-Jun-2026,DSNG,DHARMA SATYA NUSANTARA Tbk,EFENDI SULISETYO,Individual,L,INDONESIAN,INDONESIA,118800000,0,118800000,1.12
30-Jun-2026,DSNG,DHARMA SATYA NUSANTARA Tbk,DJOJO BOENTORO,Individual,L,INDONESIAN,INDONESIA,189750000,0,189750000,1.79
30-Jun-2026,DSNG,DHARMA SATYA NUSANTARA Tbk,IR. T. PERMADI RACHMAT,Individual,L,INDONESIAN,INDONESIA,251132900,0,251132900,2.37
30-Jun-2026,DSNG,DHARMA SATYA NUSANTARA Tbk,ANDRIANTO OETOMO,Individual,L,INDONESIAN,INDONESIA,575367500,0,575367500,5.43
30-Jun-2026,DSNG,DHARMA SATYA NUSANTARA Tbk,ARIESKA LIANAWATI,Individual,L,INDONESIAN,INDONESIA,0,241865000,241865000,2.28
30-Jun-2026,DSNG,DHARMA SATYA NUSANTARA Tbk,UOB KAY HIAN PTE LTD,Securities Company,F,,SINGAPORE,497485700,0,497485700,4.69
30-Jun-2026,DSNG,DHARMA SATYA NUSANTARA Tbk,MAYBANK SECURITIES PTE. LTD.,Investment Manager,F,,SINGAPORE,121920000,0,121920000,1.15
30-Jun-2026,DSSA,DIAN SWASTATIKA SENTOSA Tbk,PT DIAN SWASTATIKA SENTOSA TBK,Corporate,L,,INDONESIA,37905956750,0,37905956750,19.68
30-Jun-2026,DSSA,DIAN SWASTATIKA SENTOSA Tbk,PT SINAR MAS TUNGGAL,Corporate,L,,INDONESIA,0,115388080000,115388080000,59.9
30-Jun-2026,DSSA,DIAN SWASTATIKA SENTOSA Tbk,FITZGERALD & WILKINSON INVESTMENTS LTD,Investment Advisors,F,,"VIRGIN ISLANDS, BRITISH",6638433650,0,6638433650,3.45
30-Jun-2026,DSSA,DIAN SWASTATIKA SENTOSA Tbk,CITIBANK HONG KONG S/A CITIBANK HK SA PBG CLIENTS HK,Private Bank,F,,HONG KONG,5725665800,0,5725665800,2.97
30-Jun-2026,DSSA,DIAN SWASTATIKA SENTOSA Tbk,UOB KAY HIAN PTE LTD,Securities Company,F,,SINGAPORE,7237083600,0,7237083600,3.76
30-Jun-2026,DUCK,JAYA BERSAMA INDO Tbk,"ASIA KULINER SEJAHTERA, PT",Corporate,L,,INDONESIA,82076590,0,82076590,6.4
30-Jun-2026,DUCK,JAYA BERSAMA INDO Tbk,CGS INTERNATIONAL SECURITIES SINGAPORE PTE LTD,Private Bank,F,,SINGAPORE,25755700,0,25755700,2.01
30-Jun-2026,DUCK,JAYA BERSAMA INDO Tbk,CA INDOSUEZ (SWITZERLAND) SA,Bank,F,,SINGAPORE,27165800,0,27165800,2.12
30-Jun-2026,DUCK,JAYA BERSAMA INDO Tbk,DARWIN WINARDI,Individual,L,INDONESIAN,INDONESIA,22882300,0,22882300,1.78
30-Jun-2026,DUCK,JAYA BERSAMA INDO Tbk,PIUS SUTRISNO RIYANTO,Individual,L,INDONESIAN,INDONESIA,26578700,0,26578700,2.07
30-Jun-2026,DUCK,JAYA BERSAMA INDO Tbk,HAIYANTO,Individual,L,INDONESIAN,INDONESIA,62574500,0,62574500,4.88
30-Jun-2026,DUCK,JAYA BERSAMA INDO Tbk,PT. ASURANSI JIWA PROLIFE INDONESIA,Insurance,L,,INDONESIA,60327300,0,60327300,4.7
30-Jun-2026,DUCK,JAYA BERSAMA INDO Tbk,UNIVERSAL-INVESTMENT- GESSELLSCHAFT MBH FOR AVH EMERGING MARKETS FONDS UI,Mutual Funds,F,,GERMANY,47150000,0,47150000,3.67
30-Jun-2026,DUCK,JAYA BERSAMA INDO Tbk,FIDELITY FUNDS,Mutual Funds,F,,LUXEMBOURG,126833900,0,126833900,9.88
30-Jun-2026,DUCK,JAYA BERSAMA INDO Tbk,CITIBANK NEW YORK S/A RAINBOW FUND LP,Partnership,F,,UNITED STATES,62620000,0,62620000,4.88
30-Jun-2026,DUTI,DUTA PERTIWI Tbk,PT. BUMI SERPONG DAMAI Tbk,Corporate,L,,INDONESIA,260802567,1578272332,1839074899,99.41
30-Jun-2026,DVLA,DARYA - VARIA LABORATORIA Tbk,BLUE SPHERE SINGAPORE PTE LTD,Corporate,F,,SINGAPORE,1031737312,0,1031737312,92.12
30-Jun-2026,DVLA,DARYA - VARIA LABORATORIA Tbk,CHANDWICK DEVELOPMENTS LIMITED,Corporate,F,,"VIRGIN ISLANDS, BRITISH",43037900,0,43037900,3.84
30-Jun-2026,DWGL,DWI GUNA LAKSANA Tbk,PT LANGGENG KREASITAMA,Corporate,L,,INDONESIA,344211517,0,344211517,3.72
30-Jun-2026,DWGL,DWI GUNA LAKSANA Tbk,PT REVESSEL INDONESIA,Corporate,L,,INDONESIA,192978550,0,192978550,2.09
30-Jun-2026,DWGL,DWI GUNA LAKSANA Tbk,PT. BERAU BARA ENERGI,Corporate,L,,INDONESIA,113135298,0,113135298,1.22
30-Jun-2026,DWGL,DWI GUNA LAKSANA Tbk,PT DIAN CIPTAMAS AGUNG,Corporate,L,,INDONESIA,899011380,0,899011380,9.72
30-Jun-2026,DWGL,DWI GUNA LAKSANA Tbk,PT BERKAT NUSANTARA INDAH,Corporate,L,,INDONESIA,336864702,0,336864702,3.64
30-Jun-2026,DWGL,DWI GUNA LAKSANA Tbk,PT. RIZKI LANCAR SENTOSA,Corporate,L,,INDONESIA,156533783,0,156533783,1.69
30-Jun-2026,DWGL,DWI GUNA LAKSANA Tbk,PT. NARINDO SOLUSI TELEKOMUNIKASI,Corporate,L,,INDONESIA,149072600,0,149072600,1.61
30-Jun-2026,DWGL,DWI GUNA LAKSANA Tbk,PT ARTHAMAS SOLUSINDO,Corporate,L,,INDONESIA,417613200,0,417613200,4.51
30-Jun-2026,DWGL,DWI GUNA LAKSANA Tbk,PT NUSANTARA INDAH CEMERLANG,Corporate,L,,INDONESIA,434000000,0,434000000,4.69
30-Jun-2026,DWGL,DWI GUNA LAKSANA Tbk,PT SINAR MAS MULTIARTHA Tbk,Corporate,L,,INDONESIA,13845174,293599900,307445074,3.32
30-Jun-2026,DWGL,DWI GUNA LAKSANA Tbk,"PRIMA SAMODA, PT",,,,,0,264601124,264601124,2.86
30-Jun-2026,DWGL,DWI GUNA LAKSANA Tbk,HAWTHORN-CAPITAL INVESTMENT PTE. LTD.,,,,,0,4489671120,4489671120,48.52
30-Jun-2026,DWGL,DWI GUNA LAKSANA Tbk,PT ASURANSI SIMAS JIWA,Insurance,L,,INDONESIA,766142966,0,766142966,8.28
30-Jun-2026,DWGL,DWI GUNA LAKSANA Tbk,REKSA DANA DANAMAS STABIL,Mutual Funds,L,,INDONESIA,182022400,0,182022400,1.97
30-Jun-2026,DYAN,DYANDRA MEDIA INTERNATIONAL Tbk,"MONDIAL INVESTAMA INDONESIA, PT",Corporate,L,,,0,225104964,225104964,5.27
30-Jun-2026,DYAN,DYANDRA MEDIA INTERNATIONAL Tbk,"GRAHAWITA SANTIKA, PT",Corporate,L,,,0,116152375,116152375,2.72
30-Jun-2026,DYAN,DYANDRA MEDIA INTERNATIONAL Tbk,PT TELETRANSMEDIA,Corporate,L,,INDONESIA,2199357269,0,2199357269,51.47
30-Jun-2026,DYAN,DYANDRA MEDIA INTERNATIONAL Tbk,HANDI IRAWAN DJUWADI,Individual,L,INDONESIAN,INDONESIA,217098200,0,217098200,5.08
30-Jun-2026,DYAN,DYANDRA MEDIA INTERNATIONAL Tbk,MARTINI SUTIKNO,Individual,L,INDONESIAN,INDONESIA,120554350,0,120554350,2.82
30-Jun-2026,DYAN,DYANDRA MEDIA INTERNATIONAL Tbk,RINA R A H RADINAL MAKSUM,Individual,L,INDONESIAN,INDONESIA,221118774,0,221118774,5.17
30-Jun-2026,DYAN,DYANDRA MEDIA INTERNATIONAL Tbk,T WIDYASARI WIDYATMAKA,Individual,L,INDONESIAN,INDONESIA,66031050,0,66031050,1.55
30-Jun-2026,DYAN,DYANDRA MEDIA INTERNATIONAL Tbk,BUDI YANTO LUSLI,Individual,L,INDONESIAN,INDONESIA,102959451,0,102959451,2.41
30-Jun-2026,DYAN,DYANDRA MEDIA INTERNATIONAL Tbk,REKSA DANA PANIN DANA MAKSIMA,Mutual Funds,L,,INDONESIA,52225400,0,52225400,1.22
30-Jun-2026,DYAN,DYANDRA MEDIA INTERNATIONAL Tbk,PT YULIE SEKURITAS INDONESIA TBK,Securities Company,L,,INDONESIA,297641300,0,297641300,6.97
30-Jun-2026,EAST,EASTPARC HOTEL Tbk,HJ KAELESHA AFIATI,Individual,L,INDONESIAN,INDONESIA,170000000,0,170000000,4.12
30-Jun-2026,EAST,EASTPARC HOTEL Tbk,FAUZIAH UMAR ABDAT,Individual,L,INDONESIAN,INDONESIA,0,204024060,204024060,4.94
30-Jun-2026,EAST,EASTPARC HOTEL Tbk,FAUZI OMAR ABDAT,Individual,F,SINGAPOREAN,SINGAPORE,112615990,0,112615990,2.73
30-Jun-2026,EAST,EASTPARC HOTEL Tbk,FAHMIE BIN ALI ABDAT,Individual,F,SINGAPOREAN,INDONESIA,58000000,0,58000000,1.41
30-Jun-2026,EAST,EASTPARC HOTEL Tbk,MUHAMMAD BIN FAISEL ABDAT,Individual,F,SINGAPOREAN,SINGAPORE,104609100,0,104609100,2.54
30-Jun-2026,EAST,EASTPARC HOTEL Tbk,KHALID BIN OMAR ABDAT,Individual,F,SINGAPOREAN,INDONESIA,154340900,1650562350,1804903250,43.74
30-Jun-2026,EAST,EASTPARC HOTEL Tbk,ALIAH BINTI FAISEL ABDAT,Individual,F,SINGAPOREAN,SINGAPORE,100455900,0,100455900,2.43
30-Jun-2026,EAST,EASTPARC HOTEL Tbk,FARIZAH BINTI ZAHID,Individual,F,MALAYSIAN,MALAYSIA,89703050,0,89703050,2.17
30-Jun-2026,EAST,EASTPARC HOTEL Tbk,NADIAH KHALID ABDAT,Individual,F,SINGAPOREAN,SINGAPORE,200075320,0,200075320,4.85
30-Jun-2026,EAST,EASTPARC HOTEL Tbk,NAJIHA BINTI ZAHID,Individual,F,MALAYSIAN,MALAYSIA,89703050,0,89703050,2.17
30-Jun-2026,EAST,EASTPARC HOTEL Tbk,HUSSAIN BIN AHMAD ABDULLAH HARHARAH,Individual,F,SINGAPOREAN,SINGAPORE,42802600,0,42802600,1.04
30-Jun-2026,EAST,EASTPARC HOTEL Tbk,KHALED BIN FAISEL ABDAT,Individual,F,SINGAPOREAN,SINGAPORE,93347400,0,93347400,2.26
30-Jun-2026,EAST,EASTPARC HOTEL Tbk,ARIFF BIN ZAHID,Individual,F,MALAYSIAN,MALAYSIA,89703050,0,89703050,2.17
30-Jun-2026,EAST,EASTPARC HOTEL Tbk,GHAZALLA JINNAH,Individual,F,SINGAPOREAN,SINGAPORE,82792829,0,82792829,2.01
30-Jun-2026,EAST,EASTPARC HOTEL Tbk,FAZLINA OMAR ABDAT,Individual,F,SINGAPOREAN,MALAYSIA,90517180,0,90517180,2.19
30-Jun-2026,EAST,EASTPARC HOTEL Tbk,AHMAD BIN ABDULLAH HUSSAIN HARHARAH,Individual,F,SINGAPOREAN,SINGAPORE,85584800,0,85584800,2.07
30-Jun-2026,EAST,EASTPARC HOTEL Tbk,GUSTI SABAH BINTE ZAKARIA (GUSTI SABAH BINTE ZAKARIA BAGHARIB),Individual,F,SINGAPOREAN,SINGAPORE,44145260,0,44145260,1.07
30-Jun-2026,EAST,EASTPARC HOTEL Tbk,SA'DIAH ALI ABDAT,Individual,F,SINGAPOREAN,SINGAPORE,60465600,0,60465600,1.47
30-Jun-2026,EAST,EASTPARC HOTEL Tbk,HAMZAH BIN FAISEL ABDAT,Individual,F,SINGAPOREAN,SINGAPORE,104541000,0,104541000,2.53
30-Jun-2026,EAST,EASTPARC HOTEL Tbk,NUR'AINI BINTE ZAKARIA SHAIKH OMAR BAGHARIB,Individual,F,SINGAPOREAN,SINGAPORE,44472300,0,44472300,1.08
30-Jun-2026,ECII,ELECTRONIC CITY INDONESIA Tbk,"PT ELECTRONIC CITY INDONESIA, Tbk",Corporate,L,,INDONESIA,119451195,0,119451195,8.95
30-Jun-2026,ECII,ELECTRONIC CITY INDONESIA Tbk,PT ARTHA HARAPAN GEMILANG,Corporate,L,,INDONESIA,46892600,0,46892600,3.51
30-Jun-2026,ECII,ELECTRONIC CITY INDONESIA Tbk,PT. Graha Surya Kirana,,,,,0,341250000,341250000,25.57
30-Jun-2026,ECII,ELECTRONIC CITY INDONESIA Tbk,PT. Artha Graha Network,,,,,0,308850000,308850000,23.15
30-Jun-2026,ECII,ELECTRONIC CITY INDONESIA Tbk,MIDAS ASIA FUND,Mutual Funds,F,,SINGAPORE,395926205,0,395926205,29.67
30-Jun-2026,EDGE,INDOINTERNET Tbk,DIGITAL EDGE (HK) SPVI LIMITED,Corporate,F,,HONG KONG,666682500,0,666682500,33.0
30-Jun-2026,EDGE,INDOINTERNET Tbk,DIGITAL EDGE (HONG KONG) LIMITED,Corporate,F,,HONG KONG,1193969000,0,1193969000,59.1
30-Jun-2026,EDGE,INDOINTERNET Tbk,UOB KAY HIAN (HONG KONG) LTD,Securities Company,F,,HONG KONG,151519000,0,151519000,7.5
30-Jun-2026,EKAD,EKADHARMA INTERNATIONAL Tbk,PT. EKADHARMA INTI PERKASA,Corporate,L,,INDONESIA,2874012300,0,2874012300,82.26
30-Jun-2026,EKAD,EKADHARMA INTERNATIONAL Tbk,SINTAWATY KUSTADY,Individual,L,INDONESIAN,INDONESIA,92574575,0,92574575,2.65
30-Jun-2026,EKAD,EKADHARMA INTERNATIONAL Tbk,SURONO SUBEKTI,Individual,L,INDONESIAN,INDONESIA,135595800,0,135595800,3.88
30-Jun-2026,EKAD,EKADHARMA INTERNATIONAL Tbk,LAI CHIN TOT,Individual,F,SINGAPOREAN,SINGAPORE,47984700,0,47984700,1.37
30-Jun-2026,EKAD,EKADHARMA INTERNATIONAL Tbk,OCBC SECURITIES PRIVATE LIMITED,Securities Company,F,,SINGAPORE,102188875,0,102188875,2.92
30-Jun-2026,ELIT,DATA SINERGITAMA JAYA Tbk,PT DELEMONT GLOBAL VENTURE,Corporate,L,,INDONESIA,306291308,0,306291308,15.08
30-Jun-2026,ELIT,DATA SINERGITAMA JAYA Tbk,PT. INOTECH,Corporate,L,,INDONESIA,124495612,0,124495612,6.13
30-Jun-2026,ELIT,DATA SINERGITAMA JAYA Tbk,"GRATUS DEO INDONESIA, PT",,,,,0,557038128,557038128,27.42
30-Jun-2026,ELIT,DATA SINERGITAMA JAYA Tbk,"INDONESIA MUDA INOVATIF, PT",,,,,0,432965764,432965764,21.31
30-Jun-2026,ELIT,DATA SINERGITAMA JAYA Tbk,WILSON SURYAJAYA,Individual,L,INDONESIAN,INDONESIA,30500000,0,30500000,1.5
30-Jun-2026,ELIT,DATA SINERGITAMA JAYA Tbk,Hendra Suryakusuma,Individual,L,INDONESIAN,INDONESIA,38519612,0,38519612,1.9
30-Jun-2026,ELIT,DATA SINERGITAMA JAYA Tbk,PT TRUST SEKURITAS,Securities Company,L,,INDONESIA,34465400,0,34465400,1.7
30-Jun-2026,ELPI,PELAYARAN NASIONAL EKALYA PURNAMASARI Tbk,PT. CITRA PRIMA LOKA,Corporate,L,,INDONESIA,339048200,0,339048200,4.57
30-Jun-2026,ELPI,PELAYARAN NASIONAL EKALYA PURNAMASARI Tbk,PT. GLOBAL BERKAT SOLUSINDO,Corporate,L,,INDONESIA,337029600,0,337029600,4.55
30-Jun-2026,ELPI,PELAYARAN NASIONAL EKALYA PURNAMASARI Tbk,KREASI CIPTA TIMUR PT,Corporate,L,,INDONESIA,6104700000,0,6104700000,82.36
30-Jun-2026,ELPI,PELAYARAN NASIONAL EKALYA PURNAMASARI Tbk,BANK OF SINGAPORE LIMITED,Private Bank,F,,SINGAPORE,181350600,0,181350600,2.45
30-Jun-2026,ELPI,PELAYARAN NASIONAL EKALYA PURNAMASARI Tbk,SURYA BUDIMAN,Individual,L,INDONESIAN,INDONESIA,123247400,0,123247400,1.66
30-Jun-2026,ELPI,PELAYARAN NASIONAL EKALYA PURNAMASARI Tbk,TAN CHRISTIAN TANIPUTRA,Individual,L,INDONESIAN,INDONESIA,189000000,0,189000000,2.55
30-Jun-2026,ELSA,ELNUSA Tbk,PT PERTAMINA HULU ENERGI,State Owned Enterprises,L,,INDONESIA,3729781000,0,3729781000,51.1
30-Jun-2026,ELSA,ELNUSA Tbk,PURYANTO,Individual,L,INDONESIAN,INDONESIA,126775200,0,126775200,1.74
30-Jun-2026,ELSA,ELNUSA Tbk,RIDOAN MADJUKIE,Individual,L,INDONESIAN,INDONESIA,131900000,0,131900000,1.81
30-Jun-2026,ELSA,ELNUSA Tbk,HAIYANTO,Individual,L,INDONESIAN,INDONESIA,423692800,0,423692800,5.81
30-Jun-2026,ELSA,ELNUSA Tbk,REKSA DANA ASHMORE SAHAM SEJAHTERA NUSANTARA,Mutual Funds,L,,INDONESIA,80522900,0,80522900,1.1
30-Jun-2026,ELSA,ELNUSA Tbk,WISDOMTREE EMERGING MARKETS HIGH DIVIDEND FUND,Exchange Traded Funds,F,,UNITED STATES,77784400,0,77784400,1.07
30-Jun-2026,ELTY,BAKRIELAND DEVELOPMENT Tbk,PT GLOBAL INTRIMA,Corporate,L,,INDONESIA,760000000,0,760000000,1.75
30-Jun-2026,ELTY,BAKRIELAND DEVELOPMENT Tbk,"Tesco International Capital, PT",Private Equity,L,,INDONESIA,574775100,0,574775100,1.32
30-Jun-2026,ELTY,BAKRIELAND DEVELOPMENT Tbk,PT. NARINDO SOLUSI TELEKOMUNIKASI,Corporate,L,,INDONESIA,476246804,0,476246804,1.09
30-Jun-2026,ELTY,BAKRIELAND DEVELOPMENT Tbk,PETROMINE ENERGY TRADING,Corporate,L,,INDONESIA,1135924000,0,1135924000,2.61
30-Jun-2026,ELTY,BAKRIELAND DEVELOPMENT Tbk,KINGSWOOD UNION CORPORATION,Private Equity,F,,SINGAPORE,495213796,0,495213796,1.14
30-Jun-2026,ELTY,BAKRIELAND DEVELOPMENT Tbk,BANK OF SINGAPORE LIMITED,Private Bank,F,,SINGAPORE,1510156800,0,1510156800,3.47
30-Jun-2026,ELTY,BAKRIELAND DEVELOPMENT Tbk,DJONI,Individual,L,INDONESIAN,INDONESIA,1126588700,0,1126588700,2.59
30-Jun-2026,ELTY,BAKRIELAND DEVELOPMENT Tbk,HAIYANTO,Individual,L,INDONESIAN,INDONESIA,473412500,0,473412500,1.09
30-Jun-2026,ELTY,BAKRIELAND DEVELOPMENT Tbk,PT ASURANSI SIMAS JIWA,Insurance,L,,INDONESIA,2329095649,0,2329095649,5.35
30-Jun-2026,ELTY,BAKRIELAND DEVELOPMENT Tbk,REKSA DANA TF SUPER MAXXI,Mutual Funds,L,,INDONESIA,1045321000,0,1045321000,2.4
30-Jun-2026,ELTY,BAKRIELAND DEVELOPMENT Tbk,INTERVENTURES  CAPITAL PTE. LTD,Corporate,F,,SINGAPORE,2227645000,0,2227645000,5.12
30-Jun-2026,EMAS,MERDEKA GOLD RESOURCES Tbk,MERDEKA COPPER GOLD TBK PT,Corporate,L,,INDONESIA,9329376465,0,9329376465,63.33
30-Jun-2026,EMAS,MERDEKA GOLD RESOURCES Tbk,"BINTANG DELAPAN HARMONI, PT",Corporate,L,,INDONESIA,168441300,0,168441300,1.14
30-Jun-2026,EMAS,MERDEKA GOLD RESOURCES Tbk,"Nugraha Eka Kencana, PT",Investment Advisors,L,,INDONESIA,148791665,0,148791665,1.01
30-Jun-2026,EMAS,MERDEKA GOLD RESOURCES Tbk,PT NUSANTARA INDAH CEMERLANG,Corporate,L,,INDONESIA,199540600,0,199540600,1.35
30-Jun-2026,EMAS,MERDEKA GOLD RESOURCES Tbk,SMG MANAGEMENT LIMITED,Corporate,F,,"VIRGIN ISLANDS, BRITISH",161207400,0,161207400,1.09
30-Jun-2026,EMAS,MERDEKA GOLD RESOURCES Tbk,MORGAN STANLEY AND CO INTERNATIONAL PLC,Corporate,F,,UNITED KINGDOM,233241400,0,233241400,1.58
30-Jun-2026,EMAS,MERDEKA GOLD RESOURCES Tbk,STANDARD CHARTERED BANK (SINGAPORE) LIMITED,Bank,F,,SINGAPORE,170402000,0,170402000,1.16
30-Jun-2026,EMAS,MERDEKA GOLD RESOURCES Tbk,LAVERTON INVESTMENT HOLDINGS LTD,Investment Advisors,F,,"VIRGIN ISLANDS, BRITISH",282997060,0,282997060,1.92
30-Jun-2026,EMAS,MERDEKA GOLD RESOURCES Tbk,"JPMORGAN CHASE BANK, NATIONAL ASSOCIATION",Bank,F,,UNITED KINGDOM,896686000,0,896686000,6.09
30-Jun-2026,EMAS,MERDEKA GOLD RESOURCES Tbk,HARDI WIJAYA LIONG,Individual,L,INDONESIAN,INDONESIA,202470351,0,202470351,1.37
30-Jun-2026,EMAS,MERDEKA GOLD RESOURCES Tbk,SANTOSO KARTONO,Individual,L,INDONESIAN,INDONESIA,185041495,0,185041495,1.26
30-Jun-2026,EMAS,MERDEKA GOLD RESOURCES Tbk,WINATO KARTONO,Individual,L,INDONESIAN,INDONESIA,548772817,0,548772817,3.73
30-Jun-2026,EMAS,MERDEKA GOLD RESOURCES Tbk,CONTINUUM SPC,Mutual Funds,F,,CAYMAN ISLANDS,253683100,0,253683100,1.72
30-Jun-2026,EMDE,MEGAPOLITAN DEVELOPMENTS Tbk,COSMOPOLITAN PERSADA DEVELOPMENTS PT,Corporate,L,,,0,2237018320,2237018320,66.78
30-Jun-2026,EMDE,MEGAPOLITAN DEVELOPMENTS Tbk,DBS BANK LTD.,Bank,F,,SINGAPORE,231147000,0,231147000,6.9
30-Jun-2026,EMDE,MEGAPOLITAN DEVELOPMENTS Tbk,L. MELANI LOWAS.B.RIMBA,Individual,L,INDONESIAN,INDONESIA,131490840,0,131490840,3.93
30-Jun-2026,EMDE,MEGAPOLITAN DEVELOPMENTS Tbk,SUDJONO BARAK RIMBA,Individual,L,INDONESIAN,,131490840,0,131490840,3.93
30-Jun-2026,EMDE,MEGAPOLITAN DEVELOPMENTS Tbk,Dennis Fitriawan Singgih,Individual,L,INDONESIAN,INDONESIA,67482600,0,67482600,2.01
30-Jun-2026,EMDE,MEGAPOLITAN DEVELOPMENTS Tbk,SILVIA DAISY NILASARI. L,Individual,L,INDONESIAN,,108095700,0,108095700,3.23
30-Jun-2026,EMDE,MEGAPOLITAN DEVELOPMENTS Tbk,SADIKUN WIRATNO,Individual,L,INDONESIAN,INDONESIA,159102500,0,159102500,4.75
30-Jun-2026,EMTK,ELANG MAHKOTA TEKNOLOGI Tbk,PT. Prima Visualindo,Corporate,L,,INDONESIA,3710709980,0,3710709980,6.04
30-Jun-2026,EMTK,ELANG MAHKOTA TEKNOLOGI Tbk,PT ADIKARSA SARANA,Corporate,L,,INDONESIA,8654560360,0,8654560360,14.09
30-Jun-2026,EMTK,ELANG MAHKOTA TEKNOLOGI Tbk,GP NETWORK ASIA PTE LTD,Corporate,F,,SINGAPORE,2821978671,0,2821978671,4.59
30-Jun-2026,EMTK,ELANG MAHKOTA TEKNOLOGI Tbk,DEUTSCHE BK AG (PRIVATE BANKING) SPORE WM CLIENT,Bank,F,,SINGAPORE,621917516,0,621917516,1.01
30-Jun-2026,EMTK,ELANG MAHKOTA TEKNOLOGI Tbk,STANDARD CHARTERED BANK (SINGAPORE) LIMITED,Bank,F,,SINGAPORE,988925000,0,988925000,1.61
30-Jun-2026,EMTK,ELANG MAHKOTA TEKNOLOGI Tbk,IR. SUSANTO SUWARTO,Individual,L,INDONESIAN,INDONESIA,7117889090,0,7117889090,11.59
30-Jun-2026,EMTK,ELANG MAHKOTA TEKNOLOGI Tbk,RD FOFO SARIAATMADJA,Individual,L,INDONESIAN,INDONESIA,2901559040,0,2901559040,4.72
30-Jun-2026,EMTK,ELANG MAHKOTA TEKNOLOGI Tbk,INAWATI NINGSIH JUWONO,Individual,L,INDONESIAN,INDONESIA,1036500030,0,1036500030,1.69
30-Jun-2026,EMTK,ELANG MAHKOTA TEKNOLOGI Tbk,PIET YAURY,Individual,L,INDONESIAN,INDONESIA,4989564500,0,4989564500,8.12
30-Jun-2026,EMTK,ELANG MAHKOTA TEKNOLOGI Tbk,RD EDDY K SARIAATMADJA,Individual,L,INDONESIAN,INDONESIA,13439147454,0,13439147454,21.88
30-Jun-2026,EMTK,ELANG MAHKOTA TEKNOLOGI Tbk,ANTHONI SALIM,Individual,L,INDONESIAN,INDONESIA,5510302220,0,5510302220,8.97
30-Jun-2026,ENAK,CHAMP RESTO INDONESIA Tbk,PT CIPTA RASA JUARA,Corporate,L,,INDONESIA,163454000,0,163454000,7.54
30-Jun-2026,ENAK,CHAMP RESTO INDONESIA Tbk,PT. ALBA CIPTA RASA,Corporate,L,,INDONESIA,294363000,0,294363000,13.59
30-Jun-2026,ENAK,CHAMP RESTO INDONESIA Tbk,BAROKAH MELAYU FOOD PTE. LTD.,Corporate,F,,SINGAPORE,1181173300,0,1181173300,54.52
30-Jun-2026,ENAK,CHAMP RESTO INDONESIA Tbk,BANK OF SINGAPORE LIMITED,Private Bank,F,,SINGAPORE,87645800,0,87645800,4.05
30-Jun-2026,ENAK,CHAMP RESTO INDONESIA Tbk,JOHN ANDREAS DJOEWARDI,Individual,L,INDONESIAN,INDONESIA,43036800,0,43036800,1.99
30-Jun-2026,ENAK,CHAMP RESTO INDONESIA Tbk,ALI GUNAWAN BUDIMAN,Individual,L,INDONESIAN,INDONESIA,309683700,0,309683700,14.29
30-Jun-2026,ENRG,ENERGI MEGA PERSADA Tbk,PT. SATYA INVESTA PERSADA,Private Equity,L,,INDONESIA,508355237,0,508355237,1.91
30-Jun-2026,ENRG,ENERGI MEGA PERSADA Tbk,SAMUEL INTERNATIONAL,Corporate,L,,INDONESIA,350000067,0,350000067,1.32
30-Jun-2026,ENRG,ENERGI MEGA PERSADA Tbk,PT BAKRIE CAPITAL INDONESIA,Corporate,L,,INDONESIA,1154560097,0,1154560097,4.35
30-Jun-2026,ENRG,ENERGI MEGA PERSADA Tbk,SENTRA DAYA GEMILANG PT,Corporate,L,,INDONESIA,285559361,0,285559361,1.07
30-Jun-2026,ENRG,ENERGI MEGA PERSADA Tbk,PT SHIMA GLOBAL KAPITAL,Corporate,L,,INDONESIA,4661422413,0,4661422413,17.55
30-Jun-2026,ENRG,ENERGI MEGA PERSADA Tbk,PT BERKAT MITRA PATRIA,Corporate,L,,INDONESIA,537525200,0,537525200,2.02
30-Jun-2026,ENRG,ENERGI MEGA PERSADA Tbk,PETROMINE ENERGY TRADING,Corporate,L,,INDONESIA,362957245,0,362957245,1.37
30-Jun-2026,ENRG,ENERGI MEGA PERSADA Tbk,PT ETERNAL CAPITAL,Private Equity,L,,INDONESIA,358601156,0,358601156,1.35
30-Jun-2026,ENRG,ENERGI MEGA PERSADA Tbk,MAJU PERKASA OPTIMA KARSA PT,Corporate,L,,INDONESIA,897606400,0,897606400,3.38
30-Jun-2026,ENRG,ENERGI MEGA PERSADA Tbk,"Bakrie Kalila Investment, PT",Corporate,L,,INDONESIA,946871014,0,946871014,3.56
30-Jun-2026,ENRG,ENERGI MEGA PERSADA Tbk,REIGNWOOD INTERNATIONAL INVESTMENT (GROUP) COMPANY LTD,Corporate,F,,HONG KONG,898278476,0,898278476,3.38
30-Jun-2026,ENRG,ENERGI MEGA PERSADA Tbk,PT TRIMEGAH SEKURITAS INDONESIA TBK,Securities Company,L,,INDONESIA,3133347222,0,3133347222,11.8
30-Jun-2026,ENRG,ENERGI MEGA PERSADA Tbk,"PANIN SEKURITAS Tbk, PT",Securities Company,L,,INDONESIA,484245519,0,484245519,1.82
30-Jun-2026,ENRG,ENERGI MEGA PERSADA Tbk,PT. KB VALBURY SEKURITAS,Securities Company,L,,INDONESIA,368450125,0,368450125,1.39
30-Jun-2026,ENRG,ENERGI MEGA PERSADA Tbk,PT MAYBANK SEKURITAS INDONESIA - REGISTRAR,Securities Company,L,,INDONESIA,1918540100,0,1918540100,7.22
30-Jun-2026,ENRG,ENERGI MEGA PERSADA Tbk,CGS INTERNATIONAL SEKURITAS INDONESIA,Securities Company,L,,INDONESIA,2000080169,0,2000080169,7.53
30-Jun-2026,ENRG,ENERGI MEGA PERSADA Tbk,CGS INTERNATIONAL SECURITIES HONG KONG LIMITED,Investment Manager,F,,HONG KONG,801976100,0,801976100,3.02
30-Jun-2026,ENVY,ENVY TECHNOLOGIES INDONESIA Tbk,WG CAPITAL LTD.,Commanditaire Vennootschap (CV) Or Limited Partnership,F,,BAHAMAS,108157000,0,108157000,6.01
30-Jun-2026,ENVY,ENVY TECHNOLOGIES INDONESIA Tbk,PT ENVY MANAJEMEN KONSULTANSI,,,,,0,130352100,130352100,7.24
30-Jun-2026,ENVY,ENVY TECHNOLOGIES INDONESIA Tbk,DBS BANK LTD.,Bank,F,,SINGAPORE,20717400,0,20717400,1.15
30-Jun-2026,ENVY,ENVY TECHNOLOGIES INDONESIA Tbk,WILLIAM ATAPARY,Individual,L,INDONESIAN,INDONESIA,23793100,0,23793100,1.32
30-Jun-2026,ENVY,ENVY TECHNOLOGIES INDONESIA Tbk,RIKKY RIDWAN,Individual,L,INDONESIAN,INDONESIA,30787700,0,30787700,1.71
30-Jun-2026,ENVY,ENVY TECHNOLOGIES INDONESIA Tbk,DOLIANO MOZANNA SIREGAR,Individual,L,INDONESIAN,INDONESIA,40658200,0,40658200,2.26
30-Jun-2026,ENVY,ENVY TECHNOLOGIES INDONESIA Tbk,HISATA  KAZUHIRO,Individual,F,JAPANESE,JAPAN,77000000,0,77000000,4.28
30-Jun-2026,ENVY,ENVY TECHNOLOGIES INDONESIA Tbk,UOB KAY HIAN PTE LTD,Securities Company,F,,SINGAPORE,40270000,0,40270000,2.24
30-Jun-2026,ENZO,MORENZO ABADI PERKASA Tbk,PT TRITUNGGAL SUKSES INVESTAMA,Corporate,L,,INDONESIA,800000000,682600000,1482600000,68.56
30-Jun-2026,ENZO,MORENZO ABADI PERKASA Tbk,USMAN,Individual,L,INDONESIAN,INDONESIA,27142100,0,27142100,1.26
30-Jun-2026,ENZO,MORENZO ABADI PERKASA Tbk,YANI SUNARTI,Individual,L,INDONESIAN,INDONESIA,77116000,0,77116000,3.57
30-Jun-2026,ENZO,MORENZO ABADI PERKASA Tbk,JANTY SETYASTUTY SH,Individual,L,INDONESIAN,INDONESIA,96604400,0,96604400,4.47
30-Jun-2026,ENZO,MORENZO ABADI PERKASA Tbk,"UDUR HOTMAIDA SIAHAAN, S.S",Individual,L,INDONESIAN,INDONESIA,86184500,0,86184500,3.99
30-Jun-2026,EPAC,MEGALESTARI EPACK SENTOSARAYA Tbk,PT BINTANG SAMPURNA CEMERLANG,Corporate,L,,INDONESIA,57841500,0,57841500,1.75
30-Jun-2026,EPAC,MEGALESTARI EPACK SENTOSARAYA Tbk,PT OMNI MULTI INDUSTRINDO,Corporate,L,,INDONESIA,800000000,0,800000000,24.22
30-Jun-2026,EPAC,MEGALESTARI EPACK SENTOSARAYA Tbk,PT TRIPLE BERSAMA BERKAH,Corporate,L,,INDONESIA,683066800,0,683066800,20.68
30-Jun-2026,EPAC,MEGALESTARI EPACK SENTOSARAYA Tbk,SAKINAH JULIANI UTAMI,Individual,L,INDONESIAN,INDONESIA,64000000,0,64000000,1.94
30-Jun-2026,EPAC,MEGALESTARI EPACK SENTOSARAYA Tbk,IMAN HARYANTO,Individual,L,INDONESIAN,INDONESIA,76266800,0,76266800,2.31
30-Jun-2026,EPAC,MEGALESTARI EPACK SENTOSARAYA Tbk,HERMAN OEI,Individual,L,INDONESIAN,INDONESIA,36801700,0,36801700,1.11
30-Jun-2026,EPAC,MEGALESTARI EPACK SENTOSARAYA Tbk,HANSON JONATHAN,Individual,L,INDONESIAN,INDONESIA,38000000,0,38000000,1.15
30-Jun-2026,EPAC,MEGALESTARI EPACK SENTOSARAYA Tbk,RYAN PERMANA,Individual,L,INDONESIAN,INDONESIA,349384900,0,349384900,10.58
30-Jun-2026,EPAC,MEGALESTARI EPACK SENTOSARAYA Tbk,PHILIP SURYA DJUSMAN,Individual,L,INDONESIAN,INDONESIA,38817800,0,38817800,1.18
30-Jun-2026,EPAC,MEGALESTARI EPACK SENTOSARAYA Tbk,NESSY SARINDA,Individual,L,INDONESIAN,INDONESIA,250619400,0,250619400,7.59
30-Jun-2026,EPAC,MEGALESTARI EPACK SENTOSARAYA Tbk,SALIM LIM,Individual,L,INDONESIAN,INDONESIA,70445900,0,70445900,2.13
30-Jun-2026,EPAC,MEGALESTARI EPACK SENTOSARAYA Tbk,HENG NATALIA,Individual,L,INDONESIAN,INDONESIA,104000000,0,104000000,3.15
30-Jun-2026,EPAC,MEGALESTARI EPACK SENTOSARAYA Tbk,ARTHUR PRAKASA BRATANATA,Individual,L,INDONESIAN,INDONESIA,34900800,0,34900800,1.06
30-Jun-2026,EPAC,MEGALESTARI EPACK SENTOSARAYA Tbk,RICHIE ADRIAN HARTANTO S,Individual,L,INDONESIAN,INDONESIA,55807100,0,55807100,1.69
30-Jun-2026,EPMT,ENSEVAL PUTERA MEGATRADING Tbk,PT Kalbe Farma Tbk,Corporate,L,,INDONESIA,2491285795,0,2491285795,91.98
30-Jun-2026,EPMT,ENSEVAL PUTERA MEGATRADING Tbk,CITIBANK NEW YORK S/A RAINBOW FUND LP,Partnership,F,,UNITED STATES,62646894,0,62646894,2.31
30-Jun-2026,ERAA,ERAJAYA SWASEMBADA Tbk,"ERAJAYA SWASEMBADA TBK, PT",Corporate,L,,INDONESIA,387436922,0,387436922,2.43
30-Jun-2026,ERAA,ERAJAYA SWASEMBADA Tbk,ERALINK INTERNATIONAL PT,Corporate,L,,INDONESIA,2605311200,6194980200,8800291400,55.17
30-Jun-2026,ERAA,ERAJAYA SWASEMBADA Tbk,ARISAIG ASIA FUND LIMITED,Investment Fund Selling Agent,F,,"VIRGIN ISLANDS, BRITISH",263633500,0,263633500,1.65
30-Jun-2026,ERAA,ERAJAYA SWASEMBADA Tbk,HSBC LTD-SINGAPORE BRANCH PRIVATE BANKING DIVISION ACCOUNT CLIENTS,Private Bank,F,,SINGAPORE,550000000,0,550000000,3.45
30-Jun-2026,ERAA,ERAJAYA SWASEMBADA Tbk,DJS KETENAGAKERJAAN PROGRAM JAMINAN HARI TUA,State Owned Enterprises,L,,INDONESIA,414452500,0,414452500,2.6
30-Jun-2026,ERAA,ERAJAYA SWASEMBADA Tbk,DJS KETENAGAKERJAAN PROGRAM JAMINAN PENSIUN,State Owned Enterprises,L,,INDONESIA,358705200,0,358705200,2.25
30-Jun-2026,ERAA,ERAJAYA SWASEMBADA Tbk,PT. PRUDENTIAL LIFE ASSURANCE,Insurance,L,,INDONESIA,163904700,0,163904700,1.03
30-Jun-2026,ERAA,ERAJAYA SWASEMBADA Tbk,PUBLIC INDONESIA SELECT FUND,Mutual Funds,F,,MALAYSIA,291918200,0,291918200,1.83
30-Jun-2026,ERAA,ERAJAYA SWASEMBADA Tbk,ALBIZIA ASEAN OPPORTUNITIES FUND,Mutual Funds,F,,CAYMAN ISLANDS,358696800,0,358696800,2.25
30-Jun-2026,ERAA,ERAJAYA SWASEMBADA Tbk,GOVERNMENT OF NORWAY,Sovereign Wealth Fund,F,,NORWAY,272396700,0,272396700,1.71
30-Jun-2026,ERAL,SINAR EKA SELARAS Tbk,"ERAJAYA SWASEMBADA TBK, PT",Corporate,L,,INDONESIA,0,4149990000,4149990000,80.0
30-Jun-2026,ERAL,SINAR EKA SELARAS Tbk,RUDY SUSANTO,Individual,L,INDONESIAN,INDONESIA,60250100,0,60250100,1.16
30-Jun-2026,ERTX,ERATEX DJAJA Tbk,PT UNGARAN SARI GARMENTS,Corporate,L,,INDONESIA,1186085292,0,1186085292,92.19
30-Jun-2026,ESIP,SINERGI INTI PLASTINDO Tbk,PT TANINDO OMEGA PASIFIK,Corporate,L,,INDONESIA,0,354400000,354400000,31.93
30-Jun-2026,ESIP,SINERGI INTI PLASTINDO Tbk,ERIC BUDISETIO KURNIAWAN,Individual,L,INDONESIAN,INDONESIA,319148062,0,319148062,28.75
30-Jun-2026,ESSA,ESSA INDUSTRIES INDONESIA Tbk,AKRAYA INTERNATIONAL PT,Corporate,L,,INDONESIA,1350266700,0,1350266700,7.84
30-Jun-2026,ESSA,ESSA INDUSTRIES INDONESIA Tbk,BANK JULIUS BAER & CO. LTD,Private Bank,F,,SINGAPORE,604577333,0,604577333,3.51
30-Jun-2026,ESSA,ESSA INDUSTRIES INDONESIA Tbk,BANK OF SINGAPORE LIMITED,Private Bank,F,,SINGAPORE,811319100,0,811319100,4.71
30-Jun-2026,ESSA,ESSA INDUSTRIES INDONESIA Tbk,AMARANTH RED PTE LTD,Corporate,F,,SINGAPORE,370878800,0,370878800,2.15
30-Jun-2026,ESSA,ESSA INDUSTRIES INDONESIA Tbk,GARIBALDI THOHIR,Individual,L,INDONESIAN,INDONESIA,2740821912,0,2740821912,15.91
30-Jun-2026,ESSA,ESSA INDUSTRIES INDONESIA Tbk,JONATHAN CHANG,Individual,L,INDONESIAN,INDONESIA,665198028,0,665198028,3.86
30-Jun-2026,ESSA,ESSA INDUSTRIES INDONESIA Tbk,CHANDER VINOD LAROYA,Individual,L,INDONESIAN,INDONESIA,3251948955,0,3251948955,18.88
30-Jun-2026,ESSA,ESSA INDUSTRIES INDONESIA Tbk,SUGITO WALUJO,Individual,L,INDONESIAN,INDONESIA,463454216,0,463454216,2.69
30-Jun-2026,ESSA,ESSA INDUSTRIES INDONESIA Tbk,GOLDSTAR TRI INVESTMENT LIMITED,Private Equity,F,,MALAYSIA,404602200,0,404602200,2.35
30-Jun-2026,ESSA,ESSA INDUSTRIES INDONESIA Tbk,GOVERNMENT OF NORWAY,Sovereign Wealth Fund,F,,NORWAY,280118000,0,280118000,1.63
30-Jun-2026,ESSA,ESSA INDUSTRIES INDONESIA Tbk,PT TRIMEGAH SEKURITAS INDONESIA TBK,Securities Company,L,,INDONESIA,651000040,0,651000040,3.78
30-Jun-2026,ESTA,ESTA MULTI USAHA Tbk,PT. Esta Utama Corpora,Corporate,L,,INDONESIA,1518470799,0,1518470799,62.61
30-Jun-2026,ESTA,ESTA MULTI USAHA Tbk,PT Esta Dana Ventura,Venture Capital,L,,INDONESIA,188762050,0,188762050,7.78
30-Jun-2026,ESTA,ESTA MULTI USAHA Tbk,LUKMAN NELAM,Individual,L,INDONESIAN,INDONESIA,46084861,0,46084861,1.9
30-Jun-2026,ESTA,ESTA MULTI USAHA Tbk,BETHARIA HARINI,Individual,L,INDONESIAN,INDONESIA,39235100,0,39235100,1.62
30-Jun-2026,ESTA,ESTA MULTI USAHA Tbk,SUHENDRA,Individual,L,INDONESIAN,INDONESIA,36777900,0,36777900,1.52
30-Jun-2026,ESTA,ESTA MULTI USAHA Tbk,JPMORGAN CHASE BANK NA SINGAPORE BRANCH,Private Bank,F,,SINGAPORE,494150659,0,494150659,20.37
30-Jun-2026,ESTI,EVER SHINE TEXTILE INDUSTRY,CAHAYA INTERKONTINENTAL. PT,Corporate,L,,INDONESIA,945869218,892186655,1838055873,91.21
30-Jun-2026,ESTI,EVER SHINE TEXTILE INDUSTRY,HONG KUO LONG,Individual,L,INDONESIAN,INDONESIA,47621700,0,47621700,2.36
30-Jun-2026,ETWA,ETERINDO WAHANATAMA Tbk,PT MORDRED INVESTAMA INDONESIA,Private Equity,L,,INDONESIA,3700374400,0,3700374400,79.26
30-Jun-2026,ETWA,ETERINDO WAHANATAMA Tbk,WATERVALE WORLDWIDE INC (WWI),,,,,0,211353700,211353700,4.53
30-Jun-2026,ETWA,ETERINDO WAHANATAMA Tbk,BANK OF SINGAPORE LIMITED,Private Bank,F,,SINGAPORE,55415600,0,55415600,1.19
30-Jun-2026,ETWA,ETERINDO WAHANATAMA Tbk,HADISAN SRIDJAJA,Individual,L,INDONESIAN,INDONESIA,72350000,0,72350000,1.55
30-Jun-2026,ETWA,ETERINDO WAHANATAMA Tbk,Osville Energy Corporation (S) PTE LTD,Private Equity,F,,SINGAPORE,61500000,0,61500000,1.32
30-Jun-2026,ETWA,ETERINDO WAHANATAMA Tbk,Centrin Telecom Ltd,Private Equity,F,,BRITISH INDIAN OCEAN TERRITORY,138000000,0,138000000,2.96
30-Jun-2026,EURO,ESTEE GOLD FEET Tbk,PT SOLUSI KARYA SUKSES,Corporate,L,,INDONESIA,29129730,0,29129730,1.14
30-Jun-2026,EURO,ESTEE GOLD FEET Tbk,"BERSAMA JAYA SOLUSI, PT",Corporate,L,,INDONESIA,39174390,0,39174390,1.54
30-Jun-2026,EURO,ESTEE GOLD FEET Tbk,PT DANATAMA KAPITAL INVESTAMA,Corporate,L,,INDONESIA,129067400,0,129067400,5.06
30-Jun-2026,EURO,ESTEE GOLD FEET Tbk,PT FERSINDO NUSA JAYA,Corporate,L,,INDONESIA,109959400,0,109959400,4.31
30-Jun-2026,EURO,ESTEE GOLD FEET Tbk,PT TRUKINDO PERSADA SEJAHTERA,Firm,L,,INDONESIA,238763200,0,238763200,9.37
30-Jun-2026,EURO,ESTEE GOLD FEET Tbk,"Timmsvale, PT",Corporate,L,,INDONESIA,909870000,0,909870000,35.7
30-Jun-2026,EURO,ESTEE GOLD FEET Tbk,PT FIRSTINDO FINANSIAL CORPORA,Corporate,L,,INDONESIA,104900000,0,104900000,4.12
30-Jun-2026,EURO,ESTEE GOLD FEET Tbk,"Tesco International Capital, PT",Private Equity,L,,INDONESIA,30815500,0,30815500,1.21
30-Jun-2026,EURO,ESTEE GOLD FEET Tbk,PT MAJUKARYA MANDIRI INDONESIA,Corporate,L,,INDONESIA,65310800,0,65310800,2.56
30-Jun-2026,EURO,ESTEE GOLD FEET Tbk,"BERKAH ALAM ASRI, PT",Corporate,L,,INDONESIA,77826600,0,77826600,3.05
30-Jun-2026,EURO,ESTEE GOLD FEET Tbk,"Bhakti Cahaya Intiperkasa, PT",Corporate,L,,INDONESIA,145226000,0,145226000,5.7
30-Jun-2026,EURO,ESTEE GOLD FEET Tbk,"MAJU SUKSES NUSAJAYA, PT",Corporate,L,,INDONESIA,68806100,0,68806100,2.7
30-Jun-2026,EURO,ESTEE GOLD FEET Tbk,"IMIKO SETIA ABADI, PT",Investment Advisors,L,,INDONESIA,123412500,0,123412500,4.84
30-Jun-2026,EURO,ESTEE GOLD FEET Tbk,Zurich Assets International Ltd,Corporate,F,,CAPE VERDE,94592500,0,94592500,3.71
30-Jun-2026,EURO,ESTEE GOLD FEET Tbk,HOUSTON JUSUF,Individual,L,INDONESIAN,INDONESIA,112000000,0,112000000,4.39
30-Jun-2026,EURO,ESTEE GOLD FEET Tbk,PT DANATAMA MAKMUR SEKURITAS,Securities Company,L,,INDONESIA,60010000,0,60010000,2.35
30-Jun-2026,EXCL,XLSMART TELECOM SEJAHTERA Tbk,PT GLOBAL NUSA DATA,Corporate,L,,INDONESIA,0,848722195,848722195,4.66
30-Jun-2026,EXCL,XLSMART TELECOM SEJAHTERA Tbk,PT BALI MEDIA TELEKOMUNIKASI,Corporate,L,,INDONESIA,2626599501,1844665057,4471264558,24.57
30-Jun-2026,EXCL,XLSMART TELECOM SEJAHTERA Tbk,PT GERBANGMAS TUNGGAL SEJAHTERA,Corporate,L,,INDONESIA,475082308,538336,475620644,2.61
30-Jun-2026,EXCL,XLSMART TELECOM SEJAHTERA Tbk,PT WAHANA INTI NUSANTARA,Corporate,L,,INDONESIA,0,518109471,518109471,2.85
30-Jun-2026,EXCL,XLSMART TELECOM SEJAHTERA Tbk,CGS INTERNATIONAL SECURITIES SINGAPORE PTE LTD,Private Bank,F,,SINGAPORE,455784914,0,455784914,2.5
30-Jun-2026,EXCL,XLSMART TELECOM SEJAHTERA Tbk,WINSLEY INTERNATIONAL ENGINEERING LIMITED,Investment Advisors,F,,HONG KONG,594285700,0,594285700,3.27
30-Jun-2026,EXCL,XLSMART TELECOM SEJAHTERA Tbk,AXIATA INVESTMENTS (INDONESIA) SDN.BHD,Capital Market Supporting Institutions And Professions,F,,MALAYSIA,6313716868,0,6313716868,34.69
30-Jun-2026,EXCL,XLSMART TELECOM SEJAHTERA Tbk,FITZGERALD & WILKINSON INVESTMENTS LTD,Investment Advisors,F,,"VIRGIN ISLANDS, BRITISH",214676787,0,214676787,1.18
30-Jun-2026,EXCL,XLSMART TELECOM SEJAHTERA Tbk,CITIBANK HONG KONG S/A CITIBANK HK SA PBG CLIENTS HK,Private Bank,F,,HONG KONG,483164900,0,483164900,2.65
30-Jun-2026,EXCL,XLSMART TELECOM SEJAHTERA Tbk,UOB KAY HIAN PTE LTD,Securities Company,F,,SINGAPORE,989168878,0,989168878,5.44
30-Jun-2026,FAPA,FAP AGRI Tbk,PT PRINSEP INDO HLD,Corporate,L,,INDONESIA,420000000,2458633330,2878633330,79.31
30-Jun-2026,FAPA,FAP AGRI Tbk,PT FAP AGRI TBK,Corporate,L,,INDONESIA,144422000,0,144422000,3.98
30-Jun-2026,FAPA,FAP AGRI Tbk,PT FANGIONOPERKASA SEJATI,Corporate,L,,INDONESIA,253325670,0,253325670,6.98
30-Jun-2026,FAPA,FAP AGRI Tbk,GRAND LEGACY INTERNATIONAL LIMITED,Corporate,F,,"VIRGIN ISLANDS, BRITISH",73501900,0,73501900,2.03
30-Jun-2026,FAPA,FAP AGRI Tbk,PARAMOUNT GLOBAL ENTERPRISES LIMITED,Corporate,F,,"VIRGIN ISLANDS, BRITISH",65386100,0,65386100,1.8
30-Jun-2026,FAPA,FAP AGRI Tbk,SUMMIT GLOBAL ENTERPRISES LIMITED,Corporate,F,,"VIRGIN ISLANDS, BRITISH",74982100,0,74982100,2.07
30-Jun-2026,FAPA,FAP AGRI Tbk,Sharp Triumph International Limited,Corporate,F,,"VIRGIN ISLANDS, BRITISH",82051000,0,82051000,2.26
30-Jun-2026,FAST,FAST FOOD INDONESIA Tbk,PT. INDORITEL MAKMUR INTERNASIONAL TBK,Corporate,L,,INDONESIA,1696782159,0,1696782159,37.51
30-Jun-2026,FAST,FAST FOOD INDONESIA Tbk,PT GELAEL PRATAMA,Corporate,L,,INDONESIA,0,1862777717,1862777717,41.18
30-Jun-2026,FAST,FAST FOOD INDONESIA Tbk,WINDSOR INVESTMENT FUND LIMITED,Private Equity,F,,VANUATU,57023768,0,57023768,1.26
30-Jun-2026,FAST,FAST FOOD INDONESIA Tbk,Cyber Express Enterprises Limited,Corporate,F,,"VIRGIN ISLANDS, BRITISH",75871164,0,75871164,1.68
30-Jun-2026,FAST,FAST FOOD INDONESIA Tbk,PT Indolife Pensiontama,Insurance,L,,INDONESIA,106865980,0,106865980,2.36
30-Jun-2026,FAST,FAST FOOD INDONESIA Tbk,PT ASURANSI CENTRAL ASIA,Insurance,L,,INDONESIA,189168772,0,189168772,4.18
30-Jun-2026,FAST,FAST FOOD INDONESIA Tbk,FIDELITY FUNDS,Mutual Funds,F,,LUXEMBOURG,135359000,0,135359000,2.99
30-Jun-2026,FASW,FAJAR SURYA WISESA Tbk,SIAM KRAFT INDUSTRY COMPANY LIMITED,Corporate,F,,THAILAND,1927910241,0,1927910241,59.85
30-Jun-2026,FASW,FAJAR SURYA WISESA Tbk,SCGP SOLUTIONS (SINGAPORE) PTE. LTD,Corporate,F,,SINGAPORE,1286163358,0,1286163358,39.93
30-Jun-2026,FILM,MD ENTERTAINMENT Tbk,PT TELADAN INVESTAMA,Corporate,L,,INDONESIA,140104835,0,140104835,1.29
30-Jun-2026,FILM,MD ENTERTAINMENT Tbk,DUTA PERKASA INVESTINDO PT,Corporate,L,,INDONESIA,246466127,0,246466127,2.26
30-Jun-2026,FILM,MD ENTERTAINMENT Tbk,MORGAN STANLEY AND CO INTERNATIONAL PLC,Corporate,F,,UNITED KINGDOM,1135572053,0,1135572053,10.43
30-Jun-2026,FILM,MD ENTERTAINMENT Tbk,PT MD Corp Enterprises,,,,,0,4803164585,4803164585,44.12
30-Jun-2026,FILM,MD ENTERTAINMENT Tbk,AMARANTH SCARLET Ltd,Corporate,F,,"VIRGIN ISLANDS, BRITISH",178717405,0,178717405,1.64
30-Jun-2026,FILM,MD ENTERTAINMENT Tbk,MANOJ DHAMOO PUNJABI,Individual,L,INDONESIAN,INDONESIA,333470188,1046233870,1379704058,12.67
30-Jun-2026,FILM,MD ENTERTAINMENT Tbk,Resources Fortune LTD,Partnership,F,,BRITISH INDIAN OCEAN TERRITORY,207941611,0,207941611,1.91
30-Jun-2026,FILM,MD ENTERTAINMENT Tbk,PT SAMUEL SEKURITAS INDONESIA,Securities Company,L,,INDONESIA,1561134300,0,1561134300,14.34
30-Jun-2026,FILM,MD ENTERTAINMENT Tbk,NH INVESTMENT AND SECURITIES CO. LTD,Securities Company,F,,"KOREA, REPUBLIC OF",311876810,0,311876810,2.86
30-Jun-2026,FIMP,FIMPERKASA UTAMA Tbk,PT. BANGUN BUMI UTAMA,Corporate,L,,INDONESIA,55300000,0,55300000,13.82
30-Jun-2026,FIMP,FIMPERKASA UTAMA Tbk,PT. KARYA BERKAH INVESTAMA,Investment Advisors,L,,INDONESIA,40300000,0,40300000,10.07
30-Jun-2026,FIMP,FIMPERKASA UTAMA Tbk,PT BUMBANG HILL VIEW,Corporate,L,,INDONESIA,5177200,0,5177200,1.29
30-Jun-2026,FIMP,FIMPERKASA UTAMA Tbk,ITNAWATI LUKMAN,Individual,L,INDONESIAN,INDONESIA,9724300,0,9724300,2.43
30-Jun-2026,FIMP,FIMPERKASA UTAMA Tbk,YENI MARIA,Individual,L,INDONESIAN,INDONESIA,10943400,0,10943400,2.74
30-Jun-2026,FIMP,FIMPERKASA UTAMA Tbk,MOHAMAD MULKY THALIB,Individual,L,INDONESIAN,INDONESIA,12200000,0,12200000,3.05
30-Jun-2026,FIMP,FIMPERKASA UTAMA Tbk,STELLA BUDIONO,Individual,L,INDONESIAN,INDONESIA,18618500,0,18618500,4.65
30-Jun-2026,FIMP,FIMPERKASA UTAMA Tbk,ARIEF SUGIYO,Individual,L,INDONESIAN,INDONESIA,15996400,0,15996400,4.0
30-Jun-2026,FIMP,FIMPERKASA UTAMA Tbk,FELIANTRY SUGIYO,Individual,L,INDONESIAN,INDONESIA,14606900,0,14606900,3.65
30-Jun-2026,FIMP,FIMPERKASA UTAMA Tbk,MCCLEAN CETERA JR,Individual,L,INDONESIAN,INDONESIA,19140200,0,19140200,4.79
30-Jun-2026,FIMP,FIMPERKASA UTAMA Tbk,CHRISTIAN HERMAWAN,Individual,L,INDONESIAN,INDONESIA,18320700,0,18320700,4.58
30-Jun-2026,FIMP,FIMPERKASA UTAMA Tbk,STEFANUS BUNTORO,Individual,L,INDONESIAN,,16682000,0,16682000,4.17
30-Jun-2026,FIMP,FIMPERKASA UTAMA Tbk,ELIZABETH SANTOSA,Individual,L,INDONESIAN,INDONESIA,10575400,0,10575400,2.64
30-Jun-2026,FIMP,FIMPERKASA UTAMA Tbk,SEPTI NOVITASARI DEWI,Individual,L,INDONESIAN,INDONESIA,8749550,0,8749550,2.19
30-Jun-2026,FIMP,FIMPERKASA UTAMA Tbk,AHMAD  RIANSYAH,Individual,L,INDONESIAN,INDONESIA,8749550,0,8749550,2.19
30-Jun-2026,FIMP,FIMPERKASA UTAMA Tbk,SAMUEL,Individual,L,INDONESIAN,INDONESIA,6294100,0,6294100,1.57
30-Jun-2026,FIMP,FIMPERKASA UTAMA Tbk,HERRY WIBOWO,Individual,L,INDONESIAN,INDONESIA,20504300,0,20504300,5.13
30-Jun-2026,FIMP,FIMPERKASA UTAMA Tbk,"FARIED THALIB, IR",Individual,L,INDONESIAN,INDONESIA,12200000,0,12200000,3.05
30-Jun-2026,FIMP,FIMPERKASA UTAMA Tbk,FERRY TEJA,Individual,L,INDONESIAN,INDONESIA,23595100,0,23595100,5.9
30-Jun-2026,FIMP,FIMPERKASA UTAMA Tbk,TEDDY ANGGONO,Individual,L,INDONESIAN,INDONESIA,17036900,0,17036900,4.26
30-Jun-2026,FIMP,FIMPERKASA UTAMA Tbk,OLIVIA BUDIONO,Individual,L,INDONESIAN,INDONESIA,17790900,0,17790900,4.45
30-Jun-2026,FIMP,FIMPERKASA UTAMA Tbk,ELMEND LORENTZON,Individual,L,INDONESIAN,INDONESIA,17695300,0,17695300,4.42
30-Jun-2026,FIRE,ALFA ENERGI INVESTAMA Tbk,ARIS MUNANDAR,Individual,L,INDONESIAN,INDONESIA,531203000,0,531203000,36.0
30-Jun-2026,FIRE,ALFA ENERGI INVESTAMA Tbk,CIN CIN,Individual,L,INDONESIAN,INDONESIA,18068600,0,18068600,1.22
30-Jun-2026,FIRE,ALFA ENERGI INVESTAMA Tbk,PERUSAHAAN PERSEROAN (PERSERO) PT ASABRI,State Owned Enterprises,L,,INDONESIA,348128850,0,348128850,23.6
30-Jun-2026,FIRE,ALFA ENERGI INVESTAMA Tbk,REKSA DANA SYARIAH TREASURE SAHAM BERKAH SYARIAH,Mutual Funds,L,,INDONESIA,17019000,0,17019000,1.15
30-Jun-2026,FIRE,ALFA ENERGI INVESTAMA Tbk,REKSA DANA SYARIAH AURORA SHARIA EQUITY,Mutual Funds,L,,INDONESIA,16959500,0,16959500,1.15
30-Jun-2026,FIRE,ALFA ENERGI INVESTAMA Tbk,Reksa Dana Syariah Pan Arcadia Ekuitas Syariah Progresif,Mutual Funds,L,,INDONESIA,38936112,0,38936112,2.64
30-Jun-2026,FISH,FKS MULTI AGRO Tbk,PT.FKS CORPORINDO INDONESIA,Corporate,L,,INDONESIA,3794861000,0,3794861000,79.06
30-Jun-2026,FISH,FKS MULTI AGRO Tbk,PT CATURKARTIKA PERDANA,Corporate,L,,INDONESIA,499400000,0,499400000,10.4
30-Jun-2026,FISH,FKS MULTI AGRO Tbk,CHANDY KUSUMA,Individual,L,INDONESIAN,INDONESIA,94444000,0,94444000,1.97
30-Jun-2026,FISH,FKS MULTI AGRO Tbk,YOSAN  KUSUMA,Individual,L,INDONESIAN,INDONESIA,157009000,0,157009000,3.27
30-Jun-2026,FISH,FKS MULTI AGRO Tbk,WANDA KUSUMA,Individual,L,INDONESIAN,INDONESIA,211260000,0,211260000,4.4
30-Jun-2026,FITT,HOTEL FITRA INTERNATIONAL Tbk,PT JINLONG RESOURCES INVESTMENT,PermanentEstablishment,L,,INDONESIA,1032397500,0,1032397500,79.16
30-Jun-2026,FITT,HOTEL FITRA INTERNATIONAL Tbk,PT KEJAYAAN ENERGI RAYA,Corporate,L,,INDONESIA,44992100,0,44992100,3.45
30-Jun-2026,FITT,HOTEL FITRA INTERNATIONAL Tbk,PT NURAYA ENERGI SEJATI,Corporate,L,,INDONESIA,62720100,0,62720100,4.81
30-Jun-2026,FITT,HOTEL FITRA INTERNATIONAL Tbk,FEICHANG SHENGSHI UNITED ASIA PACIFIC LIMITED,Corporate,F,,HONG KONG,59827800,0,59827800,4.59
30-Jun-2026,FLMC,FALMACO NONWOVEN INDUSTRI Tbk,PT DELTA WIBAWA BERSAMA,Corporate,L,,INDONESIA,30000000,0,30000000,3.84
30-Jun-2026,FLMC,FALMACO NONWOVEN INDUSTRI Tbk,"SUBUR ANUGERAH SENTOSA, PT",Corporate,L,,INDONESIA,15018600,0,15018600,1.92
30-Jun-2026,FLMC,FALMACO NONWOVEN INDUSTRI Tbk,FALMACO PTE LTD,Corporate,F,,SINGAPORE,38979377,0,38979377,4.99
30-Jun-2026,FLMC,FALMACO NONWOVEN INDUSTRI Tbk,WILLY DJUNAYDY KUSNANTO,Individual,L,INDONESIAN,,13646500,0,13646500,1.75
30-Jun-2026,FLMC,FALMACO NONWOVEN INDUSTRI Tbk,THERESIA INDRA WIRAWAN,Individual,L,INDONESIAN,INDONESIA,308477875,0,308477875,39.49
30-Jun-2026,FLMC,FALMACO NONWOVEN INDUSTRI Tbk,BILLY LINJAYA LESMANA,Individual,L,INDONESIAN,INDONESIA,32250000,0,32250000,4.13
30-Jun-2026,FLMC,FALMACO NONWOVEN INDUSTRI Tbk,LIE FERRY LIADI,Individual,L,INDONESIAN,INDONESIA,14000000,0,14000000,1.79
30-Jun-2026,FLMC,FALMACO NONWOVEN INDUSTRI Tbk,RIEKY WIJAYA KODIASDINATA,Individual,L,INDONESIAN,INDONESIA,37152200,0,37152200,4.76
30-Jun-2026,FLMC,FALMACO NONWOVEN INDUSTRI Tbk,LEO INDARTO WIHARJO,Individual,L,INDONESIAN,INDONESIA,37647000,0,37647000,4.82
30-Jun-2026,FLMC,FALMACO NONWOVEN INDUSTRI Tbk,RAY SUNGADI,Individual,L,INDONESIAN,INDONESIA,37649302,0,37649302,4.82
30-Jun-2026,FLMC,FALMACO NONWOVEN INDUSTRI Tbk,ROSALINA INDRA WIRAWATI,Individual,L,INDONESIAN,INDONESIA,39807375,0,39807375,5.1
30-Jun-2026,FLMC,FALMACO NONWOVEN INDUSTRI Tbk,HANS SAPUTRA,Individual,L,INDONESIAN,INDONESIA,45177321,0,45177321,5.78
30-Jun-2026,FLMC,FALMACO NONWOVEN INDUSTRI Tbk,VINCENT SAPUTERA,Individual,L,INDONESIAN,INDONESIA,32346150,0,32346150,4.14
30-Jun-2026,FMII,FORTUNE MATE INDONESIA Tbk,PT. SURYA MEGA INVESTINDO,Corporate,L,,INDONESIA,2987129145,0,2987129145,46.67
30-Jun-2026,FMII,FORTUNE MATE INDONESIA Tbk,TEDDY GUNAWAN,Individual,L,INDONESIAN,INDONESIA,1318342187,0,1318342187,20.6
30-Jun-2026,FMII,FORTUNE MATE INDONESIA Tbk,SUWANTARA GOTAMA,Individual,L,INDONESIAN,INDONESIA,310303719,0,310303719,4.85
30-Jun-2026,FMII,FORTUNE MATE INDONESIA Tbk,TJANDRA MINDHARTA GOZALI,Individual,L,INDONESIAN,INDONESIA,1318342187,0,1318342187,20.6
30-Jun-2026,FMII,FORTUNE MATE INDONESIA Tbk,NYAMDORJ CHULUUNBAATAR,Individual,F,MONGOLIAN,INDONESIA,171596877,0,171596877,2.68
30-Jun-2026,FMII,FORTUNE MATE INDONESIA Tbk,PT. INDO CAPITAL SEKURITAS,Securities Company,L,,INDONESIA,138748870,0,138748870,2.17
30-Jun-2026,FOLK,MULTI GARAM UTAMA Tbk,PT. USAHAGUNA MITRAPERSADA,Firm,L,,INDONESIA,175558467,0,175558467,4.29
30-Jun-2026,FOLK,MULTI GARAM UTAMA Tbk,PT. SUMBER GARAM PRATAMA,Private Equity,L,,INDONESIA,849764681,0,849764681,20.77
30-Jun-2026,FOLK,MULTI GARAM UTAMA Tbk,GARAM VENTURA INDONESIA PT,Corporate,L,,INDONESIA,1758596542,0,1758596542,42.98
30-Jun-2026,FOLK,MULTI GARAM UTAMA Tbk,PT KONIMEX SINERGI MULTITEK,Corporate,L,,INDONESIA,48848000,0,48848000,1.19
30-Jun-2026,FOLK,MULTI GARAM UTAMA Tbk,PT SAMUDERA GARAM VENTURA,Corporate,L,,INDONESIA,43254000,0,43254000,1.06
30-Jun-2026,FOLK,MULTI GARAM UTAMA Tbk,DJONI,Individual,L,INDONESIAN,INDONESIA,210233800,0,210233800,5.14
30-Jun-2026,FOLK,MULTI GARAM UTAMA Tbk,EDWARD SETIAWAN JOESOEF,Individual,L,INDONESIAN,INDONESIA,153258933,0,153258933,3.75
30-Jun-2026,FOLK,MULTI GARAM UTAMA Tbk,ISHAK CHANDRA,Individual,L,INDONESIAN,INDONESIA,54918600,0,54918600,1.34
30-Jun-2026,FOLK,MULTI GARAM UTAMA Tbk,RITA,Individual,L,INDONESIAN,INDONESIA,43937300,0,43937300,1.07
30-Jun-2026,FOLK,MULTI GARAM UTAMA Tbk,SUTOPO WIDODO,Individual,L,INDONESIAN,INDONESIA,202084632,0,202084632,4.94
30-Jun-2026,FOOD,SENTRA FOOD INDONESIA Tbk,"SUPER CAPITAL INDONESIA, PT",,,,,0,499999000,499999000,76.92
30-Jun-2026,FOOD,SENTRA FOOD INDONESIA Tbk,DRS H SUMEDI,Individual,L,INDONESIAN,INDONESIA,31500000,0,31500000,4.85
30-Jun-2026,FOOD,SENTRA FOOD INDONESIA Tbk,DRA MARGARETHA UNDARSA,Individual,L,INDONESIAN,INDONESIA,12643900,0,12643900,1.95
30-Jun-2026,FOOD,SENTRA FOOD INDONESIA Tbk,SWANNY RUSLI,Individual,L,INDONESIAN,,15204100,0,15204100,2.34
30-Jun-2026,FOOD,SENTRA FOOD INDONESIA Tbk,SUDIONO PUJO,Individual,L,INDONESIAN,INDONESIA,13723300,0,13723300,2.11
30-Jun-2026,FOOD,SENTRA FOOD INDONESIA Tbk,DEWI ULFAH WARDANI,Individual,L,INDONESIAN,INDONESIA,23712300,0,23712300,3.65
30-Jun-2026,FOOD,SENTRA FOOD INDONESIA Tbk,Moh. Sjahrullah,Individual,L,INDONESIAN,INDONESIA,20940300,0,20940300,3.22
30-Jun-2026,FORE,FORE KOPI INDONESIA Tbk,PT TRINA ERAHITA INDONESIA,Investment Advisors,L,,INDONESIA,212744000,0,212744000,2.39
30-Jun-2026,FORE,FORE KOPI INDONESIA Tbk,FORE HOLDINGS PTE. LTD.,Corporate,F,,SINGAPORE,0,7038145548,7038145548,78.92
30-Jun-2026,FORE,FORE KOPI INDONESIA Tbk,MOUNT FRISSELL PTE. LTD.,Corporate,F,,SINGAPORE,101182100,0,101182100,1.13
30-Jun-2026,FORE,FORE KOPI INDONESIA Tbk,CGS INTERNATIONAL SECURITIES SINGAPORE PTE LTD,Private Bank,F,,SINGAPORE,265957000,0,265957000,2.98
30-Jun-2026,FORE,FORE KOPI INDONESIA Tbk,FERRY SUDJONO,Individual,L,INDONESIAN,INDONESIA,501153700,0,501153700,5.62
30-Jun-2026,FORE,FORE KOPI INDONESIA Tbk,REKSA DANA SYARIAH HENAN EKUITAS SYARIAH BERKAH,Mutual Funds,L,,INDONESIA,153732200,0,153732200,1.72
30-Jun-2026,FORE,FORE KOPI INDONESIA Tbk,PT HENAN PUTIHRAI ASSET MANAGEMENT,Investment Manager,L,,INDONESIA,103681300,0,103681300,1.16
30-Jun-2026,FORE,FORE KOPI INDONESIA Tbk,UOB KAY HIAN PTE LTD,Securities Company,F,,SINGAPORE,265957000,0,265957000,2.98
30-Jun-2026,FORU,FORTUNE INDONESIA Tbk,PT KARYA CITRA PRIMA,Corporate,L,,INDONESIA,53722000,0,53722000,11.55
30-Jun-2026,FORU,FORTUNE INDONESIA Tbk,IMR ASIA HOLDING PTE LTD,Private Equity,F,,SINGAPORE,357342600,0,357342600,76.81
30-Jun-2026,FORU,FORTUNE INDONESIA Tbk,LOH VALENTINE,Individual,F,SINGAPOREAN,SINGAPORE,10710400,0,10710400,2.3
30-Jun-2026,FPNI,LOTTE CHEMICAL TITAN Tbk,LOTTE CHEMICAL TITAN INTERNATIONAL SDN.BHD,Corporate,F,,MALAYSIA,116622055,5032280695,5148902750,92.5
30-Jun-2026,FUJI,FUJI FINANCE INDONESIA Tbk,PT CHARNIC CAPITAL TBK,Private Equity,L,,INDONESIA,72763800,0,72763800,5.6
30-Jun-2026,FUJI,FUJI FINANCE INDONESIA Tbk,BANK JULIUS BAER AND CO. LTD. HONG KONG,Private Bank,F,,HONG KONG,715000000,0,715000000,55.0
30-Jun-2026,FUJI,FUJI FINANCE INDONESIA Tbk,BATARA BAYU SOEDARWANTO,Individual,L,INDONESIAN,INDONESIA,81884500,0,81884500,6.3
30-Jun-2026,FUJI,FUJI FINANCE INDONESIA Tbk,CHANDRA GUNAWAN,Individual,L,INDONESIAN,INDONESIA,13677700,0,13677700,1.05
30-Jun-2026,FUJI,FUJI FINANCE INDONESIA Tbk,YOHANES HALIM,Individual,L,INDONESIAN,INDONESIA,13063200,0,13063200,1.0
30-Jun-2026,FUJI,FUJI FINANCE INDONESIA Tbk,gideon suryatika,Individual,L,INDONESIAN,INDONESIA,30238500,0,30238500,2.33
30-Jun-2026,FUJI,FUJI FINANCE INDONESIA Tbk,IWAN MUCHSININ,Individual,L,INDONESIAN,INDONESIA,25819300,0,25819300,1.99
30-Jun-2026,FUJI,FUJI FINANCE INDONESIA Tbk,SUSANNA HENDRO,Individual,L,INDONESIAN,INDONESIA,14402100,0,14402100,1.11
30-Jun-2026,FUJI,FUJI FINANCE INDONESIA Tbk,HENDRA WIJAYA,Individual,L,INDONESIAN,INDONESIA,16502900,0,16502900,1.27
30-Jun-2026,FUJI,FUJI FINANCE INDONESIA Tbk,AGUSTIN WIDYAWATI,Individual,L,INDONESIAN,INDONESIA,135639600,0,135639600,10.43
30-Jun-2026,FUJI,FUJI FINANCE INDONESIA Tbk,BOOM SECURITIES (H.K.) LIMITED,Securities Company,F,,HONG KONG,48519300,0,48519300,3.73
30-Jun-2026,FUTR,FUTURA ENERGI GLOBAL Tbk,PT AURORA DHANA NUSANTARA,Corporate,L,,INDONESIA,2985998000,0,2985998000,45.0
30-Jun-2026,FUTR,FUTURA ENERGI GLOBAL Tbk,RIDWAN,Individual,L,INDONESIAN,INDONESIA,113600000,0,113600000,1.71
30-Jun-2026,FUTR,FUTURA ENERGI GLOBAL Tbk,SAMUEL CHRISTIAN ISKANDAR,Individual,L,INDONESIAN,INDONESIA,291755900,0,291755900,4.4
30-Jun-2026,FUTR,FUTURA ENERGI GLOBAL Tbk,BAYU PARIKESIT,Individual,L,INDONESIAN,INDONESIA,126908500,0,126908500,1.91
30-Jun-2026,FUTR,FUTURA ENERGI GLOBAL Tbk,SAIFUL ANWARRUDIN,Individual,L,INDONESIAN,INDONESIA,204950000,0,204950000,3.09
30-Jun-2026,FUTR,FUTURA ENERGI GLOBAL Tbk,VINCENT IE KOK HUI,Individual,L,INDONESIAN,INDONESIA,376290100,0,376290100,5.67
30-Jun-2026,FUTR,FUTURA ENERGI GLOBAL Tbk,OCKY LEONARDO AMIN SUBEKTI K,Individual,L,INDONESIAN,INDONESIA,172825300,0,172825300,2.6
30-Jun-2026,FUTR,FUTURA ENERGI GLOBAL Tbk,KRISNAWAN ISKANDAR,Individual,L,INDONESIAN,INDONESIA,163400000,0,163400000,2.46
30-Jun-2026,FUTR,FUTURA ENERGI GLOBAL Tbk,HENDARMIN AGUNGSETYA PURWANTO,Individual,L,INDONESIAN,INDONESIA,270333400,0,270333400,4.07
30-Jun-2026,FUTR,FUTURA ENERGI GLOBAL Tbk,TOTO WIRANTO,Individual,L,INDONESIAN,INDONESIA,141407200,0,141407200,2.13
30-Jun-2026,FWCT,WIJAYA CAHAYA TIMBER Tbk,"FORTUNA ANUGRAH SUMBER TERPADU,PT",Corporate,L,,INDONESIA,1140033300,0,1140033300,58.08
30-Jun-2026,FWCT,WIJAYA CAHAYA TIMBER Tbk,FIRST FORTUNA HOLDINGS PTE.LTD,Corporate,F,,SINGAPORE,467265100,0,467265100,23.8
30-Jun-2026,GAMA,AKSARA GLOBAL DEVELOPMENT Tbk,PT ZED UTAMA PERSADA,Firm,L,,INDONESIA,492000000,0,492000000,4.91
30-Jun-2026,GAMA,AKSARA GLOBAL DEVELOPMENT Tbk,PT. ALANA CIPTA SELARAS,Corporate,L,,INDONESIA,493000000,0,493000000,4.92
30-Jun-2026,GAMA,AKSARA GLOBAL DEVELOPMENT Tbk,PT.GADING INVESTMENTS,Investment Advisors,L,,INDONESIA,2403000000,0,2403000000,24.0
30-Jun-2026,GAMA,AKSARA GLOBAL DEVELOPMENT Tbk,PT MULTIDAYA INDUSTRI,Corporate,L,,INDONESIA,707000000,0,707000000,7.06
30-Jun-2026,GAMA,AKSARA GLOBAL DEVELOPMENT Tbk,PT. Askar Pelangi Abadi,Corporate,L,,INDONESIA,490000000,0,490000000,4.89
30-Jun-2026,GAMA,AKSARA GLOBAL DEVELOPMENT Tbk,PT TIRTA CITRA SOLUSI,Corporate,L,,INDONESIA,490000000,0,490000000,4.89
30-Jun-2026,GAMA,AKSARA GLOBAL DEVELOPMENT Tbk,"SUMBER TEKNOLOGI MULIA, PT",Corporate,L,,INDONESIA,494000000,0,494000000,4.93
30-Jun-2026,GAMA,AKSARA GLOBAL DEVELOPMENT Tbk,PT PACIFIC INDOCORPORA INDONESIA,Corporate,L,,INDONESIA,485142700,0,485142700,4.85
30-Jun-2026,GAMA,AKSARA GLOBAL DEVELOPMENT Tbk,PT. BARA SEJAHTERA SUKSES,Corporate,L,,INDONESIA,492000000,0,492000000,4.91
30-Jun-2026,GAMA,AKSARA GLOBAL DEVELOPMENT Tbk,PT. MEGAH ANGKASA PERKASA,Corporate,L,,INDONESIA,495000000,0,495000000,4.94
30-Jun-2026,GAMA,AKSARA GLOBAL DEVELOPMENT Tbk,PT ARIMA KARYA PERSADA,Corporate,L,,INDONESIA,491000000,0,491000000,4.9
30-Jun-2026,GAMA,AKSARA GLOBAL DEVELOPMENT Tbk,REKSA DANA VICTORIA PRIME EQUITY FUND,Mutual Funds,L,,INDONESIA,179150000,0,179150000,1.79
30-Jun-2026,GAMA,AKSARA GLOBAL DEVELOPMENT Tbk,REKSA DANA PACIFIC EQUITY PROGRESIF FUND,Mutual Funds,L,,INDONESIA,354095800,0,354095800,3.54
30-Jun-2026,GAMA,AKSARA GLOBAL DEVELOPMENT Tbk,REKSA DANA FOSTER EQUITY FUND,Mutual Funds,L,,INDONESIA,241801000,0,241801000,2.42
30-Jun-2026,GAMA,AKSARA GLOBAL DEVELOPMENT Tbk,REKSA DANA GEMILANG DANA SAHAM INDONESIA,Mutual Funds,L,,INDONESIA,493438500,0,493438500,4.93
30-Jun-2026,GAMA,AKSARA GLOBAL DEVELOPMENT Tbk,REKSA DANA PACIFIC EQUITY PROGRESIF FUND III,Mutual Funds,L,,INDONESIA,114000000,0,114000000,1.14
30-Jun-2026,GAMA,AKSARA GLOBAL DEVELOPMENT Tbk,REKSA DANA DANAPATHI MITRA MAXIMA EKUITAS,Mutual Funds,L,,INDONESIA,184400000,0,184400000,1.84
30-Jun-2026,GAMA,AKSARA GLOBAL DEVELOPMENT Tbk,REKSA DANA PACIFIC EQUITY GROWTH FUND VI,Mutual Funds,L,,INDONESIA,108500000,0,108500000,1.08
30-Jun-2026,GAMA,AKSARA GLOBAL DEVELOPMENT Tbk,PERSHING LLC MAIN CUSTODY ACCOUNT,Securities Company,F,,UNITED STATES,276858100,0,276858100,2.77
30-Jun-2026,GDST,GUNAWAN DIANJAYA STEEL Tbk,PT. BETON JAYA MANUNGGAL TBK,,,,,0,180000000,180000000,1.95
30-Jun-2026,GDST,GUNAWAN DIANJAYA STEEL Tbk,MAYBANK SINGAPORE LIMITED,Bank,F,,SINGAPORE,277275000,0,277275000,3.0
30-Jun-2026,GDST,GUNAWAN DIANJAYA STEEL Tbk,MAYBANK GLOBAL GROWTH FUND VCC - MAYBANK GLOBAL GROWTH FUND 2,Investment Advisors,F,,SINGAPORE,460238600,0,460238600,4.98
30-Jun-2026,GDST,GUNAWAN DIANJAYA STEEL Tbk,WONG RATNAWATI,Individual,L,INDONESIAN,INDONESIAN,0,401754696,401754696,4.35
30-Jun-2026,GDST,GUNAWAN DIANJAYA STEEL Tbk,GWIE GUNADI GUNAWAN,Individual,L,INDONESIAN,INDONESIA,0,3615792265,3615792265,39.12
30-Jun-2026,GDST,GUNAWAN DIANJAYA STEEL Tbk,GWIE GUNATO GUNAWAN,Individual,L,INDONESIAN,INDONESIA,350000,3615792265,3616142265,39.13
30-Jun-2026,GDST,GUNAWAN DIANJAYA STEEL Tbk,GWIE RATNA DJUWITA GUNAWAN,Individual,L,INDONESIAN,INDONESIA,100000,401754696,401854696,4.35
30-Jun-2026,GDYR,GOODYEAR INDONESIA Tbk,RODA EKAKARYA,Corporate,L,,INDONESIA,16132300,0,16132300,3.93
30-Jun-2026,GDYR,GOODYEAR INDONESIA Tbk,THE GOODYEAR TIRE & RUBBER,,,,,0,348500000,348500000,85.0
30-Jun-2026,GDYR,GOODYEAR INDONESIA Tbk,CACEIS BANK/NON TREATY UCITS CLIENTS,Bank,F,,FRANCE,14805600,0,14805600,3.61
30-Jun-2026,GDYR,GOODYEAR INDONESIA Tbk,IR ANDRE RUMANTIR,Individual,L,INDONESIAN,INDONESIA,6835100,0,6835100,1.67
30-Jun-2026,GEMA,GEMA GRAHASARANA Tbk,PT. VIRUCCI INDOGRIYA SARANA,Corporate,L,,INDONESIA,283885000,912000000,1195885000,74.74
30-Jun-2026,GEMA,GEMA GRAHASARANA Tbk,DRS. ANTONIUS HARDOYO,Individual,L,INDONESIAN,,28350000,0,28350000,1.77
30-Jun-2026,GEMA,GEMA GRAHASARANA Tbk,NITA WULANSARI NUGROHO,Individual,L,INDONESIAN,INDONESIA,29634800,0,29634800,1.85
30-Jun-2026,GEMA,GEMA GRAHASARANA Tbk,DEDY ROCHIMAT,Individual,L,INDONESIAN,,59115000,0,59115000,3.69
30-Jun-2026,GEMS,GOLDEN ENERGY MINES Tbk,PT DIAN SWASTATIKA SENTOSA TBK,Corporate,L,,INDONESIA,3000000100,0,3000000100,51.0
30-Jun-2026,GEMS,GOLDEN ENERGY MINES Tbk,PT DIAN CIPTAMAS AGUNG,Corporate,L,,INDONESIA,277861100,0,277861100,4.72
30-Jun-2026,GEMS,GOLDEN ENERGY MINES Tbk,SINAR MAS CAKRAWALA,Corporate,L,,INDONESIA,105165000,0,105165000,1.79
30-Jun-2026,GEMS,GOLDEN ENERGY MINES Tbk,PT NUSANTARA INDAH CEMERLANG,Corporate,L,,INDONESIA,87566778,0,87566778,1.49
30-Jun-2026,GEMS,GOLDEN ENERGY MINES Tbk,PT ASIAN BULK LOGISTICS,Corporate,L,,INDONESIA,126976700,0,126976700,2.16
30-Jun-2026,GEMS,GOLDEN ENERGY MINES Tbk,PT. RADHIKA JANANTA RAYA,Corporate,L,,INDONESIA,1764705900,0,1764705900,30.0
30-Jun-2026,GEMS,GOLDEN ENERGY MINES Tbk,GOLDEN ENERGY AND RESOURCES LIMITED-2,Firm,F,,SINGAPORE,411192353,0,411192353,6.99
30-Jun-2026,GGRM,GUDANG GARAM Tbk,PT SURYADUTA INVESTAMA,Corporate,L,,,0,1333146800,1333146800,69.29
30-Jun-2026,GGRM,GUDANG GARAM Tbk,PT SURYAMITRA KUSUMA,Corporate,L,,,0,120442700,120442700,6.26
30-Jun-2026,GGRM,GUDANG GARAM Tbk,PT.LAKTA UTAMA,Corporate,L,,INDONESIA,0,26188900,26188900,1.36
30-Jun-2026,GGRM,GUDANG GARAM Tbk,SIGID SUMARGO WONOWIDJOJO,Individual,L,INDONESIAN,INDONESIA,0,21059485,21059485,1.09
30-Jun-2026,GGRP,GUNUNG RAJA PAKSI Tbk,PT APOLLO VISINTAMA PUTRA,Corporate,L,,INDONESIA,2850189207,0,2850189207,23.53
30-Jun-2026,GGRP,GUNUNG RAJA PAKSI Tbk,KARYA FAJAR FLEET PT,Corporate,L,,INDONESIA,230049500,0,230049500,1.9
30-Jun-2026,GGRP,GUNUNG RAJA PAKSI Tbk,HSBC LTD-SINGAPORE BRANCH PRIVATE BANKING DIVISION ACCOUNT CLIENTS,Private Bank,F,,SINGAPORE,162977000,0,162977000,1.35
30-Jun-2026,GGRP,GUNUNG RAJA PAKSI Tbk,BANK OF SINGAPORE LIMITED,Private Bank,F,,SINGAPORE,363541500,0,363541500,3.0
30-Jun-2026,GGRP,GUNUNG RAJA PAKSI Tbk,SULIANA TANIWAN,Individual,L,INDONESIAN,INDONESIA,224778936,919860000,1144638936,9.45
30-Jun-2026,GGRP,GUNUNG RAJA PAKSI Tbk,RICHIE LEROY HASAN,Individual,L,INDONESIAN,INDONESIA,0,459930000,459930000,3.8
30-Jun-2026,GGRP,GUNUNG RAJA PAKSI Tbk,KAMARUDDIN,Individual,L,INDONESIAN,INDONESIA,437290643,2069685000,2506975643,20.7
30-Jun-2026,GGRP,GUNUNG RAJA PAKSI Tbk,FIHAHATI TANIWAN,Individual,L,INDONESIAN,INDONESIA,1088048736,0,1088048736,8.98
30-Jun-2026,GGRP,GUNUNG RAJA PAKSI Tbk,DR. CHAIRUDDIN,Individual,L,INDONESIAN,INDONESIA,2427345035,0,2427345035,20.04
30-Jun-2026,GGRP,GUNUNG RAJA PAKSI Tbk,EDWARD HASAN,Individual,L,INDONESIAN,INDONESIA,0,459930000,459930000,3.8
30-Jun-2026,GHON,GIHON TELEKOMUNIKASI INDONESIA Tbk,"TOWER BERSAMA INFRASTRUCTURE, TBK, PT",Corporate,L,,INDONESIA,277337700,0,277337700,50.43
30-Jun-2026,GHON,GIHON TELEKOMUNIKASI INDONESIA Tbk,"DWIDAYA AMADEO GEMINTANG, PT",Corporate,L,,INDONESIA,17948500,0,17948500,3.26
30-Jun-2026,GHON,GIHON TELEKOMUNIKASI INDONESIA Tbk,PT GIHON NUSANTARA TUJUH,Corporate,L,,INDONESIA,27446800,0,27446800,4.99
30-Jun-2026,GHON,GIHON TELEKOMUNIKASI INDONESIA Tbk,HOTMA LINDA E. SIRAIT,Individual,L,INDONESIAN,INDONESIA,17404160,0,17404160,3.16
30-Jun-2026,GHON,GIHON TELEKOMUNIKASI INDONESIA Tbk,RUDOLF P NAINGGOLAN,Individual,L,INDONESIAN,INDONESIA,198395080,0,198395080,36.07
30-Jun-2026,GHON,GIHON TELEKOMUNIKASI INDONESIA Tbk,AYNAWATI RAHARDJO,Individual,L,INDONESIAN,,5956770,0,5956770,1.08
30-Jun-2026,GIAA,GARUDA INDONESIA (PERSERO) Tbk,PERUSAHAAN PERSEROAN (PERSERO) PT DANANTARA ASSET MANAGEMENT,Corporate,L,,,0,370902553959,370902553959,91.11
30-Jun-2026,GIAA,GARUDA INDONESIA (PERSERO) Tbk,PT. TRANS AIRWAYS,Corporate,L,,INDONESIA,7316798262,0,7316798262,1.8
30-Jun-2026,GJTL,GAJAH TUNGGAL Tbk,PT TEKNIKO INDONESIA,Corporate,L,,INDONESIA,52600000,0,52600000,1.51
30-Jun-2026,GJTL,GAJAH TUNGGAL Tbk,DENHAM PTE LTD,Corporate,F,,SINGAPORE,0,1724972443,1724972443,49.5
30-Jun-2026,GJTL,GAJAH TUNGGAL Tbk,CACEIS BANK/NON TREATY UCITS CLIENTS,Bank,F,,FRANCE,40120000,0,40120000,1.15
30-Jun-2026,GJTL,GAJAH TUNGGAL Tbk,COMPAGNIE FINANCIERE MICHELIN,Corporate,F,,FRANCE,348480000,0,348480000,10.0
30-Jun-2026,GJTL,GAJAH TUNGGAL Tbk,DRS LO KHENG HONG,Individual,L,INDONESIAN,INDONESIA,237450900,0,237450900,6.81
30-Jun-2026,GJTL,GAJAH TUNGGAL Tbk,YASSER MOHMMED O BAGADER,Individual,F,SAUDI ARABIAN,,83160000,0,83160000,2.39
30-Jun-2026,GJTL,GAJAH TUNGGAL Tbk,"CITIBANK LONDON S/A POLUNIN EMERGING MARKETS SMALL CAP FUND, LLC",Mutual Funds,F,,UNITED STATES,41524676,0,41524676,1.19
30-Jun-2026,GLOB,GLOBE KITA TERANG Tbk,"TRIKOMSEL OKE TBK,PT",Corporate,L,,INDONESIA,996522500,0,996522500,89.69
30-Jun-2026,GLOB,GLOBE KITA TERANG Tbk,UBS AG SINGAPORE BRANCH,Private Bank,F,,SINGAPORE,17950500,0,17950500,1.62
30-Jun-2026,GLOB,GLOBE KITA TERANG Tbk,Asia Century Ventures Ltd,Private Equity,F,,SINGAPORE,29750500,0,29750500,2.68
30-Jun-2026,GLOB,GLOBE KITA TERANG Tbk,UOB KAY HIAN PTE LTD,Securities Company,F,,SINGAPORE,46105000,0,46105000,4.15
30-Jun-2026,GLVA,GALVA TECHNOLOGIES Tbk,PT. ELSISCOM PRIMA KARYA,Corporate,L,,INDONESIA,159801900,700000000,859801900,57.32
30-Jun-2026,GLVA,GALVA TECHNOLOGIES Tbk,PT. ELIFE DIGITAL ECOSYSTEM,Corporate,L,,INDONESIA,20500000,0,20500000,1.37
30-Jun-2026,GLVA,GALVA TECHNOLOGIES Tbk,YAYASAN KHARISMA WIDJAJA,Foundation,L,,INDONESIA,42073700,0,42073700,2.8
30-Jun-2026,GLVA,GALVA TECHNOLOGIES Tbk,LGT BANK AG,Private Bank,F,,LIECHTENSTEIN,50000000,0,50000000,3.33
30-Jun-2026,GLVA,GALVA TECHNOLOGIES Tbk,JASON WIDJAJA,Individual,L,INDONESIAN,INDONESIA,20000000,0,20000000,1.33
30-Jun-2026,GLVA,GALVA TECHNOLOGIES Tbk,OKI WIDJAJA,Individual,L,INDONESIAN,INDONESIA,37016400,0,37016400,2.47
30-Jun-2026,GLVA,GALVA TECHNOLOGIES Tbk,LINA SUGIANTO,Individual,L,INDONESIAN,INDONESIA,53000000,0,53000000,3.53
30-Jun-2026,GLVA,GALVA TECHNOLOGIES Tbk,MONIKA NATALIA,Individual,L,INDONESIAN,INDONESIA,70000000,0,70000000,4.67
30-Jun-2026,GLVA,GALVA TECHNOLOGIES Tbk,CHRISTOPHER WIDJAJA,Individual,L,INDONESIAN,INDONESIA,29000000,0,29000000,1.93
30-Jun-2026,GLVA,GALVA TECHNOLOGIES Tbk,PING SANTOSO,Individual,L,INDONESIAN,INDONESIA,37500000,0,37500000,2.5
30-Jun-2026,GLVA,GALVA TECHNOLOGIES Tbk,OCBC SECURITIES PRIVATE LIMITED,Securities Company,F,,SINGAPORE,41000000,0,41000000,2.73
30-Jun-2026,GLVA,GALVA TECHNOLOGIES Tbk,UOB KAY HIAN PTE LTD,Securities Company,F,,SINGAPORE,70300000,0,70300000,4.69
30-Jun-2026,GLVA,GALVA TECHNOLOGIES Tbk,MAYBANK SECURITIES PTE. LTD.,Investment Manager,F,,SINGAPORE,60000000,0,60000000,4.0
30-Jun-2026,GLVA,GALVA TECHNOLOGIES Tbk,PHILLIP SECURITIES PTE LTD,Investment Manager,F,,SINGAPORE,73150000,0,73150000,4.88
30-Jun-2026,GMFI,GARUDA MAINTENANCE FACILITY AERO ASIA Tbk,GARUDA INDONESIA (PERSERO) TBK.,Corporate,L,,INDONESIA,0,34249304396,34249304396,27.44
30-Jun-2026,GMFI,GARUDA MAINTENANCE FACILITY AERO ASIA Tbk,PT ANGKASA PURA INDONESIA,State Owned Enterprises,L,,INDONESIA,82100173900,0,82100173900,65.77
30-Jun-2026,GMTD,GOWA MAKASSAR TOURISM DEVELOPMENT Tbk,"ESA NUSANTARA PERDANA, PT",Investment Advisors,L,,INDONESIA,50000000,0,50000000,4.92
30-Jun-2026,GMTD,GOWA MAKASSAR TOURISM DEVELOPMENT Tbk,"KHARISMA BUANA NUSANTARA, PT",Investment Advisors,L,,INDONESIA,13964200,0,13964200,1.38
30-Jun-2026,GMTD,GOWA MAKASSAR TOURISM DEVELOPMENT Tbk,Tunggal Griya Semesta PT,Corporate,L,,INDONESIA,15000000,0,15000000,1.48
30-Jun-2026,GMTD,GOWA MAKASSAR TOURISM DEVELOPMENT Tbk,"WISMA JATIM PROPERTINDO, PT",Corporate,L,,INDONESIA,500000,12500000,13000000,1.28
30-Jun-2026,GMTD,GOWA MAKASSAR TOURISM DEVELOPMENT Tbk,"MAKASSAR PERMATA SULAWESI, PT",,,,,0,330000000,330000000,32.5
30-Jun-2026,GMTD,GOWA MAKASSAR TOURISM DEVELOPMENT Tbk,PEMERINTAH PROPINSI SULAWESI SELATAN,,,,,0,132000000,132000000,13.0
30-Jun-2026,GMTD,GOWA MAKASSAR TOURISM DEVELOPMENT Tbk,PEMERINTAH KOTA MAKASSAR,,,,,0,66000000,66000000,6.5
30-Jun-2026,GMTD,GOWA MAKASSAR TOURISM DEVELOPMENT Tbk,PEMERINTAH KABUPATEN GOWA,,,,,0,66000000,66000000,6.5
30-Jun-2026,GMTD,GOWA MAKASSAR TOURISM DEVELOPMENT Tbk,YAYASAN PARTISIPASI PEMBANGUNAN,,,,,0,66000000,66000000,6.5
30-Jun-2026,GMTD,GOWA MAKASSAR TOURISM DEVELOPMENT Tbk,"ARESTA PERMATA UTAMA, PT.",,,,,0,35000000,35000000,3.45
30-Jun-2026,GMTD,GOWA MAKASSAR TOURISM DEVELOPMENT Tbk,"FAJAR ABADI ADITAMA, PT.",,,,,0,35000000,35000000,3.45
30-Jun-2026,GMTD,GOWA MAKASSAR TOURISM DEVELOPMENT Tbk,"FAJAR USAHA SEMESTA, PT.",,,,,0,48000000,48000000,4.73
30-Jun-2026,GMTD,GOWA MAKASSAR TOURISM DEVELOPMENT Tbk,"FAJAR RAYA CEMERLANG, PT.",,,,,0,46500000,46500000,4.58
30-Jun-2026,GMTD,GOWA MAKASSAR TOURISM DEVELOPMENT Tbk,"DWISINDO JAYA, PT.",,,,,0,30550000,30550000,3.01
30-Jun-2026,GMTD,GOWA MAKASSAR TOURISM DEVELOPMENT Tbk,"SENTRA DWIMANDIRI, PT.",,,,,0,16500000,16500000,1.63
30-Jun-2026,GMTD,GOWA MAKASSAR TOURISM DEVELOPMENT Tbk,"KEMANGPARAGON MALL, PT.",,,,,0,24999000,24999000,2.46
30-Jun-2026,GOLD,"VISI TELEKOMUNIKASI INFRASTRUKTUR Tbk, PT",PT MULIA SUKSES MANDIRI,Corporate,L,,INDONESIA,108175444,0,108175444,8.47
30-Jun-2026,GOLD,"VISI TELEKOMUNIKASI INFRASTRUKTUR Tbk, PT",PT LANCAR DISTRINDO,Corporate,L,,INDONESIA,31298200,0,31298200,2.45
30-Jun-2026,GOLD,"VISI TELEKOMUNIKASI INFRASTRUKTUR Tbk, PT","TOWER BERSAMA INFRASTRUCTURE, TBK, PT",Corporate,L,,INDONESIA,652576009,0,652576009,51.09
30-Jun-2026,GOLD,"VISI TELEKOMUNIKASI INFRASTRUKTUR Tbk, PT","AMANDA CIPTA PERSADA, PT",Corporate,L,,INDONESIA,280101700,0,280101700,21.93
30-Jun-2026,GOLD,"VISI TELEKOMUNIKASI INFRASTRUKTUR Tbk, PT","SUKSES PRIMA SAKTI, PT",Firm,L,,INDONESIA,20590800,0,20590800,1.61
30-Jun-2026,GOLD,"VISI TELEKOMUNIKASI INFRASTRUKTUR Tbk, PT",SCAVINO VENTURES LIMITED,Firm,F,,"VIRGIN ISLANDS, BRITISH",63214200,0,63214200,4.95
30-Jun-2026,GOLD,"VISI TELEKOMUNIKASI INFRASTRUKTUR Tbk, PT",PT TRIMEGAH SEKURITAS INDONESIA TBK,Securities Company,L,,INDONESIA,102659927,0,102659927,8.04
30-Jun-2026,GOLF,INTRA GOLFLINK RESORTS Tbk,"MANDALAPRATAMA PERMAI, PT",Corporate,L,,,0,292161320,292161320,1.5
30-Jun-2026,GOLF,INTRA GOLFLINK RESORTS Tbk,PT. MITRA BAHANA SOLUSINDO,Corporate,L,,INDONESIA,280371800,0,280371800,1.44
30-Jun-2026,GOLF,INTRA GOLFLINK RESORTS Tbk,PT. BUMINDO ANUGERAH PERKASA,Corporate,L,,INDONESIA,436146900,0,436146900,2.24
30-Jun-2026,GOLF,INTRA GOLFLINK RESORTS Tbk,PT. FAJAR ARTHA PRABU,Corporate,L,,INDONESIA,246730400,0,246730400,1.27
30-Jun-2026,GOLF,INTRA GOLFLINK RESORTS Tbk,PT. SAMUDERA UNGGUL SENTOSA,Corporate,L,,INDONESIA,348370300,0,348370300,1.79
30-Jun-2026,GOLF,INTRA GOLFLINK RESORTS Tbk,"BALI PECATU GRAHA, PT",Corporate,L,,,0,17244598680,17244598680,88.49
30-Jun-2026,GOLL,GOLDEN PLANTATION Tbk,"JOM PRAWARSA INDONESIA, PT",Corporate,L,,INDONESIA,2800618400,0,2800618400,76.42
30-Jun-2026,GOLL,GOLDEN PLANTATION Tbk,LION INVESTMENT,Firm,F,,CAYMAN ISLANDS,155350000,0,155350000,4.24
30-Jun-2026,GOLL,GOLDEN PLANTATION Tbk,LINEN CAPITAL LIMITED,Private Equity,F,,CAYMAN ISLANDS,130000000,0,130000000,3.55
30-Jun-2026,GOLL,GOLDEN PLANTATION Tbk,LAVENDER CAPITAL,Private Equity,F,,CAYMAN ISLANDS,136000000,0,136000000,3.71
30-Jun-2026,GOLL,GOLDEN PLANTATION Tbk,GRAPHICS ASSETS LIMITED,Corporate,F,,"VIRGIN ISLANDS, BRITISH",155000000,0,155000000,4.23
30-Jun-2026,GOLL,GOLDEN PLANTATION Tbk,CORONA WORLDWIDE LIMITED,Corporate,F,,"VIRGIN ISLANDS, BRITISH",120000000,0,120000000,3.27
30-Jun-2026,GOOD,GARUDAFOOD PUTRA PUTRI JAYA Tbk,PT. CITRA SEJATI SENTOSA,Corporate,L,,INDONESIA,723198900,0,723198900,1.96
30-Jun-2026,GOOD,GARUDAFOOD PUTRA PUTRI JAYA Tbk,HORMEL FOODS INTERNATIONAL CORPORATION,Corporate,F,,UNITED STATES,11133317364,0,11133317364,30.17
30-Jun-2026,GOOD,GARUDAFOOD PUTRA PUTRI JAYA Tbk,HARDIANTO ATMADJA,Individual,L,INDONESIAN,INDONESIA,448434226,0,448434226,1.22
30-Jun-2026,GOOD,GARUDAFOOD PUTRA PUTRI JAYA Tbk,PANGAYOMAN ADI SOENJOTO,Individual,L,INDONESIAN,INDONESIA,3579333826,0,3579333826,9.7
30-Jun-2026,GOOD,GARUDAFOOD PUTRA PUTRI JAYA Tbk,EKA SUSANTO W SUNARSO,Individual,L,INDONESIAN,INDONESIA,577171227,0,577171227,1.56
30-Jun-2026,GOOD,GARUDAFOOD PUTRA PUTRI JAYA Tbk,RAHAJOE DEWININGROEM SOENJOTO,Individual,L,INDONESIAN,INDONESIA,2836670404,0,2836670404,7.69
30-Jun-2026,GOOD,GARUDAFOOD PUTRA PUTRI JAYA Tbk,SOEHARTO SUNJOTO,Individual,L,INDONESIAN,INDONESIA,385694810,0,385694810,1.05
30-Jun-2026,GOOD,GARUDAFOOD PUTRA PUTRI JAYA Tbk,UNTUNG RAHARDJO,Individual,L,INDONESIAN,INDONESIA,1686335031,0,1686335031,4.57
30-Jun-2026,GOOD,GARUDAFOOD PUTRA PUTRI JAYA Tbk,PRODJO HANDOJO SUNJOTO,Individual,L,INDONESIAN,INDONESIA,749539420,0,749539420,2.03
30-Jun-2026,GOOD,GARUDAFOOD PUTRA PUTRI JAYA Tbk,SUDHAMEK AGOENG WASPODO S,Individual,L,INDONESIAN,INDONESIA,3259781961,0,3259781961,8.83
30-Jun-2026,GOOD,GARUDAFOOD PUTRA PUTRI JAYA Tbk,DARMO PRANOTO SOENJOTO,Individual,L,INDONESIAN,INDONESIA,688116613,0,688116613,1.86
30-Jun-2026,GOOD,GARUDAFOOD PUTRA PUTRI JAYA Tbk,LESTARI SANTOSO SOENJOTO,Individual,L,INDONESIAN,INDONESIA,1418590380,0,1418590380,3.84
30-Jun-2026,GOOD,GARUDAFOOD PUTRA PUTRI JAYA Tbk,SRI HASTUTI AMBARWATI,Individual,L,INDONESIAN,INDONESIA,708141465,0,708141465,1.92
30-Jun-2026,GOOD,GARUDAFOOD PUTRA PUTRI JAYA Tbk,JUNIASTUTI,Individual,L,INDONESIAN,INDONESIA,1800876548,0,1800876548,4.88
30-Jun-2026,GOOD,GARUDAFOOD PUTRA PUTRI JAYA Tbk,SRI MARTINI DEWI,Individual,L,INDONESIAN,INDONESIA,692144862,0,692144862,1.88
30-Jun-2026,GOOD,GARUDAFOOD PUTRA PUTRI JAYA Tbk,HARTONO ATMADJA,Individual,L,INDONESIAN,INDONESIA,515587500,0,515587500,1.4
30-Jun-2026,GOOD,GARUDAFOOD PUTRA PUTRI JAYA Tbk,KUSUMODEWININGRUM SUNJOTO,Individual,L,INDONESIAN,INDONESIA,3633383500,0,3633383500,9.85
30-Jun-2026,GOTO,GOTO GOJEK TOKOPEDIA Tbk,PT ASTRA INTERNATIONAL TBK,Corporate,L,,INDONESIA,18526287868,0,18526287868,1.56
30-Jun-2026,GOTO,GOTO GOJEK TOKOPEDIA Tbk,PT GOTO GOJEK TOKOPEDIA TBK,Corporate,L,,INDONESIA,39780078403,0,39780078403,3.34
30-Jun-2026,GOTO,GOTO GOJEK TOKOPEDIA Tbk,PT SAHAM ANAK BANGSA,Corporate,L,,INDONESIA,0,26888988841,26888988841,2.26
30-Jun-2026,GOTO,GOTO GOJEK TOKOPEDIA Tbk,PT TELEKOMUNIKASI SELULAR (TELKOMSEL),Corporate,L,,INDONESIA,23722133875,0,23722133875,1.99
30-Jun-2026,GOTO,GOTO GOJEK TOKOPEDIA Tbk,PT PROVIDENT CAPITAL INDONESIA,Private Equity,L,,INDONESIA,14844128666,0,14844128666,1.25
30-Jun-2026,GOTO,GOTO GOJEK TOKOPEDIA Tbk,PEAK XV PARTNERS INVESTMENTS IV,Venture Capital,F,,MAURITIUS,18218289347,0,18218289347,1.53
30-Jun-2026,GOTO,GOTO GOJEK TOKOPEDIA Tbk,CAPRET (SG) PTE LTD,Trustee Bank,F,,SINGAPORE,23589991904,0,23589991904,1.98
30-Jun-2026,GOTO,GOTO GOJEK TOKOPEDIA Tbk,GOOGLE ASIA PACIFIC PTE. LTD,Corporate,F,,SINGAPORE,29582021466,0,29582021466,2.48
30-Jun-2026,GOTO,GOTO GOJEK TOKOPEDIA Tbk,PEAK XV PARTNERS GOTO INVESTMENT HOLDINGS,Venture Capital,F,,MAURITIUS,28869001349,0,28869001349,2.42
30-Jun-2026,GOTO,GOTO GOJEK TOKOPEDIA Tbk,PLATINUM ORCHID B 2018 RSC LIMITED,Corporate,F,,UNITED ARAB EMIRATES,15214216163,0,15214216163,1.28
30-Jun-2026,GOTO,GOTO GOJEK TOKOPEDIA Tbk,CITIBANK HONG KONG S/A BHINNEKA HOLDINGS (22) LIMITED,Corporate,F,,CAYMAN ISLANDS,17045733334,0,17045733334,1.43
30-Jun-2026,GOTO,GOTO GOJEK TOKOPEDIA Tbk,GOTO PEOPLEVERSE FUND,Investment Advisors,F,,CAYMAN ISLANDS,20447897248,0,20447897248,1.72
30-Jun-2026,GOTO,GOTO GOJEK TOKOPEDIA Tbk,TAOBAO CHINA HOLDING LIMITED,Corporate,F,,HONG KONG,88531124993,0,88531124993,7.43
30-Jun-2026,GOTO,GOTO GOJEK TOKOPEDIA Tbk,WP INVESTMENTS VI B.V.,Corporate,F,,NETHERLANDS,17382075034,0,17382075034,1.46
30-Jun-2026,GOTO,GOTO GOJEK TOKOPEDIA Tbk,MORGAN STANLEY AND CO INTERNATIONAL PLC,Corporate,F,,UNITED KINGDOM,15012144438,0,15012144438,1.26
30-Jun-2026,GOTO,GOTO GOJEK TOKOPEDIA Tbk,TENCENT MOBILITY LIMITED,Corporate,F,,HONG KONG,29599381207,0,29599381207,2.48
30-Jun-2026,GOTO,GOTO GOJEK TOKOPEDIA Tbk,SVF GT SUBCO (SINGAPORE) PTE. LTD.,Investment Advisors,F,,SINGAPORE,91102207128,0,91102207128,7.65
30-Jun-2026,GOTO,GOTO GOJEK TOKOPEDIA Tbk,CGS INTERNATIONAL SECURITIES SINGAPORE PTE LTD,Private Bank,F,,SINGAPORE,13190585139,0,13190585139,1.11
30-Jun-2026,GOTO,GOTO GOJEK TOKOPEDIA Tbk,UBS AG HONGKONG,Private Bank,F,,HONG KONG,31954740264,0,31954740264,2.68
30-Jun-2026,GOTO,GOTO GOJEK TOKOPEDIA Tbk,WILLIAM TANUWIJAYA,Individual,L,INDONESIAN,INDONESIA,2130824541,12588634432,14719458973,1.24
30-Jun-2026,GPRA,PERDANA GAPURAPRIMA Tbk,"KHARISMA ANDALAS PUTRA, PT",Corporate,L,,INDONESIA,221540634,0,221540634,5.18
30-Jun-2026,GPRA,PERDANA GAPURAPRIMA Tbk,PT BINA CIPTA NUSANTARA,Corporate,L,,INDONESIA,62666667,0,62666667,1.47
30-Jun-2026,GPRA,PERDANA GAPURAPRIMA Tbk,"GAPURA KENCANA ABADI, PT",Corporate,L,,INDONESIA,90945400,0,90945400,2.13
30-Jun-2026,GPRA,PERDANA GAPURAPRIMA Tbk,PT. GAPURA INTI SEJAHTERA,Corporate,L,,INDONESIA,79340000,0,79340000,1.86
30-Jun-2026,GPRA,PERDANA GAPURAPRIMA Tbk,PT ABADIMUKTI GUNALESTARI,Firm,L,,INDONESIA,1983256720,0,1983256720,46.37
30-Jun-2026,GPRA,PERDANA GAPURAPRIMA Tbk,"CITRAABADI KOTAPERSADA, PT",Corporate,L,,INDONESIA,95352200,0,95352200,2.23
30-Jun-2026,GPRA,PERDANA GAPURAPRIMA Tbk,PT PACIFIC EXINTRACO,Corporate,L,,INDONESIA,93539800,0,93539800,2.19
30-Jun-2026,GPRA,PERDANA GAPURAPRIMA Tbk,SITI SRIWIYANTI,Individual,L,INDONESIAN,INDONESIA,172525900,0,172525900,4.03
30-Jun-2026,GPRA,PERDANA GAPURAPRIMA Tbk,RENCIUS TOBING,Individual,L,INDONESIAN,INDONESIA,134400000,0,134400000,3.14
30-Jun-2026,GPRA,PERDANA GAPURAPRIMA Tbk,ASTRID RIRIN AGUSTIN LUHULIMA,Individual,L,INDONESIAN,INDONESIA,185832400,0,185832400,4.35
30-Jun-2026,GPRA,PERDANA GAPURAPRIMA Tbk,YEANNE,Individual,L,INDONESIAN,INDONESIA,179187100,0,179187100,4.19
30-Jun-2026,GPRA,PERDANA GAPURAPRIMA Tbk,ADITYA ANTONIUS,Individual,L,INDONESIAN,INDONESIA,249965000,0,249965000,5.84
30-Jun-2026,GPSO,GEOPRIMA SOLUSI Tbk,PT PIMSF PULOGADUNG,Corporate,L,,INDONESIA,250869600,0,250869600,37.63
30-Jun-2026,GPSO,GEOPRIMA SOLUSI Tbk,"SUBUR ANUGERAH SENTOSA, PT",Corporate,L,,INDONESIA,7470000,0,7470000,1.12
30-Jun-2026,GPSO,GEOPRIMA SOLUSI Tbk,PT KONSULTAMA SUKSES INDONESIA,Corporate,L,,INDONESIA,10950000,0,10950000,1.64
30-Jun-2026,GPSO,GEOPRIMA SOLUSI Tbk,PT TRIPLE BERSAMA BERKAH,Corporate,L,,INDONESIA,13940600,0,13940600,2.09
30-Jun-2026,GPSO,GEOPRIMA SOLUSI Tbk,"UNION BANCAIRE PRIVEE, UBP SA SINGAPORE BRANCH",Private Bank,F,,SINGAPORE,7500000,0,7500000,1.12
30-Jun-2026,GPSO,GEOPRIMA SOLUSI Tbk,DELVI TRIANTO,Individual,L,INDONESIAN,INDONESIA,7968400,0,7968400,1.2
30-Jun-2026,GPSO,GEOPRIMA SOLUSI Tbk,WIBBY TAMARA,Individual,L,INDONESIAN,INDONESIA,14232100,0,14232100,2.13
30-Jun-2026,GPSO,GEOPRIMA SOLUSI Tbk,VINCENTIA PURWADA,Individual,L,INDONESIAN,INDONESIA,27685500,0,27685500,4.15
30-Jun-2026,GPSO,GEOPRIMA SOLUSI Tbk,NUGRAHANTI DEWI,Individual,L,INDONESIAN,INDONESIA,15285700,0,15285700,2.29
30-Jun-2026,GPSO,GEOPRIMA SOLUSI Tbk,ELISA WENARDJO,Individual,L,INDONESIAN,INDONESIA,35227500,0,35227500,5.28
30-Jun-2026,GPSO,GEOPRIMA SOLUSI Tbk,HENDRA WIJAYA,Individual,L,INDONESIAN,INDONESIA,7603400,0,7603400,1.14
30-Jun-2026,GPSO,GEOPRIMA SOLUSI Tbk,PT ASURANSI JIWA SYARIAH AMANAHJIWA GIRI ARTHA,Insurance,L,,INDONESIA,6900000,0,6900000,1.03
30-Jun-2026,GRIA,INGRIA PRATAMA CAPITALINDO Tbk,FAJAR INDRA DHARMAWAN,Individual,L,INDONESIAN,INDONESIA,76325700,0,76325700,1.03
30-Jun-2026,GRIA,INGRIA PRATAMA CAPITALINDO Tbk,ANWAL ARIF PAMUNGKAS,Individual,L,INDONESIAN,INDONESIA,0,299150000,299150000,4.06
30-Jun-2026,GRIA,INGRIA PRATAMA CAPITALINDO Tbk,RUSTIANA IRWATI,Individual,L,INDONESIAN,INDONESIAN,0,294200000,294200000,3.99
30-Jun-2026,GRIA,INGRIA PRATAMA CAPITALINDO Tbk,HEIDYANI,Individual,L,INDONESIAN,INDONESIA,113340800,0,113340800,1.54
30-Jun-2026,GRIA,INGRIA PRATAMA CAPITALINDO Tbk,DIMAS BRAMANTI SULISTYO,Individual,L,INDONESIAN,INDONESIA,111478400,0,111478400,1.51
30-Jun-2026,GRIA,INGRIA PRATAMA CAPITALINDO Tbk,MIKHA KUSNADI,Individual,L,INDONESIAN,INDONESIA,104164000,0,104164000,1.41
30-Jun-2026,GRIA,INGRIA PRATAMA CAPITALINDO Tbk,BAYU FATHURRIZKI,Individual,L,INDONESIAN,INDONESIA,139860000,0,139860000,1.9
30-Jun-2026,GRIA,INGRIA PRATAMA CAPITALINDO Tbk,BIMO RAMDHANI,Individual,L,INDONESIAN,INDONESIA,73812900,0,73812900,1.0
30-Jun-2026,GRIA,INGRIA PRATAMA CAPITALINDO Tbk,NINDA FELINA YUSUF,Individual,L,INDONESIAN,INDONESIA,125497000,0,125497000,1.7
30-Jun-2026,GRIA,INGRIA PRATAMA CAPITALINDO Tbk,ASYER KUSNADI,Individual,L,INDONESIAN,INDONESIA,168032100,0,168032100,2.28
30-Jun-2026,GRIA,INGRIA PRATAMA CAPITALINDO Tbk,KHUFRAN HAKIM NOOR,Individual,L,INDONESIAN,INDONESIA,3486806674,0,3486806674,47.27
30-Jun-2026,GRIA,INGRIA PRATAMA CAPITALINDO Tbk,ARVAN RIVALDY R SIREGAR,Individual,L,INDONESIAN,INDONESIA,0,1756650000,1756650000,23.82
30-Jun-2026,GRPH,GRIPTHA PUTRA PERSADA Tbk,PT. MULIA JAYA PALMA,Corporate,L,,INDONESIA,702417300,0,702417300,70.24
30-Jun-2026,GRPH,GRIPTHA PUTRA PERSADA Tbk,JUNIAWAN,Individual,L,INDONESIAN,INDONESIA,48882200,0,48882200,4.89
30-Jun-2026,GRPH,GRIPTHA PUTRA PERSADA Tbk,BUDIHARJO,Individual,L,INDONESIAN,INDONESIA,17800200,0,17800200,1.78
30-Jun-2026,GRPH,GRIPTHA PUTRA PERSADA Tbk,SUYANTO,Individual,L,INDONESIAN,INDONESIA,12058100,0,12058100,1.21
30-Jun-2026,GRPM,GRAHA PRIMA MENTARI Tbk,PT PRIMA MULTI USAHA INDONESIA,Corporate,L,,INDONESIA,1091851700,0,1091851700,70.48
30-Jun-2026,GRPM,GRAHA PRIMA MENTARI Tbk,ENDONO SUSANTO WIJAYA,Individual,L,INDONESIAN,INDONESIA,39996700,0,39996700,2.58
30-Jun-2026,GRPM,GRAHA PRIMA MENTARI Tbk,AGUS SUSANTO,Individual,L,INDONESIAN,INDONESIA,144148300,0,144148300,9.3
30-Jun-2026,GRPM,GRAHA PRIMA MENTARI Tbk,WILLI,Individual,L,INDONESIAN,INDONESIA,51166600,0,51166600,3.3
30-Jun-2026,GSMF,EQUITY DEVELOPMENT INVESTMENT Tbk,PT BINA MAKMUR,Corporate,L,,INDONESIA,297209200,0,297209200,1.92
30-Jun-2026,GSMF,EQUITY DEVELOPMENT INVESTMENT Tbk,"MANNING DEVELOPMENT, PT.",Corporate,L,,INDONESIA,710139000,0,710139000,4.59
30-Jun-2026,GSMF,EQUITY DEVELOPMENT INVESTMENT Tbk,PT. POLYCHEM INDONESIA TBK,Corporate,L,,INDONESIA,655844015,0,655844015,4.24
30-Jun-2026,GSMF,EQUITY DEVELOPMENT INVESTMENT Tbk,"PRIMA TUNAS INVESTAMA, PT.",Investment Advisors,L,,INDONESIA,259051794,0,259051794,1.68
30-Jun-2026,GSMF,EQUITY DEVELOPMENT INVESTMENT Tbk,"AGUNG OMETRACO MUDA, PT",Corporate,L,,INDONESIA,572063200,0,572063200,3.7
30-Jun-2026,GSMF,EQUITY DEVELOPMENT INVESTMENT Tbk,PT TRANSPEX INTERNATIONAL,Corporate,L,,INDONESIA,194709000,0,194709000,1.26
30-Jun-2026,GSMF,EQUITY DEVELOPMENT INVESTMENT Tbk,PT. BINTANGPUSPITA DWIKARYA,Corporate,L,,INDONESIA,710000000,0,710000000,4.59
30-Jun-2026,GSMF,EQUITY DEVELOPMENT INVESTMENT Tbk,PT SATYA MULIA GEMA GEMILANG,Corporate,L,,INDONESIA,710000000,0,710000000,4.59
30-Jun-2026,GSMF,EQUITY DEVELOPMENT INVESTMENT Tbk,ALLIANZ GLOBAL LIMITED,Corporate,F,,,0,213855950,213855950,1.38
30-Jun-2026,GSMF,EQUITY DEVELOPMENT INVESTMENT Tbk,EQUITY GLOBAL INTERNATIONAL LIMITED,Corporate,F,,HONG KONG,10943357831,0,10943357831,70.8
30-Jun-2026,GTBO,GARDA TUJUH BUANA Tbk,PT GARDA MINERALS,Corporate,L,,INDONESIA,655251000,0,655251000,26.21
30-Jun-2026,GTBO,GARDA TUJUH BUANA Tbk,GREEN RIVER PTE LTD,Private Bank,F,,SINGAPORE,834755000,0,834755000,33.39
30-Jun-2026,GTBO,GARDA TUJUH BUANA Tbk,"BANK J.SAFRA SARASIN LTD,SINGAPORE BRANCH FOR CLIENTS A/C",Private Bank,F,,SINGAPORE,819501800,0,819501800,32.78
30-Jun-2026,GTBO,GARDA TUJUH BUANA Tbk,BANK JULIUS BAER AND CO LTD,Private Bank,F,,SWITZERLAND,93983100,0,93983100,3.76
30-Jun-2026,GTRA,GRAHAPRIMA SUKSESMANDIRI Tbk,PT TRIMULTI ADINATA PERKASA,Corporate,L,,INDONESIA,0,662000000,662000000,34.95
30-Jun-2026,GTRA,GRAHAPRIMA SUKSESMANDIRI Tbk,PT ADIKA EKA PUTRA,Corporate,L,,INDONESIA,0,662000000,662000000,34.95
30-Jun-2026,GTRA,GRAHAPRIMA SUKSESMANDIRI Tbk,GADMON HARTANTO,Individual,L,INDONESIAN,INDONESIA,40552700,0,40552700,2.14
30-Jun-2026,GTRA,GRAHAPRIMA SUKSESMANDIRI Tbk,BENNY SOEDWIJAYANTO VALENDRA,Individual,L,INDONESIAN,INDONESIA,84754800,0,84754800,4.47
30-Jun-2026,GTRA,GRAHAPRIMA SUKSESMANDIRI Tbk,ARDI SUPRIYADI,Individual,L,INDONESIAN,INDONESIA,0,95750000,95750000,5.05
30-Jun-2026,GTRA,GRAHAPRIMA SUKSESMANDIRI Tbk,WILLIAM LIENARDO,Individual,L,INDONESIAN,INDONESIA,40542300,0,40542300,2.14
30-Jun-2026,GTRA,GRAHAPRIMA SUKSESMANDIRI Tbk,ARIC WIJAYA LIU,Individual,L,INDONESIAN,INDONESIA,68594400,0,68594400,3.62
30-Jun-2026,GTRA,GRAHAPRIMA SUKSESMANDIRI Tbk,PHILIP CIA,Individual,L,INDONESIAN,INDONESIA,40266400,0,40266400,2.13
30-Jun-2026,GTRA,GRAHAPRIMA SUKSESMANDIRI Tbk,RONNY SENJAYA,Individual,L,INDONESIAN,INDONESIA,0,95750000,95750000,5.05
30-Jun-2026,GTSI,GTS INTERNASIONAL Tbk,HUMPUSS MARITIM INTERNASIONAL PT,Corporate,L,,INDONESIA,13414263079,0,13414263079,84.8
30-Jun-2026,GULA,AMAN AGRINDO Tbk,PT AMAN RESOURCES INDONESIA,Corporate,L,,INDONESIA,590579000,0,590579000,55.18
30-Jun-2026,GULA,AMAN AGRINDO Tbk,TIENNIE SUMARSI,Individual,L,INDONESIAN,INDONESIA,34667800,0,34667800,3.24
30-Jun-2026,GULA,AMAN AGRINDO Tbk,DR KISHORE KUMAR,Individual,L,INDONESIAN,INDONESIA,34157500,0,34157500,3.19
30-Jun-2026,GULA,AMAN AGRINDO Tbk,LUCKY RIYADI,Individual,L,INDONESIAN,INDONESIA,17295300,0,17295300,1.62
30-Jun-2026,GULA,AMAN AGRINDO Tbk,OCTEN SUHADI,Individual,L,INDONESIAN,INDONESIA,20000000,0,20000000,1.87
30-Jun-2026,GULA,AMAN AGRINDO Tbk,SUGIARTO,Individual,L,INDONESIAN,INDONESIA,11258000,0,11258000,1.05
30-Jun-2026,GULA,AMAN AGRINDO Tbk,MEINARTI WAHYUNI,Individual,L,INDONESIAN,INDONESIA,11646600,0,11646600,1.09
30-Jun-2026,GULA,AMAN AGRINDO Tbk,ANDREAS UTOMO,Individual,L,INDONESIAN,INDONESIA,29556400,0,29556400,2.76
30-Jun-2026,GULA,AMAN AGRINDO Tbk,IRSYAD HANIF,Individual,L,INDONESIAN,INDONESIA,75478400,0,75478400,7.05
30-Jun-2026,GULA,AMAN AGRINDO Tbk,SUTONO TJONDROSO,Individual,L,INDONESIAN,INDONESIA,11020600,0,11020600,1.03
30-Jun-2026,GULA,AMAN AGRINDO Tbk,FERDIANSYAH,Individual,L,INDONESIAN,INDONESIA,26250000,0,26250000,2.45
30-Jun-2026,GULA,AMAN AGRINDO Tbk,VERAH WAHYUDI S WONG,Individual,L,INDONESIAN,INDONESIA,15711000,0,15711000,1.47
30-Jun-2026,GUNA,GUNANUSA ERAMANDIRI Tbk,PT. ARTHA SAMRIDDHI DHANESWARA,Corporate,L,,INDONESIA,89166000,0,89166000,3.57
30-Jun-2026,GUNA,GUNANUSA ERAMANDIRI Tbk,PT. ADHIKARI SWARA MAHARDHIKA,Corporate,L,,INDONESIA,96085200,0,96085200,3.84
30-Jun-2026,GUNA,GUNANUSA ERAMANDIRI Tbk,PT. NISKALA GANA SIDDHI,Corporate,L,,INDONESIA,89166500,0,89166500,3.57
30-Jun-2026,GUNA,GUNANUSA ERAMANDIRI Tbk,PT. ADHILIMO MENGARSA ASASTA,Corporate,L,,INDONESIA,89166500,0,89166500,3.57
30-Jun-2026,GUNA,GUNANUSA ERAMANDIRI Tbk,CECILIA LANNY BUDIMAN,Individual,L,INDONESIAN,INDONESIA,400000000,0,400000000,16.0
30-Jun-2026,GUNA,GUNANUSA ERAMANDIRI Tbk,TJOKRO GUNAWAN,Individual,L,INDONESIAN,INDONESIA,600000000,0,600000000,24.0
30-Jun-2026,GUNA,GUNANUSA ERAMANDIRI Tbk,SURONO SUBEKTI,Individual,L,INDONESIAN,INDONESIA,43406000,0,43406000,1.74
30-Jun-2026,GUNA,GUNANUSA ERAMANDIRI Tbk,BERNICE COKROSAPUTRO,Individual,L,INDONESIAN,INDONESIA,400000000,0,400000000,16.0
30-Jun-2026,GUNA,GUNANUSA ERAMANDIRI Tbk,IVAN COKRO SAPUTRA,Individual,L,INDONESIAN,INDONESIA,600000000,0,600000000,24.0
30-Jun-2026,GWSA,GREENWOOD SEJAHTERA Tbk,"ADRINDO INTIPERKASA, PT",Corporate,L,,INDONESIA,123567500,0,123567500,1.58
30-Jun-2026,GWSA,GREENWOOD SEJAHTERA Tbk,PANIN FINANCIAL Tbk.,Corporate,L,,INDONESIA,194000000,0,194000000,2.49
30-Jun-2026,GWSA,GREENWOOD SEJAHTERA Tbk,"PANINVEST TBK, PT",Private Equity,L,,INDONESIA,164750000,0,164750000,2.11
30-Jun-2026,GWSA,GREENWOOD SEJAHTERA Tbk,PRIMA PERMATA SEJAHTERA PT,Corporate,L,,,0,4387657776,4387657776,56.25
30-Jun-2026,GWSA,GREENWOOD SEJAHTERA Tbk,KENCANA GRAHA NUSAMANDIRI PT,Corporate,L,,,0,1813102224,1813102224,23.24
30-Jun-2026,GWSA,GREENWOOD SEJAHTERA Tbk,MU MIN ALI GUNAWAN,Individual,L,INDONESIAN,,200000000,0,200000000,2.56
30-Jun-2026,GWSA,GREENWOOD SEJAHTERA Tbk,DANA PENSIUN KARYAWAN PANIN BANK,Pension Funds,L,,INDONESIA,367250000,0,367250000,4.71
30-Jun-2026,GZCO,GOZCO PLANTATIONS Tbk,PT. JABAR UTAMA WOOD INDUSTRY,Corporate,L,,INDONESIA,175418000,0,175418000,2.92
30-Jun-2026,GZCO,GOZCO PLANTATIONS Tbk,PT. GOLDEN ZAGA INDONESIA,Corporate,L,,INDONESIA,1702000000,0,1702000000,28.37
30-Jun-2026,GZCO,GOZCO PLANTATIONS Tbk,PT. GOZCO PLANTATIONS TBK,Corporate,L,,INDONESIA,220339000,0,220339000,3.67
30-Jun-2026,GZCO,GOZCO PLANTATIONS Tbk,City Peak Develpoment Limited,Financial Institutional,F,,CHINA,95600000,0,95600000,1.59
30-Jun-2026,GZCO,GOZCO PLANTATIONS Tbk,TJANDRA MINDHARTA GOZALI,Individual,L,INDONESIAN,INDONESIA,1581972000,0,1581972000,26.37
30-Jun-2026,GZCO,GOZCO PLANTATIONS Tbk,NYAMDORJ CHULUUNBAATAR,Individual,F,MONGOLIAN,INDONESIA,590882400,0,590882400,9.85
30-Jun-2026,GZCO,GOZCO PLANTATIONS Tbk,KWEK CHOON YEOW JULIAN,Individual,F,SINGAPOREAN,SINGAPORE,63265100,0,63265100,1.05
30-Jun-2026,GZCO,GOZCO PLANTATIONS Tbk,PT. INDO CAPITAL SEKURITAS,Securities Company,L,,INDONESIA,146550600,0,146550600,2.44
30-Jun-2026,HADE,HIMALAYA ENERGI PERKASA Tbk,PT. MAXIMA FINANCINDO,Corporate,L,,INDONESIA,200000000,717200000,917200000,43.26
30-Jun-2026,HADE,HIMALAYA ENERGI PERKASA Tbk,RONALD SOETRISNO,Individual,L,INDONESIAN,INDONESIA,29943000,0,29943000,1.41
30-Jun-2026,HADE,HIMALAYA ENERGI PERKASA Tbk,SUMITRO,Individual,L,INDONESIAN,INDONESIA,28065700,0,28065700,1.32
30-Jun-2026,HADE,HIMALAYA ENERGI PERKASA Tbk,IDA BAGUS,Individual,L,INDONESIAN,INDONESIA,21904939,0,21904939,1.03
30-Jun-2026,HADE,HIMALAYA ENERGI PERKASA Tbk,MERISSA,Individual,L,INDONESIAN,INDONESIA,29932700,0,29932700,1.41
30-Jun-2026,HADE,HIMALAYA ENERGI PERKASA Tbk,REKSADANA PAN ARCADIA EKUITAS PROGRESIF 2,Mutual Funds,L,,INDONESIA,41565859,0,41565859,1.96
30-Jun-2026,HADE,HIMALAYA ENERGI PERKASA Tbk,Reksa Dana Syariah Pan Arcadia Ekuitas Syariah Progresif,Mutual Funds,L,,INDONESIA,32716004,0,32716004,1.54
30-Jun-2026,HADE,HIMALAYA ENERGI PERKASA Tbk,REKSA DANA AURORA SMC EQUITY,Mutual Funds,L,,INDONESIA,27890000,0,27890000,1.32
30-Jun-2026,HADE,HIMALAYA ENERGI PERKASA Tbk,DANA PENSIUN KARYAWAN PANIN BANK,Pension Funds,L,,INDONESIA,202800000,0,202800000,9.57
30-Jun-2026,HAIS,HASNUR INTERNASIONAL SHIPPING Tbk,PT. HASNUR JAYA ENERGI,Corporate,L,,INDONESIA,52538500,0,52538500,2.0
30-Jun-2026,HAIS,HASNUR INTERNASIONAL SHIPPING Tbk,PT TAPIN SUTHRA BERJAYA,Corporate,L,,INDONESIA,32832133,0,32832133,1.25
30-Jun-2026,HAIS,HASNUR INTERNASIONAL SHIPPING Tbk,PT. HASNUR JAYA TAMBANG,Corporate,L,,INDONESIA,52538700,0,52538700,2.0
30-Jun-2026,HAIS,HASNUR INTERNASIONAL SHIPPING Tbk,PT HASNUR JAYA INTERNATIONAL,Corporate,L,,INDONESIA,36500000,0,36500000,1.39
30-Jun-2026,HAIS,HASNUR INTERNASIONAL SHIPPING Tbk,PT ENERGI BATUBARA LESTARI,Corporate,L,,INDONESIA,82718200,0,82718200,3.15
30-Jun-2026,HAIS,HASNUR INTERNASIONAL SHIPPING Tbk,JAYANTI SARI,Individual,L,INDONESIAN,INDONESIA,147070000,0,147070000,5.6
30-Jun-2026,HAIS,HASNUR INTERNASIONAL SHIPPING Tbk,ZAINAL HADI HAS. HB,Individual,L,INDONESIAN,INDONESIA,0,147070000,147070000,5.6
30-Jun-2026,HAIS,HASNUR INTERNASIONAL SHIPPING Tbk,HASNURYANI SE,Individual,L,INDONESIAN,INDONESIA,147070000,0,147070000,5.6
30-Jun-2026,HAIS,HASNUR INTERNASIONAL SHIPPING Tbk,YUNI ABDI NUR SULAIMAN,Individual,L,INDONESIAN,INDONESIA,147070000,0,147070000,5.6
30-Jun-2026,HAIS,HASNUR INTERNASIONAL SHIPPING Tbk,RACHMADI HAS,Individual,L,INDONESIAN,INDONESIA,147070000,0,147070000,5.6
30-Jun-2026,HAIS,HASNUR INTERNASIONAL SHIPPING Tbk,NILA SUSANTI,Individual,L,INDONESIAN,INDONESIA,147070000,0,147070000,5.6
30-Jun-2026,HAIS,HASNUR INTERNASIONAL SHIPPING Tbk,HASNURYADI SULAIMAN SE,Individual,L,INDONESIAN,INDONESIA,147070000,0,147070000,5.6
30-Jun-2026,HAIS,HASNUR INTERNASIONAL SHIPPING Tbk,NUR INTERNASIONAL SAMUDRA PT,,L,,,0,1071510000,1071510000,40.8
30-Jun-2026,HAJJ,ARSY BUANA TRAVELINDO Tbk,PT MADINAH IMAN WISATA,Corporate,L,,INDONESIA,1603366670,0,1603366670,64.95
30-Jun-2026,HAJJ,ARSY BUANA TRAVELINDO Tbk,PT KONSULTAN UTAMA NUSANTARA,Corporate,L,,INDONESIA,35398600,0,35398600,1.43
30-Jun-2026,HAJJ,ARSY BUANA TRAVELINDO Tbk,PT ABRAHA JAYA INVESTAMA,Corporate,L,,INDONESIA,161951000,0,161951000,6.56
30-Jun-2026,HAJJ,ARSY BUANA TRAVELINDO Tbk,PT. INVESTINDO JAYA ANUGERAH,Corporate,L,,INDONESIA,100190800,0,100190800,4.06
30-Jun-2026,HAJJ,ARSY BUANA TRAVELINDO Tbk,PT GERO SECURITY ASIA,Corporate,L,,INDONESIA,100088000,0,100088000,4.05
30-Jun-2026,HAJJ,ARSY BUANA TRAVELINDO Tbk,KARIM NAGADIPURNA NG,Individual,L,INDONESIAN,INDONESIA,53905000,0,53905000,2.18
30-Jun-2026,HAJJ,ARSY BUANA TRAVELINDO Tbk,MARGARETA,Individual,L,INDONESIAN,INDONESIA,39006800,0,39006800,1.58
30-Jun-2026,HAJJ,ARSY BUANA TRAVELINDO Tbk,YOGA SUSILO,Individual,L,INDONESIAN,INDONESIA,63140000,0,63140000,2.56
30-Jun-2026,HAJJ,ARSY BUANA TRAVELINDO Tbk,KENNETH ATMAN,Individual,L,INDONESIAN,INDONESIA,46787800,0,46787800,1.9
30-Jun-2026,HALO,HALONI JANE Tbk,PT PROMOSI DESA DIGITAL,Corporate,L,,INDONESIA,322416800,0,322416800,5.3
30-Jun-2026,HALO,HALONI JANE Tbk,HANSEN JAP,Individual,L,INDONESIAN,INDONESIA,4928318800,0,4928318800,81.07
30-Jun-2026,HALO,HALONI JANE Tbk,JULIANA,Individual,L,INDONESIAN,INDONESIA,70000000,0,70000000,1.15
30-Jun-2026,HALO,HALONI JANE Tbk,CAI LONG,Individual,F,CHINESE,CHINA,63385200,0,63385200,1.04
30-Jun-2026,HATM,HABCO TRANS MARITIMA Tbk,PT HABCO PRIMATAMA,Corporate,L,,INDONESIA,181106000,5577600000,5758706000,66.34
30-Jun-2026,HATM,HABCO TRANS MARITIMA Tbk,SAMUDRA SEJAHTERA INVESTAMA PT,Private Equity,L,,INDONESIA,186054800,0,186054800,2.14
30-Jun-2026,HATM,HABCO TRANS MARITIMA Tbk,PT MULTI SARANA NASIONAL,Corporate,L,,INDONESIA,1745409861,0,1745409861,20.11
30-Jun-2026,HATM,HABCO TRANS MARITIMA Tbk,AMIN DELIMA,Individual,L,INDONESIAN,INDONESIA,127363400,0,127363400,1.47
30-Jun-2026,HATM,HABCO TRANS MARITIMA Tbk,HARLEM HALIM,Individual,L,INDONESIAN,INDONESIA,101659400,0,101659400,1.17
30-Jun-2026,HATM,HABCO TRANS MARITIMA Tbk,GEORGE SAMUEL,Individual,L,INDONESIAN,INDONESIA,161034900,0,161034900,1.86
30-Jun-2026,HBAT,MINAHASA MEMBANGUN HEBAT Tbk,Islam Santosa,Individual,L,INDONESIAN,INDONESIA,15173900,0,15173900,1.46
30-Jun-2026,HBAT,MINAHASA MEMBANGUN HEBAT Tbk,IRMAYANTI MINE,Individual,L,INDONESIAN,INDONESIA,13255800,0,13255800,1.27
30-Jun-2026,HBAT,MINAHASA MEMBANGUN HEBAT Tbk,HENDRA SUTANTO,Individual,L,INDONESIAN,INDONESIA,467760000,0,467760000,44.94
30-Jun-2026,HBAT,MINAHASA MEMBANGUN HEBAT Tbk,JON FIERIS,Individual,L,INDONESIAN,INDONESIA,116960000,0,116960000,11.24
30-Jun-2026,HBAT,MINAHASA MEMBANGUN HEBAT Tbk,RUDY GUNAWAN,Individual,L,INDONESIAN,INDONESIA,215280000,0,215280000,20.69
30-Jun-2026,HDFA,RADANA BHASKARA FINANCE Tbk,PT TIARA MARGA TRAKINDO,Corporate,L,,INDONESIA,2430707293,0,2430707293,37.15
30-Jun-2026,HDFA,RADANA BHASKARA FINANCE Tbk,PT. INDULCE NUSA INVESTAMA,Venture Capital,L,,INDONESIA,69949400,0,69949400,1.07
30-Jun-2026,HDFA,RADANA BHASKARA FINANCE Tbk,DBS BANK LTD.,Bank,F,,SINGAPORE,215000000,0,215000000,3.29
30-Jun-2026,HDFA,RADANA BHASKARA FINANCE Tbk,RUBICON INVESTMENTS HOLDING PTE. LTD.,Venture Capital,F,,SINGAPORE,3613117337,0,3613117337,55.23
30-Jun-2026,HDIT,HENSEL DAVEST INDONESIA Tbk,PT DAVEST INVESTAMA MANDIRI,Private Equity,L,,INDONESIA,796679400,0,796679400,52.25
30-Jun-2026,HDIT,HENSEL DAVEST INDONESIA Tbk,REZANANTA F PIETRUSCHKA,Individual,L,INDONESIAN,INDONESIA,19047400,0,19047400,1.25
30-Jun-2026,HDIT,HENSEL DAVEST INDONESIA Tbk,SUKARDI,Individual,L,INDONESIAN,INDONESIA,18207300,0,18207300,1.19
30-Jun-2026,HDIT,HENSEL DAVEST INDONESIA Tbk,HADI RONOTANA,Individual,L,INDONESIAN,INDONESIA,17093200,0,17093200,1.12
30-Jun-2026,HEAL,MEDIKALOKA HERMINA Tbk,PT ASTRA INTERNATIONAL TBK,Corporate,L,,INDONESIA,1110824000,0,1110824000,7.23
30-Jun-2026,HEAL,MEDIKALOKA HERMINA Tbk,PT DWIMURIA INVESTAMA ANDALAN,Private Equity,L,,INDONESIA,559185300,0,559185300,3.64
30-Jun-2026,HEAL,MEDIKALOKA HERMINA Tbk,PT ASTRA HEALTHCARE INDONESIA,Corporate,L,,INDONESIA,2006530500,0,2006530500,13.06
30-Jun-2026,HEAL,MEDIKALOKA HERMINA Tbk,LUMINOUS INVESTMENT HOLDINGS PTE LTD,Private Equity,F,,SINGAPORE,625000000,0,625000000,4.07
30-Jun-2026,HEAL,MEDIKALOKA HERMINA Tbk,APOLLO AURORA PTE. LTD,Corporate,F,,SINGAPORE,203000000,0,203000000,1.32
30-Jun-2026,HEAL,MEDIKALOKA HERMINA Tbk,HERITAGE INVESTMENT HOLDINGS PTE LTD,Private Equity,F,,SINGAPORE,570899500,0,570899500,3.72
30-Jun-2026,HEAL,MEDIKALOKA HERMINA Tbk,DR B P SIMORANGKIR SPOG,Individual,L,INDONESIAN,INDONESIA,789863411,0,789863411,5.14
30-Jun-2026,HEAL,MEDIKALOKA HERMINA Tbk,PUSTIKA AMALIA WAHIDIYAT,Individual,L,INDONESIAN,INDONESIA,195184600,0,195184600,1.27
30-Jun-2026,HEAL,MEDIKALOKA HERMINA Tbk,LILY ANGGRAINI SULAIMAN,Individual,L,INDONESIAN,,177848822,0,177848822,1.16
30-Jun-2026,HEAL,MEDIKALOKA HERMINA Tbk,INDRAJANI WIBOWO,Individual,L,INDONESIAN,INDONESIA,296653567,0,296653567,1.93
30-Jun-2026,HEAL,MEDIKALOKA HERMINA Tbk,WISNI SETYAWATI WAHJUDI,Individual,L,INDONESIAN,INDONESIA,212282408,0,212282408,1.38
30-Jun-2026,HEAL,MEDIKALOKA HERMINA Tbk,DR HASMORO,Individual,L,INDONESIAN,INDONESIA,768701189,0,768701189,5.0
30-Jun-2026,HEAL,MEDIKALOKA HERMINA Tbk,YULISAR K,Individual,L,INDONESIAN,INDONESIA,992000666,0,992000666,6.46
30-Jun-2026,HEAL,MEDIKALOKA HERMINA Tbk,LILY SOEPARDIMAN,Individual,L,INDONESIAN,INDONESIA,471466000,0,471466000,3.07
30-Jun-2026,HEAL,MEDIKALOKA HERMINA Tbk,LYDIA IMMANUEL,Individual,L,INDONESIAN,INDONESIA,855082000,0,855082000,5.56
30-Jun-2026,HEAL,MEDIKALOKA HERMINA Tbk,HUSEN SUTAKARIA,Individual,L,INDONESIAN,INDONESIA,379246696,0,379246696,2.47
30-Jun-2026,HEAL,MEDIKALOKA HERMINA Tbk,SOEDIBJO TOELOES,Individual,L,INDONESIAN,INDONESIA,398065100,0,398065100,2.59
30-Jun-2026,HEAL,MEDIKALOKA HERMINA Tbk,ADITYAWARMAN,Individual,L,INDONESIAN,INDONESIA,235733000,0,235733000,1.53
30-Jun-2026,HEAL,MEDIKALOKA HERMINA Tbk,RICKY DHARSONO  WIBOWO,Individual,L,INDONESIAN,INDONESIA,272937167,0,272937167,1.78
30-Jun-2026,HEAL,MEDIKALOKA HERMINA Tbk,KHIAT KHIN SIANG,Individual,L,INDONESIAN,INDONESIA,182186598,0,182186598,1.19
30-Jun-2026,HEAL,MEDIKALOKA HERMINA Tbk,MEIJANI WIBOWO,Individual,L,INDONESIAN,INDONESIA,303181367,0,303181367,1.97
30-Jun-2026,HEAL,MEDIKALOKA HERMINA Tbk,ASIAN DEVELOPMENT BANK (ADB),International Organization,F,,PHILIPPINES,350000000,0,350000000,2.28
30-Jun-2026,HELI,JAYA TRISHINDO Tbk,PT CAKRAWALA BUANA SENTOSA,Corporate,L,,INDONESIA,20445500,0,20445500,2.45
30-Jun-2026,HELI,JAYA TRISHINDO Tbk,PT. ALTA INTERNASIONAL INDONESIA,Corporate,L,,INDONESIA,133258000,0,133258000,16.0
30-Jun-2026,HELI,JAYA TRISHINDO Tbk,PT STARTEL COMMUNICATION,Corporate,L,,INDONESIA,251913200,0,251913200,30.25
30-Jun-2026,HELI,JAYA TRISHINDO Tbk,PT. AVIA NUSANTARA KHATULISTIWA,Corporate,L,,INDONESIA,64449800,0,64449800,7.74
30-Jun-2026,HELI,JAYA TRISHINDO Tbk,PT. Anugerah Bumiputra,Corporate,L,,INDONESIA,22500000,0,22500000,2.7
30-Jun-2026,HELI,JAYA TRISHINDO Tbk,PT KOMALA TRI VARIA,Corporate,L,,INDONESIA,20700000,150000000,170700000,20.5
30-Jun-2026,HELI,JAYA TRISHINDO Tbk,UOB KAY HIAN PTE LTD,Securities Company,F,,SINGAPORE,84793600,0,84793600,10.18
30-Jun-2026,HERO,DFI RETAIL NUSANTARA Tbk,PT HERO PUSAKA SEJATI,Firm,L,,INDONESIA,112123931,0,112123931,2.68
30-Jun-2026,HERO,DFI RETAIL NUSANTARA Tbk,JPMCB NA AIF CLT RE-THE SCOTTISH ORIENTAL SMALLER COMPANIES TRUST PLC,Firm,F,,UNITED KINGDOM,99134175,0,99134175,2.37
30-Jun-2026,HERO,DFI RETAIL NUSANTARA Tbk,MULGRAVE CORPORATION B.V.,,,,,0,2660194960,2660194960,63.59
30-Jun-2026,HERO,DFI RETAIL NUSANTARA Tbk,THE DAIRY FARM COMPANY LTD,,,,,0,729975094,729975094,17.45
30-Jun-2026,HERO,DFI RETAIL NUSANTARA Tbk,NURHAJATI,Individual,L,INDONESIAN,INDONESIA,97205800,0,97205800,2.32
30-Jun-2026,HERO,DFI RETAIL NUSANTARA Tbk,CLSA LTD,Securities Company,F,,HONG KONG,387037273,0,387037273,9.25
30-Jun-2026,HEXA,HEXINDO ADIPERKASA Tbk,"HITACHI CONSTRUCTION MACHINERY CO.,LTD",Corporate,F,,,0,408180000,408180000,48.59
30-Jun-2026,HEXA,HEXINDO ADIPERKASA Tbk,ITOCHU CORPORATION,Corporate,F,,JAPAN,0,210400000,210400000,25.05
30-Jun-2026,HEXA,HEXINDO ADIPERKASA Tbk,Hitachi Construction Machinery Asia And Pasific Pte Ltd,Corporate,F,,,42620000,0,42620000,5.07
30-Jun-2026,HEXA,HEXINDO ADIPERKASA Tbk,"FRANKLIN TEMPLETON INVESTMENT FUNDS , SICAV",Mutual Funds,F,,LUXEMBOURG,20508400,0,20508400,2.44
30-Jun-2026,HEXA,HEXINDO ADIPERKASA Tbk,DBS VICKERS SECS SINGAPORE (PTE) LTD A/C CLIENTS,Securities Company,F,,SINGAPORE,16497700,0,16497700,1.96
30-Jun-2026,HGII,HERO GLOBAL INVESTMENT Tbk,PT BINA WIBAWA DIRGANTARA,Corporate,L,,INDONESIA,168794500,0,168794500,2.6
30-Jun-2026,HGII,HERO GLOBAL INVESTMENT Tbk,SEP INTERNATIONAL NETHERLANDS B.V.,Corporate,F,,NETHERLANDS,1625000000,0,1625000000,25.0
30-Jun-2026,HGII,HERO GLOBAL INVESTMENT Tbk,ROBERT NJO,Individual,L,INDONESIAN,INDONESIA,1180750000,0,1180750000,18.17
30-Jun-2026,HGII,HERO GLOBAL INVESTMENT Tbk,HENDRIANTO THAMRIN,Individual,L,INDONESIAN,INDONESIA,1290250000,0,1290250000,19.85
30-Jun-2026,HGII,HERO GLOBAL INVESTMENT Tbk,RUDY CHANDRA,Individual,L,INDONESIAN,INDONESIA,1215500000,0,1215500000,18.7
30-Jun-2026,HGII,HERO GLOBAL INVESTMENT Tbk,TEDDY THAMRIN CHANDRA ONG,Individual,L,INDONESIAN,INDONESIA,110500000,0,110500000,1.7
30-Jun-2026,HGII,HERO GLOBAL INVESTMENT Tbk,YURONG FAN,Individual,F,CHINESE,SINGAPORE,161300000,0,161300000,2.48
30-Jun-2026,HILL,HILLCON Tbk,PT HILLCON EQUITY MANAGEMENT,Corporate,L,,INDONESIA,5472759400,0,5472759400,37.12
30-Jun-2026,HILL,HILLCON Tbk,MORGAN STANLEY AND CO INTERNATIONAL PLC,Corporate,F,,UNITED KINGDOM,216766000,0,216766000,1.47
30-Jun-2026,HILL,HILLCON Tbk,PT BUKIT PERSADA INDONESIA,,,,,0,2380700000,2380700000,16.15
30-Jun-2026,HILL,HILLCON Tbk,PO SUSANTO,Individual,L,INDONESIAN,INDONESIA,151201300,0,151201300,1.03
30-Jun-2026,HILL,HILLCON Tbk,"SETIAWAN, SE",Individual,L,INDONESIAN,INDONESIA,150010000,0,150010000,1.02
30-Jun-2026,HILL,HILLCON Tbk,LIE HARJONO,Individual,L,INDONESIAN,,205000000,0,205000000,1.39
30-Jun-2026,HILL,HILLCON Tbk,LU XU,Individual,F,CHINESE,INDONESIA,306398500,0,306398500,2.08
30-Jun-2026,HILL,HILLCON Tbk,CGS INTERNATIONAL SEKURITAS INDONESIA,Securities Company,L,,INDONESIA,2365646700,0,2365646700,16.05
30-Jun-2026,HITS,HUMPUSS INTERMODA TRANSPORTASI Tbk,"KHARISMA NUSANTARA TIMUR, PT",Corporate,L,,INDONESIA,277357575,0,277357575,3.91
30-Jun-2026,HITS,HUMPUSS INTERMODA TRANSPORTASI Tbk,PT INVESTA DHARMA PUTERA,Corporate,L,,INDONESIA,3591041537,0,3591041537,50.57
30-Jun-2026,HITS,HUMPUSS INTERMODA TRANSPORTASI Tbk,PT.MENARA CAKRA BUANA,Corporate,L,,INDONESIA,3070244742,0,3070244742,43.24
30-Jun-2026,HITS,HUMPUSS INTERMODA TRANSPORTASI Tbk,PT.JOYO AGUNG PERMATA,Corporate,L,,INDONESIA,156502779,0,156502779,2.2
30-Jun-2026,HKMU,HK METALS UTAMA Tbk,PT AMEKSA PERMATA ABADI,Corporate,L,,INDONESIA,140000000,0,140000000,4.35
30-Jun-2026,HKMU,HK METALS UTAMA Tbk,PT ALAM MUBAROK SEJAHTERA,Corporate,L,,INDONESIA,157000000,0,157000000,4.87
30-Jun-2026,HKMU,HK METALS UTAMA Tbk,"HYAMN MULTINVES PERKASA, PT",Investment Advisors,L,,INDONESIA,107410100,0,107410100,3.33
30-Jun-2026,HKMU,HK METALS UTAMA Tbk,PT. NUGRAHA KENCANA BHUMI,Corporate,L,,INDONESIA,130000000,0,130000000,4.04
30-Jun-2026,HKMU,HK METALS UTAMA Tbk,ALFIAN NOR ICHSAN,Individual,L,INDONESIAN,INDONESIA,37020000,0,37020000,1.15
30-Jun-2026,HKMU,HK METALS UTAMA Tbk,ANDIKA RAHMAN,Individual,L,INDONESIAN,INDONESIA,98367125,0,98367125,3.05
30-Jun-2026,HKMU,HK METALS UTAMA Tbk,UJANG ROJIMAN,Individual,L,INDONESIAN,INDONESIA,140000000,0,140000000,4.35
30-Jun-2026,HKMU,HK METALS UTAMA Tbk,DOBBY FRANCOIS,Individual,L,INDONESIAN,INDONESIA,108225050,0,108225050,3.36
30-Jun-2026,HKMU,HK METALS UTAMA Tbk,Bagus Laksono,Individual,L,INDONESIAN,INDONESIA,130000000,0,130000000,4.04
30-Jun-2026,HKMU,HK METALS UTAMA Tbk,IMRON AGUNG KHOIRUDIN,Individual,L,INDONESIAN,INDONESIA,40000000,0,40000000,1.24
30-Jun-2026,HKMU,HK METALS UTAMA Tbk,Tasman Wargana,Individual,L,INDONESIAN,INDONESIA,40000000,0,40000000,1.24
30-Jun-2026,HKMU,HK METALS UTAMA Tbk,ARIF ARMANTO,Individual,L,INDONESIAN,INDONESIA,41000000,0,41000000,1.27
30-Jun-2026,HKMU,HK METALS UTAMA Tbk,WINDRA SANDAWAI,Individual,L,INDONESIAN,INDONESIA,130017300,0,130017300,4.04
30-Jun-2026,HKMU,HK METALS UTAMA Tbk,JAKSA AGUNG MUDA BIDANG TINDAK PIDANA KHUSUS KEJAKSAAN REPUBLIK INDONESIA KEJAKSAAN REPUBLIK INDONESIA,Government,L,,INDONESIA,91398700,0,91398700,2.84
30-Jun-2026,HMSP,HANJAYA MANDALA SAMPOERNA Tbk,PHILIP MORRIS INDONESIA,Corporate,L,,INDONESIA,0,107523239925,107523239925,92.44
30-Jun-2026,HOKI,BUYUNG POETRA SEMBADA Tbk,PT BUYUNG INVESTAMA GEMILANG,Corporate,L,,INDONESIA,0,5801826646,5801826646,59.95
30-Jun-2026,HOKI,BUYUNG POETRA SEMBADA Tbk,SUBANDI,Individual,L,INDONESIAN,INDONESIA,121408600,0,121408600,1.25
30-Jun-2026,HOKI,BUYUNG POETRA SEMBADA Tbk,SUKARTO BUJUNG,Individual,L,INDONESIAN,INDONESIA,584409034,31428572,615837606,6.36
30-Jun-2026,HOME,HOTEL MANDARINE REGENCY Tbk,PT PESONA ALAM MUTIARA,Corporate,L,,INDONESIA,247839500,0,247839500,1.12
30-Jun-2026,HOME,HOTEL MANDARINE REGENCY Tbk,PT. PANCA GLOBAL KAPITAL TBK,Private Equity,L,,INDONESIA,629900000,0,629900000,2.84
30-Jun-2026,HOME,HOTEL MANDARINE REGENCY Tbk,SEA LINK INVESTMENT LTD,,,,,0,634568500,634568500,2.86
30-Jun-2026,HOME,HOTEL MANDARINE REGENCY Tbk,ZICO TRUST (S) LTD AS TRUSTEE OF PROMETHEA STRATEGIC FUND,,,,,0,576900000,576900000,2.6
30-Jun-2026,HOME,HOTEL MANDARINE REGENCY Tbk,"BANK DANAMON INDONESIA Tbk, PT - REGISTRAR",Bank,L,,INDONESIA,516377425,0,516377425,2.32
30-Jun-2026,HOME,HOTEL MANDARINE REGENCY Tbk,ALEXANDER PANDU WINATA,Individual,L,INDONESIAN,INDONESIA,484859400,0,484859400,2.18
30-Jun-2026,HOME,HOTEL MANDARINE REGENCY Tbk,DRS.HERMAWAN BUDI SANTOSO,Individual,L,INDONESIAN,INDONESIA,225000000,0,225000000,1.01
30-Jun-2026,HOME,HOTEL MANDARINE REGENCY Tbk,ERIC BUDISETIO KURNIAWAN,Individual,L,INDONESIAN,INDONESIA,275000000,0,275000000,1.24
30-Jun-2026,HOME,HOTEL MANDARINE REGENCY Tbk,ADI WIJOYO,Individual,L,INDONESIAN,INDONESIA,360366500,0,360366500,1.62
30-Jun-2026,HOME,HOTEL MANDARINE REGENCY Tbk,JOCELYN JOSEPHINE,Individual,L,INDONESIAN,INDONESIA,344538300,0,344538300,1.55
30-Jun-2026,HOME,HOTEL MANDARINE REGENCY Tbk,PERUSAHAAN PERSEROAN (PERSERO) PT ASABRI,State Owned Enterprises,L,,INDONESIA,310539512,0,310539512,1.4
30-Jun-2026,HOME,HOTEL MANDARINE REGENCY Tbk,REKSA DANA SAHAM EMCO PESONA,Mutual Funds,L,,INDONESIA,371730000,0,371730000,1.67
30-Jun-2026,HOME,HOTEL MANDARINE REGENCY Tbk,REKSA DANA EMCO MANTAP,Mutual Funds,L,,INDONESIA,910756800,0,910756800,4.1
30-Jun-2026,HOME,HOTEL MANDARINE REGENCY Tbk,REKSA DANA EMCO GROWTH FUND,Mutual Funds,L,,INDONESIA,800450000,0,800450000,3.6
30-Jun-2026,HOME,HOTEL MANDARINE REGENCY Tbk,JAKSA AGUNG MUDA BIDANG TINDAK PIDANA KHUSUS KEJAKSAAN REPUBLIK INDONESIA KEJAKSAAN REPUBLIK INDONESIA,Government,L,,INDONESIA,5479895094,0,5479895094,24.67
30-Jun-2026,HOME,HOTEL MANDARINE REGENCY Tbk,PT Yuanta Sekuritas Indonesia,Securities Company,L,,INDONESIA,2126279700,0,2126279700,9.57
30-Jun-2026,HOME,HOTEL MANDARINE REGENCY Tbk,PT MINNA PADI INVESTAMA SEKURITAS Tbk,Securities Company,L,,INDONESIA,383891600,0,383891600,1.73
30-Jun-2026,HOMI,GRAND HOUSE MULIA Tbk,PT. GRAHA MULIA INDOTAMA,Corporate,L,,INDONESIA,819000000,0,819000000,52.0
30-Jun-2026,HOMI,GRAND HOUSE MULIA Tbk,Velliana Tanaya,Individual,L,INDONESIAN,INDONESIA,63000000,0,63000000,4.0
30-Jun-2026,HOMI,GRAND HOUSE MULIA Tbk,NENENG PUSPITA SARI,Individual,L,INDONESIAN,INDONESIA,42967600,0,42967600,2.73
30-Jun-2026,HOMI,GRAND HOUSE MULIA Tbk,Willy,Individual,L,INDONESIAN,INDONESIA,63000000,0,63000000,4.0
30-Jun-2026,HOMI,GRAND HOUSE MULIA Tbk,SUDIRMAN,Individual,L,INDONESIAN,INDONESIA,52631400,0,52631400,3.34
30-Jun-2026,HOMI,GRAND HOUSE MULIA Tbk,TAN PING,Individual,L,INDONESIAN,INDONESIA,189000000,0,189000000,12.0
30-Jun-2026,HOMI,GRAND HOUSE MULIA Tbk,TUTIK SUDIYATMI,Individual,L,INDONESIAN,INDONESIA,47631400,0,47631400,3.02
30-Jun-2026,HOMI,GRAND HOUSE MULIA Tbk,Suryadi,Individual,L,INDONESIAN,INDONESIA,126000000,0,126000000,8.0
30-Jun-2026,HOMI,GRAND HOUSE MULIA Tbk,EKA PUSPITA RINI,Individual,L,INDONESIAN,INDONESIA,26003000,0,26003000,1.65
30-Jun-2026,HOMI,GRAND HOUSE MULIA Tbk,DEDE MUHT ARUDIN,Individual,L,INDONESIAN,INDONESIA,52631400,0,52631400,3.34
30-Jun-2026,HOPE,HARAPAN DUTA PERTIWI Tbk,MULTI GARAM UTAMA TBK PT,Corporate,L,,INDONESIA,105393767,0,105393767,4.95
30-Jun-2026,HOPE,HARAPAN DUTA PERTIWI Tbk,PT. MERANTI SAMUDRA PERKASA,Corporate,L,,INDONESIA,106518100,0,106518100,5.0
30-Jun-2026,HOPE,HARAPAN DUTA PERTIWI Tbk,"Bengawan Putra Investama, PT",Venture Capital,L,,INDONESIA,77860216,0,77860216,3.65
30-Jun-2026,HOPE,HARAPAN DUTA PERTIWI Tbk,PT. HARAPAN GROUP SUKSES,Corporate,L,,INDONESIA,687450400,0,687450400,32.27
30-Jun-2026,HOPE,HARAPAN DUTA PERTIWI Tbk,KARTOMY,Individual,L,INDONESIAN,INDONESIA,47827200,0,47827200,2.25
30-Jun-2026,HOPE,HARAPAN DUTA PERTIWI Tbk,WILIAM MARTAPUTRA,Individual,L,INDONESIAN,INDONESIA,133214900,0,133214900,6.25
30-Jun-2026,HOPE,HARAPAN DUTA PERTIWI Tbk,STELLA MARSHA CONNERY,Individual,L,INDONESIAN,INDONESIA,34500000,0,34500000,1.62
30-Jun-2026,HOPE,HARAPAN DUTA PERTIWI Tbk,R. IRSANDO DWIANTO ADIPRATOMO,Individual,L,INDONESIAN,INDONESIA,37302824,0,37302824,1.75
30-Jun-2026,HOPE,HARAPAN DUTA PERTIWI Tbk,RINAWATI,Individual,L,INDONESIAN,INDONESIA,59868184,0,59868184,2.81
30-Jun-2026,HOPE,HARAPAN DUTA PERTIWI Tbk,TAN CITRA SARIDEWI BAYUSAPUTRO,Individual,L,INDONESIAN,INDONESIA,93137143,0,93137143,4.37
30-Jun-2026,HOPE,HARAPAN DUTA PERTIWI Tbk,ALEXANDER PRAWIRO BAYUSAPUTRO,Individual,L,INDONESIAN,INDONESIA,92857143,0,92857143,4.36
30-Jun-2026,HOPE,HARAPAN DUTA PERTIWI Tbk,ALDO PRATAMA PURNOMO,Individual,L,INDONESIAN,INDONESIA,36346000,0,36346000,1.71
30-Jun-2026,HOPE,HARAPAN DUTA PERTIWI Tbk,SIA TIENG HUK,Individual,L,INDONESIAN,INDONESIA,49914335,0,49914335,2.34
30-Jun-2026,HOTL,SARASWATI GRIYA LESTARI Tbk,PT MEGA ALVITA,Corporate,L,,INDONESIA,150000000,0,150000000,4.23
30-Jun-2026,HOTL,SARASWATI GRIYA LESTARI Tbk,PT TIARA REALTY,Corporate,L,,INDONESIA,1821753200,0,1821753200,51.32
30-Jun-2026,HOTL,SARASWATI GRIYA LESTARI Tbk,SOEGIANTO,Individual,L,INDONESIAN,INDONESIA,333001000,0,333001000,9.38
30-Jun-2026,HOTL,SARASWATI GRIYA LESTARI Tbk,"INDRA SETIAWAN, IR. MBA",Individual,L,INDONESIAN,INDONESIA,273684200,0,273684200,7.71
30-Jun-2026,HOTL,SARASWATI GRIYA LESTARI Tbk,BHAKTI SALIM,Individual,L,INDONESIAN,INDONESIA,45000000,0,45000000,1.27
30-Jun-2026,HOTL,SARASWATI GRIYA LESTARI Tbk,LIANITA KOSASIH,Individual,L,INDONESIAN,INDONESIA,77958500,0,77958500,2.2
30-Jun-2026,HOTL,SARASWATI GRIYA LESTARI Tbk,ANTONIUS ANDI SUSANTO,Individual,L,INDONESIAN,INDONESIA,43896600,0,43896600,1.24
30-Jun-2026,HOTL,SARASWATI GRIYA LESTARI Tbk,HARJANA BUSTAN,Individual,L,INDONESIAN,INDONESIA,101792000,0,101792000,2.87
30-Jun-2026,HOTL,SARASWATI GRIYA LESTARI Tbk,IRENE THESMAN,Individual,L,INDONESIAN,,399148000,0,399148000,11.24
30-Jun-2026,HOTL,SARASWATI GRIYA LESTARI Tbk,IR. BUDIJANTO SETIAWAN,Individual,L,INDONESIAN,INDONESIA,83208600,0,83208600,2.34
30-Jun-2026,HOTL,SARASWATI GRIYA LESTARI Tbk,REKSA DANA AURORA SMC EQUITY,Mutual Funds,L,,INDONESIA,50000000,0,50000000,1.41
30-Jun-2026,HRME,MENTENG HERITAGE REALTY Tbk,PT WIJAYA WISESA REALTY,Corporate,L,,INDONESIA,5088443900,0,5088443900,85.39
30-Jun-2026,HRME,MENTENG HERITAGE REALTY Tbk,ANNA YUNINGSIH,Individual,L,INDONESIAN,INDONESIA,71141800,0,71141800,1.19
30-Jun-2026,HRTA,HARTADINATA ABADI Tbk,PT. TERANG ANUGRAH ABADI,Corporate,L,,INDONESIA,3272048000,0,3272048000,71.05
30-Jun-2026,HRTA,HARTADINATA ABADI Tbk,HONKY HARJO,Individual,L,INDONESIAN,INDONESIA,143456800,0,143456800,3.12
30-Jun-2026,HRTA,HARTADINATA ABADI Tbk,PT. PRUDENTIAL LIFE ASSURANCE,Insurance,L,,INDONESIA,96497100,0,96497100,2.1
30-Jun-2026,HRTA,HARTADINATA ABADI Tbk,REKSA DANA TREASURE SAHAM MANTAP,Mutual Funds,L,,INDONESIA,157350000,0,157350000,3.42
30-Jun-2026,HRTA,HARTADINATA ABADI Tbk,EVLI EMERGING FRONTIER FUND,Mutual Funds,F,,FINLAND,69353700,0,69353700,1.51
30-Jun-2026,HRUM,HARUM ENERGY Tbk,HARUM ENERGY TBK.,Corporate,L,,INDONESIA,369543600,0,369543600,2.73
30-Jun-2026,HRUM,HARUM ENERGY Tbk,"KARUNIA BARA PERKASA, PT",Firm,L,,INDONESIA,2049204000,8737170000,10786374000,79.79
30-Jun-2026,HRUM,HARUM ENERGY Tbk,DJS KETENAGAKERJAAN PROGRAM JAMINAN HARI TUA,State Owned Enterprises,L,,INDONESIA,146519200,0,146519200,1.08
30-Jun-2026,HRUM,HARUM ENERGY Tbk,DJS KETENAGAKERJAAN PROGRAM JAMINAN PENSIUN,State Owned Enterprises,L,,INDONESIA,188392500,0,188392500,1.39
30-Jun-2026,HUMI,HUMPUSS MARITIM INTERNASIONAL Tbk,PT HUMPUSS INTERMODA TRANSPORTASI TBK,Corporate,L,,INDONESIA,13805172800,0,13805172800,76.43
30-Jun-2026,HUMI,HUMPUSS MARITIM INTERNASIONAL Tbk,HUMPUSS,Corporate,L,,INDONESIA,640639100,0,640639100,3.55
30-Jun-2026,HUMI,HUMPUSS MARITIM INTERNASIONAL Tbk,H HUTOMO MANDALA PUTRA,Individual,L,INDONESIAN,INDONESIA,893305900,0,893305900,4.95
30-Jun-2026,HYGN,ECOCARE INDO PASIFIK Tbk,PT ECOCARE INDO PASIFIK TBK,Corporate,L,,INDONESIA,28379700,0,28379700,1.12
30-Jun-2026,HYGN,ECOCARE INDO PASIFIK Tbk,SINOASIA HOLDING LIMITED,Corporate,F,,HONG KONG,26500000,0,26500000,1.05
30-Jun-2026,HYGN,ECOCARE INDO PASIFIK Tbk,MTRUSTEE BERHAD,Trustee Bank,F,,MALAYSIA,28500000,0,28500000,1.13
30-Jun-2026,HYGN,ECOCARE INDO PASIFIK Tbk,BANK OF SINGAPORE LIMITED,Private Bank,F,,SINGAPORE,47500000,0,47500000,1.88
30-Jun-2026,HYGN,ECOCARE INDO PASIFIK Tbk,WINCENT  YUNANDA,Individual,L,INDONESIAN,INDONESIA,100000000,0,100000000,3.96
30-Jun-2026,HYGN,ECOCARE INDO PASIFIK Tbk,NINI,Individual,L,INDONESIAN,INDONESIA,49530000,0,49530000,1.96
30-Jun-2026,HYGN,ECOCARE INDO PASIFIK Tbk,HENDRIK YONG,Individual,L,INDONESIAN,INDONESIA,1200000000,0,1200000000,47.52
30-Jun-2026,HYGN,ECOCARE INDO PASIFIK Tbk,KOKARJADI CHANDRA,Individual,L,INDONESIAN,INDONESIA,46133700,0,46133700,1.83
30-Jun-2026,HYGN,ECOCARE INDO PASIFIK Tbk,HERMES THAMRIN,Individual,L,INDONESIAN,INDONESIA,500000000,0,500000000,19.8
30-Jun-2026,HYGN,ECOCARE INDO PASIFIK Tbk,RONDY YUNANDA,Individual,L,INDONESIAN,INDONESIA,205400000,0,205400000,8.13
30-Jun-2026,HYGN,ECOCARE INDO PASIFIK Tbk,REKSA DANA SUCORINVEST EQUITY PRIMA FUND,Mutual Funds,L,,INDONESIA,42251300,0,42251300,1.67
30-Jun-2026,HYGN,ECOCARE INDO PASIFIK Tbk,CITIBANK SINGAPORE A/C CIMB-CCTB-KAF JADE FUND,Securities Company,F,,MALAYSIA,38221400,0,38221400,1.51
30-Jun-2026,IATA,MNC ENERGY INVESTMENTS Tbk,PT. KARYA PACIFIC INVESTAMA,Private Equity,L,,INDONESIA,15794294800,0,15794294800,50.5
30-Jun-2026,IATA,MNC ENERGY INVESTMENTS Tbk,PT KARYA BUMI ENERGI,Corporate,L,,INDONESIA,323753800,0,323753800,1.04
30-Jun-2026,IATA,MNC ENERGY INVESTMENTS Tbk,PT MNC ASIA HOLDING TBK,Corporate,L,,INDONESIA,2755610566,0,2755610566,8.81
30-Jun-2026,IATA,MNC ENERGY INVESTMENTS Tbk,GIDEON TJAHJA PURNOMO,Individual,L,INDONESIAN,INDONESIA,1517153000,0,1517153000,4.85
30-Jun-2026,IATA,MNC ENERGY INVESTMENTS Tbk,GERRY SANDRIC,Individual,L,INDONESIAN,INDONESIA,1228907000,0,1228907000,3.93
30-Jun-2026,IATA,MNC ENERGY INVESTMENTS Tbk,R TJAHYONO IMAWAN,Individual,L,INDONESIAN,INDONESIA,425308600,0,425308600,1.36
30-Jun-2026,IATA,MNC ENERGY INVESTMENTS Tbk,ANDY,Individual,L,INDONESIAN,INDONESIA,663239600,0,663239600,2.12
30-Jun-2026,IBFN,INTAN BARU PRANA Tbk,PT. INTRACO PENTA . TBK,Corporate,L,,INDONESIA,835634253,0,835634253,55.07
30-Jun-2026,IBFN,INTAN BARU PRANA Tbk,PT INTA TRADING,Corporate,L,,INDONESIA,261378386,0,261378386,17.23
30-Jun-2026,IBFN,INTAN BARU PRANA Tbk,"SBI HOLDINGS, INC.",Investment Advisors,F,,JAPAN,41192080,0,41192080,2.71
30-Jun-2026,IBFN,INTAN BARU PRANA Tbk,ERNY,Individual,L,INDONESIAN,INDONESIA,16750000,0,16750000,1.1
30-Jun-2026,IBFN,INTAN BARU PRANA Tbk,IRFAN FAUZI,Individual,L,INDONESIAN,INDONESIA,16750000,0,16750000,1.1
30-Jun-2026,IBFN,INTAN BARU PRANA Tbk,SUGENG WIJAYA SUTEDJA,Individual,L,INDONESIAN,INDONESIA,27000000,0,27000000,1.78
30-Jun-2026,IBFN,INTAN BARU PRANA Tbk,AJB BUMI PUTERA 1912,Insurance,L,,INDONESIA,20000000,0,20000000,1.32
30-Jun-2026,IBOS,INDO BOGA SUKSES Tbk,PT. MEKA EPTA INTERNATIONAL,Corporate,L,,INDONESIA,226000000,0,226000000,2.8
30-Jun-2026,IBOS,INDO BOGA SUKSES Tbk,PT GARUDAPRENEUR INVESTASI ASIA,Corporate,L,,INDONESIA,105261100,0,105261100,1.31
30-Jun-2026,IBOS,INDO BOGA SUKSES Tbk,PT BUDI PRAWIRA,Corporate,L,,INDONESIA,134280900,0,134280900,1.66
30-Jun-2026,IBOS,INDO BOGA SUKSES Tbk,PT. GOLDMAN INVESTINDO SEDAYA,Corporate,L,,INDONESIA,3435875937,0,3435875937,42.6
30-Jun-2026,IBOS,INDO BOGA SUKSES Tbk,PT. NUANSA KENCONO ABADI,Corporate,L,,INDONESIA,823382224,0,823382224,10.21
30-Jun-2026,IBOS,INDO BOGA SUKSES Tbk,SAFARI ASIA LIMITED,Financial Institutional,F,,HONG KONG,400000000,0,400000000,4.96
30-Jun-2026,IBOS,INDO BOGA SUKSES Tbk,YUDY SADRIABHAKTI,Individual,L,INDONESIAN,INDONESIA,132748700,0,132748700,1.65
30-Jun-2026,IBOS,INDO BOGA SUKSES Tbk,YUSTIN NATALIA KADARUSMAN,Individual,L,INDONESIAN,INDONESIA,157550000,0,157550000,1.95
30-Jun-2026,IBOS,INDO BOGA SUKSES Tbk,WILLIAM ANTO,Individual,L,INDONESIAN,INDONESIA,114149600,0,114149600,1.42
30-Jun-2026,IBOS,INDO BOGA SUKSES Tbk,HARTARTO CIPUTRA,Individual,L,INDONESIAN,INDONESIA,94093400,0,94093400,1.17
30-Jun-2026,IBOS,INDO BOGA SUKSES Tbk,ALQHAISAR SUKSES ABADI PT,,L,,,0,474923704,474923704,5.89
30-Jun-2026,IBST,INTI BANGUN SEJAHTERA Tbk,PT IFORTE SOLUSI INFOTEK,Corporate,L,,INDONESIA,0,1350254095,1350254095,99.95
30-Jun-2026,ICBP,INDOFOOD CBP SUKSES MAKMUR Tbk,INDOFOOD SUKSES MAKMUR TBK,Corporate,L,,INDONESIA,62152000,9329526000,9391678000,80.53
30-Jun-2026,ICBP,INDOFOOD CBP SUKSES MAKMUR Tbk,DJS KETENAGAKERJAAN PROGRAM JAMINAN HARI TUA,State Owned Enterprises,L,,INDONESIA,217420450,0,217420450,1.86
30-Jun-2026,ICBP,INDOFOOD CBP SUKSES MAKMUR Tbk,FIDELITY FUNDS,Mutual Funds,F,,LUXEMBOURG,141441500,0,141441500,1.21
30-Jun-2026,ICBP,INDOFOOD CBP SUKSES MAKMUR Tbk,EMPLOYEES PROVIDENT FUND BOARD,Pension Funds,F,,MALAYSIA,117196500,0,117196500,1.0
30-Jun-2026,ICON,ISLAND CONCEPTS INDONESIA Tbk,ISLAND REGENCY GROUP LIMITED,Private Equity,F,,,20000000,42187000,62187000,5.71
30-Jun-2026,ICON,ISLAND CONCEPTS INDONESIA Tbk,PT ANUGERAH GRIYA PERSADA,Corporate,L,,INDONESIA,85895000,0,85895000,7.88
30-Jun-2026,ICON,ISLAND CONCEPTS INDONESIA Tbk,PT TRUST PENATA PROPERTINDO,Corporate,L,,INDONESIA,158427624,0,158427624,14.54
30-Jun-2026,ICON,ISLAND CONCEPTS INDONESIA Tbk,"FRANCIS STREET PTY, LTD",,,,,0,16500000,16500000,1.51
30-Jun-2026,ICON,ISLAND CONCEPTS INDONESIA Tbk,NYOMAN ASTARI SISWANTO,Individual,L,INDONESIAN,INDONESIA,53397750,0,53397750,4.9
30-Jun-2026,ICON,ISLAND CONCEPTS INDONESIA Tbk,AUGYAWATI JOE,Individual,L,INDONESIAN,,53397750,0,53397750,4.9
30-Jun-2026,ICON,ISLAND CONCEPTS INDONESIA Tbk,"PROF.DR.IR. ANASTASIA SULISTYAWATI, M.S., M.M., D.TH",Individual,L,INDONESIAN,INDONESIA,170892352,207911342,378803694,34.76
30-Jun-2026,ICON,ISLAND CONCEPTS INDONESIA Tbk,MADE ARIANI SISWANTO,Individual,L,INDONESIAN,INDONESIA,53397750,0,53397750,4.9
30-Jun-2026,ICON,ISLAND CONCEPTS INDONESIA Tbk,PUTU AGUNG PRIANTA,Individual,L,INDONESIAN,INDONESIA,23364000,0,23364000,2.14
30-Jun-2026,ICON,ISLAND CONCEPTS INDONESIA Tbk,PERUSAHAAN PERSEROAN (PERSERO) PT ASABRI,State Owned Enterprises,L,,INDONESIA,54669376,0,54669376,5.02
30-Jun-2026,IDEA,IDEA INDONESIA AKADEMI Tbk,PT. Idea Asia Investama,Corporate,L,,INDONESIA,304504100,0,304504100,28.66
30-Jun-2026,IDEA,IDEA INDONESIA AKADEMI Tbk,PT Prima Solusi Investasi,Corporate,L,,INDONESIA,26804100,0,26804100,2.52
30-Jun-2026,IDEA,IDEA INDONESIA AKADEMI Tbk,EKO DESRIYANTO,Individual,L,INDONESIAN,INDONESIA,402818600,0,402818600,37.91
30-Jun-2026,IDEA,IDEA INDONESIA AKADEMI Tbk,GERALDO  KILIARI,Individual,L,INDONESIAN,INDONESIA,11000000,0,11000000,1.04
30-Jun-2026,IDEA,IDEA INDONESIA AKADEMI Tbk,BUDI NUGROHO WIBISONO,Individual,L,INDONESIAN,INDONESIA,11000000,0,11000000,1.04
30-Jun-2026,IDPR,INDONESIA PONDASI RAYA Tbk,APS ASSET MANAGEMENT ADVISORY LIMITED,Corporate,F,,SINGAPORE,49029400,0,49029400,2.45
30-Jun-2026,IDPR,INDONESIA PONDASI RAYA Tbk,HANAH TANDEAN,Individual,L,INDONESIAN,INDONESIA,0,34069294,34069294,1.7
30-Jun-2026,IDPR,INDONESIA PONDASI RAYA Tbk,FEBYAN,Individual,L,INDONESIAN,INDONESIA,55606700,0,55606700,2.78
30-Jun-2026,IDPR,INDONESIA PONDASI RAYA Tbk,MANUEL DJUNAKO,Individual,L,INDONESIAN,INDONESIA,61916900,1665930706,1727847606,86.26
30-Jun-2026,IDPR,INDONESIA PONDASI RAYA Tbk,REKSA DANA PANIN DANA MAKSIMA,Mutual Funds,L,,INDONESIA,25354400,0,25354400,1.27
30-Jun-2026,IFII,INDONESIA FIBREBOARD INDUSTRY Tbk,"ADRINDO INTIPERKASA, PT",Corporate,L,,INDONESIA,0,4800200000,4800200000,51.0
30-Jun-2026,IFII,INDONESIA FIBREBOARD INDUSTRY Tbk,PT DINAMIKAJAYA BUMIPERSADA,Corporate,L,,INDONESIA,235300000,0,235300000,2.5
30-Jun-2026,IFII,INDONESIA FIBREBOARD INDUSTRY Tbk,PT. SELARAS NUSANTARA CEMERLANG,Corporate,L,,INDONESIA,469673600,0,469673600,4.99
30-Jun-2026,IFII,INDONESIA FIBREBOARD INDUSTRY Tbk,NODA CORPORATION,Corporate,F,,JAPAN,350000000,0,350000000,3.72
30-Jun-2026,IFII,INDONESIA FIBREBOARD INDUSTRY Tbk,"SMB KENZAI CO., LTD",Corporate,F,,JAPAN,2353000000,0,2353000000,25.0
30-Jun-2026,IFII,INDONESIA FIBREBOARD INDUSTRY Tbk,ISHINOMAKI PLYWOOD MFG  CO  LTD,Corporate,F,,JAPAN,350000000,0,350000000,3.72
30-Jun-2026,IFII,INDONESIA FIBREBOARD INDUSTRY Tbk,HEFFY HARTONO,Individual,L,INDONESIAN,INDONESIA,0,562600000,562600000,5.98
30-Jun-2026,IFII,INDONESIA FIBREBOARD INDUSTRY Tbk,MERYANA HARTONO,Individual,L,INDONESIAN,INDONESIA,232476400,0,232476400,2.47
30-Jun-2026,IFSH,IFISHDECO Tbk,PT FAJAR JAYA INVESTAMA,Private Equity,L,,INDONESIA,104814100,0,104814100,4.93
30-Jun-2026,IFSH,IFISHDECO Tbk,PT GLOBAL INVESTASI MAKMUR,Private Equity,L,,INDONESIA,100444200,0,100444200,4.73
30-Jun-2026,IFSH,IFISHDECO Tbk,PT WAHANA TRILINTAS MINING,Corporate,L,,INDONESIA,0,833000000,833000000,39.2
30-Jun-2026,IFSH,IFISHDECO Tbk,PT. IFISHDECO TBK,Corporate,L,,INDONESIA,201702600,0,201702600,9.49
30-Jun-2026,IFSH,IFISHDECO Tbk,PT FAJAR MINING RESOURCES,,,,,0,867000000,867000000,40.8
30-Jun-2026,IGAR,CHAMPION PACIFIC INDONESIA Tbk,PT Kingsford Holdings,Investment Advisors,L,,INDONESIA,10000,772112420,772122420,83.22
30-Jun-2026,IGAR,CHAMPION PACIFIC INDONESIA Tbk,PT Kalbe Farma Tbk,Corporate,L,,INDONESIA,52500000,0,52500000,5.66
30-Jun-2026,IGAR,CHAMPION PACIFIC INDONESIA Tbk,SURONO SUBEKTI,Individual,L,INDONESIAN,INDONESIA,32300000,0,32300000,3.48
30-Jun-2026,IIKP,INTI AGRI RESOURCES Tbk,"Maxima Agro Industri, PT",Corporate,L,,INDONESIA,2117686040,0,2117686040,6.3
30-Jun-2026,IIKP,INTI AGRI RESOURCES Tbk,PT POOL ADVISTA INDONESIA Tbk,Corporate,L,,INDONESIA,883802850,0,883802850,2.63
30-Jun-2026,IIKP,INTI AGRI RESOURCES Tbk,PT SINAR MAS MULTIARTHA Tbk,Corporate,L,,INDONESIA,1379146140,0,1379146140,4.1
30-Jun-2026,IIKP,INTI AGRI RESOURCES Tbk,GOLDEN HARVEST COCOA LTD,Corporate,F,,"VIRGIN ISLANDS, BRITISH",1647457000,0,1647457000,4.9
30-Jun-2026,IIKP,INTI AGRI RESOURCES Tbk,PT POOL ADVISTA FINANCE Tbk,Financial Institutional,L,,INDONESIA,510260550,0,510260550,1.52
30-Jun-2026,IIKP,INTI AGRI RESOURCES Tbk,ARIS MUNANDAR,Individual,L,INDONESIAN,INDONESIA,460122000,0,460122000,1.37
30-Jun-2026,IIKP,INTI AGRI RESOURCES Tbk,PT. ASURANSI JIWA IFG,Insurance,L,,INDONESIA,3195133750,0,3195133750,9.51
30-Jun-2026,IIKP,INTI AGRI RESOURCES Tbk,PERUSAHAAN PERSEROAN (PERSERO) PT ASABRI,State Owned Enterprises,L,,INDONESIA,5113669575,0,5113669575,15.22
30-Jun-2026,IIKP,INTI AGRI RESOURCES Tbk,REKSADANA SYARIAH DMI DANA SAHAM SYARIAH,Mutual Funds,L,,INDONESIA,510366000,0,510366000,1.52
30-Jun-2026,IIKP,INTI AGRI RESOURCES Tbk,Reksa Dana Pan Arcadia Dana Saham Bertumbuh,Exchange Traded Funds,L,,INDONESIA,836282000,0,836282000,2.49
30-Jun-2026,IIKP,INTI AGRI RESOURCES Tbk,REKSA DANA SYARIAH POOL ADVISTA KAPITAL SYARIAH,Mutual Funds,L,,INDONESIA,662408000,0,662408000,1.97
30-Jun-2026,IIKP,INTI AGRI RESOURCES Tbk,REKSA DANA SYARIAH TREASURE SAHAM BERKAH SYARIAH,Mutual Funds,L,,INDONESIA,393025000,0,393025000,1.17
30-Jun-2026,IIKP,INTI AGRI RESOURCES Tbk,REKSA DANA SYARIAH AURORA SHARIA EQUITY,Mutual Funds,L,,INDONESIA,1221059000,0,1221059000,3.63
30-Jun-2026,IIKP,INTI AGRI RESOURCES Tbk,Reksa Dana Syariah Pan Arcadia Ekuitas Syariah Progresif,Mutual Funds,L,,INDONESIA,552616843,0,552616843,1.64
30-Jun-2026,IIKP,INTI AGRI RESOURCES Tbk,REKSA DANA AURORA EQUITY,Mutual Funds,L,,INDONESIA,635127000,0,635127000,1.89
30-Jun-2026,IIKP,INTI AGRI RESOURCES Tbk,REKSA DANA POOL ADVISTA KAPITAL OPTIMAL,Mutual Funds,L,,INDONESIA,963172000,0,963172000,2.87
30-Jun-2026,IIKP,INTI AGRI RESOURCES Tbk,REKSA DANA SYARIAH POOL ADVISTA EKUITAS OPTIMA SYARIAH,Mutual Funds,L,,INDONESIA,1033230000,0,1033230000,3.08
30-Jun-2026,IIKP,INTI AGRI RESOURCES Tbk,JAKSA AGUNG MUDA BIDANG TINDAK PIDANA KHUSUS KEJAKSAAN REPUBLIK INDONESIA KEJAKSAAN REPUBLIK INDONESIA,Government,L,,INDONESIA,3306907460,0,3306907460,9.84
30-Jun-2026,IIKP,INTI AGRI RESOURCES Tbk,PT Artha Sekuritas Indonesia,Securities Company,L,,INDONESIA,726435300,0,726435300,2.16
30-Jun-2026,IKAI,INTIKERAMIK ALAMASRI INDUSTRI Tbk,PT EKUITAS UTAMA SEJAHTERA,Corporate,L,,INDONESIA,197161900,0,197161900,1.48
30-Jun-2026,IKAI,INTIKERAMIK ALAMASRI INDUSTRI Tbk,MAHKOTA PROPERTI INDO PT.,Corporate,L,,INDONESIA,0,2572878610,2572878610,19.34
30-Jun-2026,IKAI,INTIKERAMIK ALAMASRI INDUSTRI Tbk,PT DHARMA GLOBAL INVESTINDO,Corporate,L,,INDONESIA,211633100,0,211633100,1.59
30-Jun-2026,IKAI,INTIKERAMIK ALAMASRI INDUSTRI Tbk,SUSANNA HENDRO,Individual,L,INDONESIAN,INDONESIA,462197500,0,462197500,3.47
30-Jun-2026,IKAI,INTIKERAMIK ALAMASRI INDUSTRI Tbk,KASHISH MONY TOPANDASANI,Individual,L,INDONESIAN,INDONESIA,200000000,0,200000000,1.5
30-Jun-2026,IKAI,INTIKERAMIK ALAMASRI INDUSTRI Tbk,DJOHAN,Individual,L,INDONESIAN,INDONESIA,354276433,0,354276433,2.66
30-Jun-2026,IKAI,INTIKERAMIK ALAMASRI INDUSTRI Tbk,SUHERNO,Individual,L,INDONESIAN,,179174496,0,179174496,1.35
30-Jun-2026,IKAI,INTIKERAMIK ALAMASRI INDUSTRI Tbk,PT ASURANSI SIMAS JIWA,Insurance,L,,INDONESIA,181000000,0,181000000,1.36
30-Jun-2026,IKAN,ERA MANDIRI CEMERLANG Tbk,PT BERKAH DELAPAN SAMUDERA,Corporate,L,,INDONESIA,279360000,0,279360000,33.52
30-Jun-2026,IKAN,ERA MANDIRI CEMERLANG Tbk,JOHAN ROSE,Individual,L,INDONESIAN,INDONESIA,150000000,0,150000000,18.0
30-Jun-2026,IKBI,SUMI INDO KABEL Tbk,PT. Naditama Trancy Logistics Indonesia,Corporate,L,,INDONESIA,16347200,0,16347200,1.34
30-Jun-2026,IKBI,SUMI INDO KABEL Tbk,PT. Perdanamulia Ekasakti,Corporate,L,,INDONESIA,14400000,0,14400000,1.18
30-Jun-2026,IKBI,SUMI INDO KABEL Tbk,"Sumitomo Electric Industries, Ltd",Corporate,F,,JAPAN,41652800,1077833200,1119486000,91.46
30-Jun-2026,IKPM,IKAPHARMINDO PUTRAMAS Tbk,PT. KASIH ANUGRAH INVESTA,Venture Capital,L,,INDONESIA,30000000,0,30000000,1.78
30-Jun-2026,IKPM,IKAPHARMINDO PUTRAMAS Tbk,"Golden Swan Capital, PT",Corporate,L,,INDONESIA,17605000,0,17605000,1.05
30-Jun-2026,IKPM,IKAPHARMINDO PUTRAMAS Tbk,PT IKAPHARMA INTI MAS,Corporate,L,,INDONESIA,1315950000,0,1315950000,78.11
30-Jun-2026,IKPM,IKAPHARMINDO PUTRAMAS Tbk,REKSA DANA SUCORINVEST EQUITY PRIMA FUND,Mutual Funds,L,,INDONESIA,31666600,0,31666600,1.88
30-Jun-2026,IKPM,IKAPHARMINDO PUTRAMAS Tbk,REKSA DANA SYARIAH SUCORINVEST SHARIA BALANCED FUND,Mutual Funds,L,,INDONESIA,72417000,0,72417000,4.3
30-Jun-2026,IKPM,IKAPHARMINDO PUTRAMAS Tbk,REKSA DANA SUCORINVEST EQUITY FUND,Mutual Funds,L,,INDONESIA,21750100,0,21750100,1.29
30-Jun-2026,IKPM,IKAPHARMINDO PUTRAMAS Tbk,REKSA DANA SUCORINVEST SHARIA EQUITY FUND,Mutual Funds,L,,INDONESIA,36363600,0,36363600,2.16
30-Jun-2026,IKPM,IKAPHARMINDO PUTRAMAS Tbk,REKSA DANA SUCORINVEST DANA SEHAT BERIMBANG,Mutual Funds,L,,INDONESIA,45871500,0,45871500,2.72
30-Jun-2026,IMAS,INDOMOBIL SUKSES INTERNASIONAL Tbk,PT SEJAHTERA RAYA PERKASA,Corporate,L,,INDONESIA,200562566,0,200562566,5.02
30-Jun-2026,IMAS,INDOMOBIL SUKSES INTERNASIONAL Tbk,PT Tritunggal Intipermata,Firm,L,,INDONESIA,725850161,0,725850161,18.17
30-Jun-2026,IMAS,INDOMOBIL SUKSES INTERNASIONAL Tbk,PT CAKRA BAKTI WIRA SEMESTA,Corporate,L,,INDONESIA,78125000,0,78125000,1.96
30-Jun-2026,IMAS,INDOMOBIL SUKSES INTERNASIONAL Tbk,GALLANT VENTURE LTD,Corporate,F,,SINGAPORE,1976765774,0,1976765774,49.49
30-Jun-2026,IMAS,INDOMOBIL SUKSES INTERNASIONAL Tbk,WINDSOR INVESTMENT FUND LIMITED,Private Equity,F,,VANUATU,46869288,0,46869288,1.17
30-Jun-2026,IMAS,INDOMOBIL SUKSES INTERNASIONAL Tbk,PT Indolife Pensiontama,Insurance,L,,INDONESIA,104825416,0,104825416,2.62
30-Jun-2026,IMAS,INDOMOBIL SUKSES INTERNASIONAL Tbk,PT TRIMEGAH SEKURITAS INDONESIA TBK,Securities Company,L,,INDONESIA,608000000,0,608000000,15.22
30-Jun-2026,IMJS,INDOMOBIL MULTI JASA Tbk,PT. INDOMOBIL SUKSES INTERNASIONAL TBK,Corporate,L,,INDONESIA,9978217076,0,9978217076,91.97
30-Jun-2026,IMPC,IMPACK PRATAMA INDUSTRI Tbk,PT. HARIMAS TUNGGAL PERKASA,Corporate,L,,INDONESIA,11060175600,8710090000,19770265600,36.01
30-Jun-2026,IMPC,IMPACK PRATAMA INDUSTRI Tbk,TUNGGAL JAYA INVESTAMA PT,Corporate,L,,INDONESIA,4863907594,15910090000,20773997594,37.83
30-Jun-2026,IMPC,IMPACK PRATAMA INDUSTRI Tbk,PROVIDENTIA WEALTH ADVISORY LTD,Investment Manager,F,,SINGAPORE,2475000000,0,2475000000,4.51
30-Jun-2026,IMPC,IMPACK PRATAMA INDUSTRI Tbk,HARYANTO TJIPTODIHARDJO,Individual,L,INDONESIAN,INDONESIA,629258000,0,629258000,1.15
30-Jun-2026,IMPC,IMPACK PRATAMA INDUSTRI Tbk,PT TRIMEGAH SEKURITAS INDONESIA TBK,Securities Company,L,,INDONESIA,1864454000,0,1864454000,3.4
30-Jun-2026,INAF,INDOFARMA Tbk,PT BIO FARMA (Persero),Corporate,L,,INDONESIA,0,2499999999,2499999999,80.66
30-Jun-2026,INAF,INDOFARMA Tbk,PERUSAHAAN PERSEROAN (PERSERO) PT ASABRI,State Owned Enterprises,L,,INDONESIA,425907600,0,425907600,13.74
30-Jun-2026,INAI,INDAL ALUMINIUM INDUSTRY Tbk,PT MASPION,Corporate,L,,INDONESIA,39744000,0,39744000,6.27
30-Jun-2026,INAI,INDAL ALUMINIUM INDUSTRY Tbk,PT GUNA INVESTINDO,Corporate,L,,INDONESIA,0,39744000,39744000,6.27
30-Jun-2026,INAI,INDAL ALUMINIUM INDUSTRY Tbk,PT HUSIN INVESTAMA,Corporate,L,,INDONESIA,24180800,184809600,208990400,32.98
30-Jun-2026,INAI,INDAL ALUMINIUM INDUSTRY Tbk,PT. Alumindo Industrial Estate,Corporate,L,,INDONESIA,16386000,0,16386000,2.59
30-Jun-2026,INAI,INDAL ALUMINIUM INDUSTRY Tbk,MARINDO INVESTAMA PT,Corporate,L,,,0,49680000,49680000,7.84
30-Jun-2026,INAI,INDAL ALUMINIUM INDUSTRY Tbk,MULINDO INVESTAMA PT,Corporate,L,,,0,39744000,39744000,6.27
30-Jun-2026,INAI,INDAL ALUMINIUM INDUSTRY Tbk,ANUGERAH INVESTINDO PT,Corporate,L,,,0,19872000,19872000,3.14
30-Jun-2026,INAI,INDAL ALUMINIUM INDUSTRY Tbk,SYLVIA INDRASARI NUGROHO,Individual,L,INDONESIAN,INDONESIA,8830000,0,8830000,1.39
30-Jun-2026,INAI,INDAL ALUMINIUM INDUSTRY Tbk,FIFY DEWI ADIKOESOEMO,Individual,L,INDONESIAN,INDONESIA,10800000,0,10800000,1.7
30-Jun-2026,INAI,INDAL ALUMINIUM INDUSTRY Tbk,SIAUW YUNUS SUBANDI,Individual,L,INDONESIAN,INDONESIA,9629200,0,9629200,1.52
30-Jun-2026,INAI,INDAL ALUMINIUM INDUSTRY Tbk,NITA WULANSARI NUGROHO,Individual,L,INDONESIAN,INDONESIA,8830000,0,8830000,1.39
30-Jun-2026,INAI,INDAL ALUMINIUM INDUSTRY Tbk,HAIYANTO,Individual,L,INDONESIAN,INDONESIA,56765100,0,56765100,8.96
30-Jun-2026,INAI,INDAL ALUMINIUM INDUSTRY Tbk,PRAKINDO INVESTAMA PT,,,,,0,39744000,39744000,6.27
30-Jun-2026,INCF,INDO KOMODITI KORPORA Tbk,"ALAM TULUS ABADI, PT",Corporate,L,,INDONESIA,575348186,0,575348186,40.0
30-Jun-2026,INCF,INDO KOMODITI KORPORA Tbk,HARTO,Individual,L,INDONESIAN,INDONESIA,235086200,0,235086200,16.34
30-Jun-2026,INCF,INDO KOMODITI KORPORA Tbk,AGUS SUPUTRAYASA,Individual,L,INDONESIAN,INDONESIA,15000000,0,15000000,1.04
30-Jun-2026,INCF,INDO KOMODITI KORPORA Tbk,"AGUSTIN, SE",Individual,L,INDONESIAN,INDONESIA,15010000,0,15010000,1.04
30-Jun-2026,INCI,INTANWIJAYA INTERNASIONAL Tbk,ZAINAP TANMIZI,Individual,L,INDONESIAN,INDONESIA,9251738,0,9251738,4.46
30-Jun-2026,INCI,INTANWIJAYA INTERNASIONAL Tbk,KEVIN TIRTA TANUJAYA,Individual,L,INDONESIAN,INDONESIA,3745600,0,3745600,1.8
30-Jun-2026,INCI,INTANWIJAYA INTERNASIONAL Tbk,ANDY TANUJAYA,Individual,L,INDONESIAN,INDONESIA,10378800,0,10378800,5.0
30-Jun-2026,INCI,INTANWIJAYA INTERNASIONAL Tbk,SUNTOSO JACOB,Individual,L,INDONESIAN,INDONESIA,9685083,0,9685083,4.66
30-Jun-2026,INCI,INTANWIJAYA INTERNASIONAL Tbk,ROBERT TANMIZI,Individual,L,INDONESIAN,INDONESIA,31878062,0,31878062,15.35
30-Jun-2026,INCI,INTANWIJAYA INTERNASIONAL Tbk,WANDI WIJAYA,Individual,L,INDONESIAN,INDONESIA,2618363,0,2618363,1.26
30-Jun-2026,INCI,INTANWIJAYA INTERNASIONAL Tbk,TAMZIL TANMIZI,Individual,L,INDONESIAN,INDONESIA,39048885,0,39048885,18.8
30-Jun-2026,INCI,INTANWIJAYA INTERNASIONAL Tbk,ANNIE TANMIZI,Individual,L,INDONESIAN,,9251738,0,9251738,4.46
30-Jun-2026,INCI,INTANWIJAYA INTERNASIONAL Tbk,MICHELLE TANMIZI,Individual,L,INDONESIAN,INDONESIA,9251738,0,9251738,4.46
30-Jun-2026,INCI,INTANWIJAYA INTERNASIONAL Tbk,DIANDRA TANMIZI,Individual,L,INDONESIAN,INDONESIA,9251738,0,9251738,4.46
30-Jun-2026,INCI,INTANWIJAYA INTERNASIONAL Tbk,TAZRAN TANMIZI,Individual,L,INDONESIAN,INDONESIA,35720918,0,35720918,17.2
30-Jun-2026,INCI,INTANWIJAYA INTERNASIONAL Tbk,SURONO SUBEKTI,Individual,L,INDONESIAN,INDONESIA,3623530,0,3623530,1.74
30-Jun-2026,INCO,VALE INDONESIA Tbk,PERUSAHAAN PERSEROAN (PERSERO) PT MINERAL INDUSTRI INDONESIA,State Owned Enterprises,L,,INDONESIA,3583533690,0,3583533690,34.0
30-Jun-2026,INCO,VALE INDONESIA Tbk,VALE CANADA LIMITED,Corporate,F,,CANADA,3570993764,0,3570993764,33.88
30-Jun-2026,INCO,VALE INDONESIA Tbk,"SUMITOMO METAL MINING CO.,LTD.",Corporate,F,,JAPAN,1210370563,0,1210370563,11.48
30-Jun-2026,INCO,VALE INDONESIA Tbk,MORGAN STANLEY AND CO INTERNATIONAL PLC,Corporate,F,,UNITED KINGDOM,162562800,0,162562800,1.54
30-Jun-2026,INCO,VALE INDONESIA Tbk,DJS KETENAGAKERJAAN PROGRAM JAMINAN HARI TUA,State Owned Enterprises,L,,INDONESIA,237247633,0,237247633,2.25
30-Jun-2026,INCO,VALE INDONESIA Tbk,GOVERNMENT OF NORWAY,Sovereign Wealth Fund,F,,NORWAY,120005784,0,120005784,1.14
30-Jun-2026,INCO,VALE INDONESIA Tbk,EMPLOYEES PROVIDENT FUND BOARD,Pension Funds,F,,MALAYSIA,232788700,0,232788700,2.21
30-Jun-2026,INDF,INDOFOOD SUKSES MAKMUR Tbk,Equity Bloom Limited,Corporate,F,,"VIRGIN ISLANDS, BRITISH",435190706,0,435190706,4.96
30-Jun-2026,INDF,INDOFOOD SUKSES MAKMUR Tbk,FIRST PACIFIC INVESTMENT MANAGEMENT LTD,Corporate,F,,,0,4396103450,4396103450,50.07
30-Jun-2026,INDF,INDOFOOD SUKSES MAKMUR Tbk,DEUTSCHE BK AG (PRIVATE BANKING) SPORE WM CLIENT,Bank,F,,SINGAPORE,135560600,0,135560600,1.54
30-Jun-2026,INDF,INDOFOOD SUKSES MAKMUR Tbk,DJS KETENAGAKERJAAN PROGRAM JAMINAN HARI TUA,State Owned Enterprises,L,,INDONESIA,328290631,0,328290631,3.74
30-Jun-2026,INDF,INDOFOOD SUKSES MAKMUR Tbk,BRANDES INTERNATIONAL SMALL CAP EQUITY FUND,Mutual Funds,F,,UNITED STATES,98471800,0,98471800,1.12
30-Jun-2026,INDF,INDOFOOD SUKSES MAKMUR Tbk,FIDELITY FUNDS,Mutual Funds,F,,LUXEMBOURG,113219500,0,113219500,1.29
30-Jun-2026,INDF,INDOFOOD SUKSES MAKMUR Tbk,RANMORE GLOBAL EQUITY FUND PLC,Mutual Funds,F,,IRELAND,118582800,0,118582800,1.35
30-Jun-2026,INDF,INDOFOOD SUKSES MAKMUR Tbk,UTAH STATE RETIREMENT SYSTEMS,Pension Funds,F,,UNITED STATES,92832800,0,92832800,1.06
30-Jun-2026,INDO,ROYALINDO INVESTA WIJAYA Tbk,IBRAHIM SOEMEDI,Individual,L,INDONESIAN,INDONESIA,83960000,586040000,670000000,14.95
30-Jun-2026,INDO,ROYALINDO INVESTA WIJAYA Tbk,HERMAN  SOEMEDI,Individual,L,INDONESIAN,INDONESIA,83960000,586040000,670000000,14.95
30-Jun-2026,INDO,ROYALINDO INVESTA WIJAYA Tbk,"KO, SUGIARTO",Individual,L,INDONESIAN,INDONESIA,0,586040000,586040000,13.08
30-Jun-2026,INDO,ROYALINDO INVESTA WIJAYA Tbk,LESLIE SOEMEDI,Individual,L,INDONESIAN,INDONESIA,305427600,1137600000,1443027600,32.21
30-Jun-2026,INDO,ROYALINDO INVESTA WIJAYA Tbk,IBNU RAMADHAN,Individual,L,INDONESIAN,INDONESIA,50118100,0,50118100,1.12
30-Jun-2026,INDO,ROYALINDO INVESTA WIJAYA Tbk,NEVIN SOEMEDI,Individual,L,INDONESIAN,INDONESIA,6645800,551560000,558205800,12.46
30-Jun-2026,INDO,ROYALINDO INVESTA WIJAYA Tbk,IRSYAD HANIF,Individual,L,INDONESIAN,INDONESIA,148540700,0,148540700,3.32
30-Jun-2026,INDR,INDO-RAMA SYNTHETICS Tbk,Irama Investama PT,Corporate,L,,,0,163600000,163600000,25.0
30-Jun-2026,INDR,INDO-RAMA SYNTHETICS Tbk,BANK OF SINGAPORE LIMITED,Private Bank,F,,SINGAPORE,14438900,0,14438900,2.21
30-Jun-2026,INDR,INDO-RAMA SYNTHETICS Tbk,INDORAMA HOLDINGS B.V.,,F,,NETHERLANDS,0,440241050,440241050,67.28
30-Jun-2026,INDS,INDOSPRING Tbk,"PRIMA GRAHA HIBURAN,PT",Corporate,L,,INDONESIA,139369800,0,139369800,2.12
30-Jun-2026,INDS,INDOSPRING Tbk,INDOPRIMA GEMILANG,Corporate,L,,INDONESIA,5782102070,0,5782102070,88.11
30-Jun-2026,INDS,INDOSPRING Tbk,SWISS LIFE (SINGAPORE) PTE.LTD.,Insurance,F,,SINGAPORE,321500000,0,321500000,4.9
30-Jun-2026,INDX,TANAH LAUT Tbk,HEYDAY INVESTMENT LIMITED,Investment Advisors,F,,SINGAPORE,101720239,0,101720239,23.23
30-Jun-2026,INDX,TANAH LAUT Tbk,EQUATOREX SDN BHD,Investment Advisors,F,,MALAYSIA,133540141,0,133540141,30.49
30-Jun-2026,INDX,TANAH LAUT Tbk,BANK OF SINGAPORE LIMITED,Private Bank,F,,SINGAPORE,6008500,0,6008500,1.37
30-Jun-2026,INDY,INDIKA ENERGY Tbk,PT TELADAN RESOURCES,Firm,L,,INDONESIA,1463155591,0,1463155591,28.08
30-Jun-2026,INDY,INDIKA ENERGY Tbk,INDIKA INTI INVESTINDO,Firm,L,,INDONESIA,1968882699,0,1968882699,37.79
30-Jun-2026,INDY,INDIKA ENERGY Tbk,EDDY JUNAEDY DANU,Individual,L,INDONESIAN,INDONESIA,66670500,0,66670500,1.28
30-Jun-2026,INDY,INDIKA ENERGY Tbk,F. IRENE FANCY,Individual,L,INDONESIAN,INDONESIA,103990000,0,103990000,2.0
30-Jun-2026,INDY,INDIKA ENERGY Tbk,WADYONO  SULIANTORO WIRJOMIHARDJO,Individual,L,INDONESIAN,INDONESIA,72527000,0,72527000,1.39
30-Jun-2026,INDY,INDIKA ENERGY Tbk,PANDRI PRABONO-MOELYO,Individual,L,INDONESIAN,INDONESIA,265408700,0,265408700,5.09
30-Jun-2026,INDY,INDIKA ENERGY Tbk,PT. AIA FINANCIAL,Insurance,L,,INDONESIA,92824000,0,92824000,1.78
30-Jun-2026,INET,SINERGI INTI ANDALAN PRIMA Tbk,PT ABADI KREASI UNGGUL NUSANTARA,Corporate,L,,INDONESIA,13373689331,0,13373689331,59.77
30-Jun-2026,INKP,INDAH KIAT PULP AND PAPER Tbk,PT LANGGENG MURNI LAKSANA,Corporate,L,,INDONESIA,154682426,0,154682426,2.83
30-Jun-2026,INKP,INDAH KIAT PULP AND PAPER Tbk,PT PORTGATE ASET INDONESIA,Corporate,L,,INDONESIA,267432846,0,267432846,4.89
30-Jun-2026,INKP,INDAH KIAT PULP AND PAPER Tbk,PT APP PURINUSA EKAPERSADA,Corporate,L,,INDONESIA,944438738,2245705760,3190144498,58.31
30-Jun-2026,INKP,INDAH KIAT PULP AND PAPER Tbk,MAYFIELD INVESTMENT LTD,Corporate,F,,MAURITIUS,74221901,0,74221901,1.36
30-Jun-2026,INKP,INDAH KIAT PULP AND PAPER Tbk,BROADBAND GLOBAL PARTNERS INC.,Investment Advisors,F,,"VIRGIN ISLANDS, BRITISH",239017039,0,239017039,4.37
30-Jun-2026,INKP,INDAH KIAT PULP AND PAPER Tbk,CASCADEN INVESTMENT LIMITED,Investment Advisors,F,,"VIRGIN ISLANDS, BRITISH",122082449,0,122082449,2.23
30-Jun-2026,INKP,INDAH KIAT PULP AND PAPER Tbk,BANK OF SINGAPORE LIMITED,Private Bank,F,,SINGAPORE,131698200,0,131698200,2.41
30-Jun-2026,INKP,INDAH KIAT PULP AND PAPER Tbk,BAMBANG SIHONO,Individual,L,INDONESIAN,INDONESIA,59570600,0,59570600,1.09
30-Jun-2026,INOV,INOCYCLE TECHNOLOGY GROUP Tbk,SAMUDERA INDUSTRI PT,Firm,L,,INDONESIA,1200221900,0,1200221900,66.38
30-Jun-2026,INOV,INOCYCLE TECHNOLOGY GROUP Tbk,KINGSWOOD UNION CORPORATION,Private Equity,F,,SINGAPORE,28071000,0,28071000,1.55
30-Jun-2026,INOV,INOCYCLE TECHNOLOGY GROUP Tbk,SANDIANA SOEMARKO,Individual,L,INDONESIAN,INDONESIA,181625000,0,181625000,10.04
30-Jun-2026,INOV,INOCYCLE TECHNOLOGY GROUP Tbk,JUNG HYO CHOI,Individual,F,SOUTH KOREAN,INDONESIA,35489900,0,35489900,1.96
30-Jun-2026,INOV,INOCYCLE TECHNOLOGY GROUP Tbk,SHINHAN INVESTMENT CORP,Securities Company,F,,"KOREA, REPUBLIC OF",44657700,0,44657700,2.47
30-Jun-2026,INPC,BANK ARTHA GRAHA INTERNASIONAL Tbk,PT ARTHA GRAHA NETWORK,Corporate,L,,INDONESIA,575747720,558869310,1134617030,5.61
30-Jun-2026,INPC,BANK ARTHA GRAHA INTERNASIONAL Tbk,PT ARTHAMULIA SENTOSAJAYA,Corporate,L,,INDONESIA,8693510,830745581,839439091,4.15
30-Jun-2026,INPC,BANK ARTHA GRAHA INTERNASIONAL Tbk,PT CAKRA INTI UTAMA,Corporate,L,,INDONESIA,440919579,2467990263,2908909842,14.38
30-Jun-2026,INPC,BANK ARTHA GRAHA INTERNASIONAL Tbk,PT PERSADA INDAH RAYA,Corporate,L,,INDONESIA,402364605,0,402364605,1.99
30-Jun-2026,INPC,BANK ARTHA GRAHA INTERNASIONAL Tbk,PT NUANSA INDAH RAYA,Corporate,L,,INDONESIA,402364605,0,402364605,1.99
30-Jun-2026,INPC,BANK ARTHA GRAHA INTERNASIONAL Tbk,PT INDAH RAYA SEJAHTERA,Corporate,L,,INDONESIA,402364605,0,402364605,1.99
30-Jun-2026,INPC,BANK ARTHA GRAHA INTERNASIONAL Tbk,PT SEJATI INDAH RAYA,Corporate,L,,INDONESIA,402364604,0,402364604,1.99
30-Jun-2026,INPC,BANK ARTHA GRAHA INTERNASIONAL Tbk,PT PIRUS PLATINUM MURNI,Corporate,L,,INDONESIA,535709502,825529475,1361238977,6.73
30-Jun-2026,INPC,BANK ARTHA GRAHA INTERNASIONAL Tbk,PT PUSPITA BISNISPURI,Corporate,L,,INDONESIA,262383818,825529472,1087913290,5.38
30-Jun-2026,INPC,BANK ARTHA GRAHA INTERNASIONAL Tbk,"KARYA NUSANTARA PERMAI, PT",Corporate,L,,,0,712647774,712647774,3.52
30-Jun-2026,INPC,BANK ARTHA GRAHA INTERNASIONAL Tbk,PT RAYA PERDANA UTAMA,Corporate,L,,INDONESIA,422000000,0,422000000,2.09
30-Jun-2026,INPC,BANK ARTHA GRAHA INTERNASIONAL Tbk,PT LAYAR UNGGUL UTAMA,Corporate,L,,INDONESIA,423000000,0,423000000,2.09
30-Jun-2026,INPC,BANK ARTHA GRAHA INTERNASIONAL Tbk,PT LINTAS PERDANA KARYA,Corporate,L,,INDONESIA,423000000,0,423000000,2.09
30-Jun-2026,INPC,BANK ARTHA GRAHA INTERNASIONAL Tbk,PT ARYA KENCANA UTAMA,Corporate,L,,INDONESIA,537801500,0,537801500,2.66
30-Jun-2026,INPC,BANK ARTHA GRAHA INTERNASIONAL Tbk,PT GRAHA INOVASI UNGGUL,Corporate,L,,INDONESIA,1000000000,0,1000000000,4.94
30-Jun-2026,INPC,BANK ARTHA GRAHA INTERNASIONAL Tbk,PT CERANA ARTHAPUTRA,Corporate,L,,,0,1322157253,1322157253,6.54
30-Jun-2026,INPC,BANK ARTHA GRAHA INTERNASIONAL Tbk,PT ARTHA NUANSA UTAMA,Corporate,L,,INDONESIA,450000000,0,450000000,2.23
30-Jun-2026,INPC,BANK ARTHA GRAHA INTERNASIONAL Tbk,PT PERSADA ANUGERAH MAKMUR,Corporate,L,,INDONESIA,450000000,0,450000000,2.23
30-Jun-2026,INPC,BANK ARTHA GRAHA INTERNASIONAL Tbk,RAFFLES PLACE HOTEL LIMITED,Corporate,F,,,0,364864293,364864293,1.8
30-Jun-2026,INPC,BANK ARTHA GRAHA INTERNASIONAL Tbk,RANGE TRADER LIMITED,Corporate,F,,,0,247747747,247747747,1.23
30-Jun-2026,INPC,BANK ARTHA GRAHA INTERNASIONAL Tbk,KTM LAND INVESTMENT CORPORATION,Corporate,F,,,0,242398118,242398118,1.2
30-Jun-2026,INPC,BANK ARTHA GRAHA INTERNASIONAL Tbk,NEW FERRA INTERNATIONAL LIMITED,Corporate,F,,,0,203547830,203547830,1.01
30-Jun-2026,INPC,BANK ARTHA GRAHA INTERNASIONAL Tbk,NEW CLASSIQUE INVESTMENT GROUP LIMITED,Corporate,F,,,0,292792792,292792792,1.45
30-Jun-2026,INPC,BANK ARTHA GRAHA INTERNASIONAL Tbk,CGS INTERNATIONAL SECURITIES SINGAPORE PTE LTD,Private Bank,F,,SINGAPORE,950000100,0,950000100,4.7
30-Jun-2026,INPC,BANK ARTHA GRAHA INTERNASIONAL Tbk,Sugianto Kusuma,Individual,L,INDONESIAN,,450450450,0,450450450,2.23
30-Jun-2026,INPC,BANK ARTHA GRAHA INTERNASIONAL Tbk,GEMILANG INTI PERSADA,,,,,0,784804563,784804563,3.88
30-Jun-2026,INPC,BANK ARTHA GRAHA INTERNASIONAL Tbk,DBS VICKERS SECS SINGAPORE (PTE) LTD A/C CLIENTS,Securities Company,F,,SINGAPORE,318464318,0,318464318,1.57
30-Jun-2026,INPC,BANK ARTHA GRAHA INTERNASIONAL Tbk,UOB KAY HIAN PTE LTD,Securities Company,F,,SINGAPORE,338655399,0,338655399,1.67
30-Jun-2026,INPP,INDONESIAN PARADISE PROPERTY Tbk,PT KARYA HARMONI LESTARI,Corporate,L,,INDONESIA,183400000,0,183400000,1.64
30-Jun-2026,INPP,INDONESIAN PARADISE PROPERTY Tbk,PT PROPERTINDO PRIMA INVESTAMA,Investment Advisors,L,,INDONESIA,1118197174,0,1118197174,10.0
30-Jun-2026,INPP,INDONESIAN PARADISE PROPERTY Tbk,GRAHATAMA KREASIBARU,Corporate,L,,INDONESIA,4041653709,0,4041653709,36.14
30-Jun-2026,INPP,INDONESIAN PARADISE PROPERTY Tbk,ELYSIUM INVESTMENT PARTNERS LTD,Private Equity,F,,"VIRGIN ISLANDS, BRITISH",956287938,0,956287938,8.55
30-Jun-2026,INPP,INDONESIAN PARADISE PROPERTY Tbk,TREE OF BLESSING PTE. LTD.,Private Bank,F,,SINGAPORE,3147549873,0,3147549873,28.15
30-Jun-2026,INPP,INDONESIAN PARADISE PROPERTY Tbk,CGS INTERNATIONAL SECURITIES SINGAPORE PTE LTD,Private Bank,F,,SINGAPORE,872279000,0,872279000,7.8
30-Jun-2026,INPP,INDONESIAN PARADISE PROPERTY Tbk,UOB KAY HIAN PTE LTD,Securities Company,F,,SINGAPORE,529278600,0,529278600,4.73
30-Jun-2026,INPS,INDAH PRAKASA SENTOSA Tbk,GRAHA INTI GUNA PERSADA PT,Corporate,L,,INDONESIA,568613000,0,568613000,87.48
30-Jun-2026,INPS,INDAH PRAKASA SENTOSA Tbk,MICHELLE ELWINDREF SETIAWAN,Individual,L,INDONESIAN,INDONESIA,7113500,0,7113500,1.09
30-Jun-2026,INPS,INDAH PRAKASA SENTOSA Tbk,REKSA DANA NARADA SAHAM INDONESIA,Mutual Funds,L,,INDONESIA,9293500,0,9293500,1.43
30-Jun-2026,INRU,TOBA PULP LESTARI Tbk,ALLIED HILL LIMITED,Investment Advisors,F,,HONG KONG,1285265467,0,1285265467,92.54
30-Jun-2026,INRU,TOBA PULP LESTARI Tbk,Diamond Flow Consultants Limited,Partnership,F,,,14205279,14472378,28677657,2.06
30-Jun-2026,INRU,TOBA PULP LESTARI Tbk,UOB KAY HIAN PTE LTD,Securities Company,F,,SINGAPORE,31480898,0,31480898,2.27
30-Jun-2026,INTA,INTRACO PENTA Tbk,PT. SHALUMINDO INVESTAMA,Corporate,L,,INDONESIA,325308789,0,325308789,9.73
30-Jun-2026,INTA,INTRACO PENTA Tbk,SPALLINDO  ADILONG PT,Corporate,L,,INDONESIA,348545132,0,348545132,10.42
30-Jun-2026,INTA,INTRACO PENTA Tbk,"HP CAPITAL RESOURCES, PT",Corporate,L,,INDONESIA,51261800,0,51261800,1.53
30-Jun-2026,INTA,INTRACO PENTA Tbk,PT CLARINDOTAMA PERDANA,Corporate,L,,INDONESIA,38419600,0,38419600,1.15
30-Jun-2026,INTA,INTRACO PENTA Tbk,ADHIGUNA PRAKASA,Individual,L,INDONESIAN,INDONESIA,62291588,0,62291588,1.86
30-Jun-2026,INTA,INTRACO PENTA Tbk,LONG FIRDAUS,Individual,L,INDONESIAN,INDONESIA,54221488,0,54221488,1.62
30-Jun-2026,INTA,INTRACO PENTA Tbk,JEFFREY POERNAMA,Individual,L,INDONESIAN,INDONESIA,48000000,0,48000000,1.44
30-Jun-2026,INTA,INTRACO PENTA Tbk,SETIAWATI KUSUMA,Individual,L,INDONESIAN,INDONESIA,31359030,40000000,71359030,2.13
30-Jun-2026,INTA,INTRACO PENTA Tbk,JIMMY HALIM,Individual,L,INDONESIAN,INDONESIA,261866010,323260400,585126410,17.5
30-Jun-2026,INTA,INTRACO PENTA Tbk,SELVIA SASONGKO,Individual,L,INDONESIAN,INDONESIA,72647000,0,72647000,2.17
30-Jun-2026,INTA,INTRACO PENTA Tbk,JUNAEDY TANUJAYA,Individual,L,INDONESIAN,INDONESIA,38752600,0,38752600,1.16
30-Jun-2026,INTA,INTRACO PENTA Tbk,GITHA SUSILO,Individual,L,INDONESIAN,INDONESIA,133677250,0,133677250,4.0
30-Jun-2026,INTA,INTRACO PENTA Tbk,PETRUS HALIM,Individual,L,INDONESIAN,INDONESIA,698657928,68000000,766657928,22.93
30-Jun-2026,INTA,INTRACO PENTA Tbk,GUNADHI DHARMAWAN LESMANA,Individual,L,INDONESIAN,INDONESIA,103553300,0,103553300,3.1
30-Jun-2026,INTA,INTRACO PENTA Tbk,FERRY SUDJONO,Individual,L,INDONESIAN,INDONESIA,115421400,0,115421400,3.45
30-Jun-2026,INTA,INTRACO PENTA Tbk,HALEX HALIM,,,,,0,67751100,67751100,2.03
30-Jun-2026,INTA,INTRACO PENTA Tbk,RELIANCEVER HOLDINGS INC,Corporate,F,,"VIRGIN ISLANDS, BRITISH",53470400,0,53470400,1.6
30-Jun-2026,INTD,INTER DELTA Tbk,PT SASANANEKA TUNGGALNUSA,Corporate,L,,INDONESIA,7000000,0,7000000,1.18
30-Jun-2026,INTD,INTER DELTA Tbk,PEAK AIM DEVELOPMENT LTD,Corporate,F,,BRITISH INDIAN OCEAN TERRITORY,323940000,0,323940000,54.74
30-Jun-2026,INTD,INTER DELTA Tbk,NATASHA LESMANA,Individual,L,INDONESIAN,INDONESIA,57644500,0,57644500,9.74
30-Jun-2026,INTD,INTER DELTA Tbk,Raymond  Rianto .S,Individual,L,INDONESIAN,,6352500,0,6352500,1.07
30-Jun-2026,INTD,INTER DELTA Tbk,IE KENG SIANG,Individual,L,INDONESIAN,INDONESIA,7500000,0,7500000,1.27
30-Jun-2026,INTD,INTER DELTA Tbk,KARNA  BRATA LESMANA,Individual,L,INDONESIAN,INDONESIA,127754220,5750000,133504220,22.56
30-Jun-2026,INTD,INTER DELTA Tbk,LINDA HELIANI LESMANA,Individual,L,INDONESIAN,GREENLAND,8240900,0,8240900,1.39
30-Jun-2026,INTD,INTER DELTA Tbk,TAHAR INDERADJAJANATA,,,,,0,6000000,6000000,1.01
30-Jun-2026,INTP,INDOCEMENT TUNGGAL PRAKARSA Tbk,PT. Indocement Tunggal Prakarsa Tbk,Corporate,L,,INDONESIA,231878600,0,231878600,6.6
30-Jun-2026,INTP,INDOCEMENT TUNGGAL PRAKARSA Tbk,Treasure East Investments Limited,Corporate,F,,"VIRGIN ISLANDS, BRITISH",125892794,0,125892794,3.58
30-Jun-2026,INTP,INDOCEMENT TUNGGAL PRAKARSA Tbk,PARALLAX VENTURE PARTNERS XXX LTD,Corporate,F,,"VIRGIN ISLANDS, BRITISH",87500000,0,87500000,2.49
30-Jun-2026,INTP,INDOCEMENT TUNGGAL PRAKARSA Tbk,Heidelberg Materials AG,Corporate,F,,GERMANY,1877480863,0,1877480863,53.4
30-Jun-2026,INTP,INDOCEMENT TUNGGAL PRAKARSA Tbk,Dornier Profits Limited,Corporate,F,,"VIRGIN ISLANDS, BRITISH",132702142,0,132702142,3.77
30-Jun-2026,INTP,INDOCEMENT TUNGGAL PRAKARSA Tbk,ING BANK NV SG BRANCH S/A POWERSIDE INVESTMENTS LIMITED,Corporate,F,,"VIRGIN ISLANDS, BRITISH",78635898,0,78635898,2.24
30-Jun-2026,INTP,INDOCEMENT TUNGGAL PRAKARSA Tbk,DEUTSCHE BK AG (PRIVATE BANKING) SPORE WM CLIENT,Bank,F,,SINGAPORE,55000000,0,55000000,1.56
30-Jun-2026,INTP,INDOCEMENT TUNGGAL PRAKARSA Tbk,DJS KETENAGAKERJAAN PROGRAM JAMINAN HARI TUA,State Owned Enterprises,L,,INDONESIA,102515700,0,102515700,2.92
30-Jun-2026,INTP,INDOCEMENT TUNGGAL PRAKARSA Tbk,PT TASPEN (PERSERO),State Owned Enterprises,L,,INDONESIA,35685500,0,35685500,1.02
30-Jun-2026,IOTF,SUMBER SINERGI MAKMUR Tbk,HANS DEMAS KOSASIH,Individual,L,INDONESIAN,INDONESIA,94154100,0,94154100,1.78
30-Jun-2026,IOTF,SUMBER SINERGI MAKMUR Tbk,ALAMSYAH,Individual,L,INDONESIAN,INDONESIA,987500000,1567500000,2555000000,48.3
30-Jun-2026,IOTF,SUMBER SINERGI MAKMUR Tbk,GRACIA PUSPITA SUCIONO,Individual,L,INDONESIAN,INDONESIA,0,1045000000,1045000000,19.75
30-Jun-2026,IPAC,ERA GRAHAREALTY Tbk,APAC INVESTMENT 2 PTE LTD,Private Equity,F,,SINGAPORE,860562600,0,860562600,90.6
30-Jun-2026,IPAC,ERA GRAHAREALTY Tbk,ONG BOO CHOON,Individual,F,SINGAPOREAN,SINGAPORE,25464700,0,25464700,2.68
30-Jun-2026,IPAC,ERA GRAHAREALTY Tbk,UOB KAY HIAN PTE LTD,Securities Company,F,,SINGAPORE,46000000,0,46000000,4.84
30-Jun-2026,IPCC,INDONESIA KENDARAAN TERMINAL Tbk,PT. PELABUHAN INDONESIA INVESTAMA,State Owned Enterprises,L,,INDONESIA,100682600,0,100682600,5.54
30-Jun-2026,IPCC,INDONESIA KENDARAAN TERMINAL Tbk,PELINDO MULTI TERMINAL,,,,,0,1296144749,1296144749,71.28
30-Jun-2026,IPCM,JASA ARMADA INDONESIA Tbk,PT. PELABUHAN INDONESIA INVESTAMA,State Owned Enterprises,L,,INDONESIA,569551400,0,569551400,10.78
30-Jun-2026,IPCM,JASA ARMADA INDONESIA Tbk,PT PELINDO JASA MARITIM,,,,,0,4063504600,4063504600,76.89
30-Jun-2026,IPCM,JASA ARMADA INDONESIA Tbk,PT TASPEN (PERSERO),State Owned Enterprises,L,,INDONESIA,58491100,0,58491100,1.11
30-Jun-2026,IPCM,JASA ARMADA INDONESIA Tbk,PT ASURANSI KERUGIAN JASA RAHARJA,State Owned Enterprises,L,,INDONESIA,211447400,0,211447400,4.0
30-Jun-2026,IPOL,INDOPOLY SWAKARSA INDUSTRY Tbk,PT. HOKI INVESTASI SEJATI,Corporate,L,,INDONESIA,331706700,0,331706700,5.15
30-Jun-2026,IPOL,INDOPOLY SWAKARSA INDUSTRY Tbk,PT SUPERNOVA FLEXIBLE PACKAGING,Corporate,L,,INDONESIA,1104273000,745258010,1849531010,28.7
30-Jun-2026,IPOL,INDOPOLY SWAKARSA INDUSTRY Tbk,PT.MITRA SUKSES BERSAMA MANDIRI,Corporate,L,,INDONESIA,107766000,0,107766000,1.67
30-Jun-2026,IPOL,INDOPOLY SWAKARSA INDUSTRY Tbk,NOBLE OX INTERNATIONAL LTD,Corporate,F,,,0,1491910560,1491910560,23.15
30-Jun-2026,IPOL,INDOPOLY SWAKARSA INDUSTRY Tbk,JEFFLYNE GOLDEN HOLDINGS PTE LTD,Corporate,F,,,0,1903153710,1903153710,29.54
30-Jun-2026,IPOL,INDOPOLY SWAKARSA INDUSTRY Tbk,UBS AG SINGAPORE BRANCH,Private Bank,F,,SINGAPORE,227719000,0,227719000,3.53
30-Jun-2026,IPPE,INDO PURECO PRATAMA Tbk,"LEMBUR SADAYA INVESTAMA, PT",Corporate,L,,INDONESIA,1620000000,0,1620000000,35.22
30-Jun-2026,IPPE,INDO PURECO PRATAMA Tbk,PT BERKAH MULTI BETON,Corporate,L,,INDONESIA,46400000,0,46400000,1.01
30-Jun-2026,IPPE,INDO PURECO PRATAMA Tbk,PT SUMBER SENTOSA ADIKARYA,Corporate,L,,INDONESIA,280000000,0,280000000,6.09
30-Jun-2026,IPPE,INDO PURECO PRATAMA Tbk,PT PENDANAAN EFEK INDONESIA,Capital Market Supporting Institutions And Professions,L,,INDONESIA,215292200,0,215292200,4.68
30-Jun-2026,IPPE,INDO PURECO PRATAMA Tbk,PT.CIPTA IHYA NUSANTARA,Corporate,L,,INDONESIA,60000000,0,60000000,1.3
30-Jun-2026,IPPE,INDO PURECO PRATAMA Tbk,EKO APRILIANTO,Individual,L,INDONESIAN,INDONESIA,76816400,0,76816400,1.67
30-Jun-2026,IPPE,INDO PURECO PRATAMA Tbk,UJANG ROJIMAN,Individual,L,INDONESIAN,INDONESIA,100959100,0,100959100,2.19
30-Jun-2026,IPPE,INDO PURECO PRATAMA Tbk,MUHAMMAD KHAIDAR ASFAT,Individual,L,INDONESIAN,INDONESIA,66250600,0,66250600,1.44
30-Jun-2026,IPPE,INDO PURECO PRATAMA Tbk,MUHAMMAD SAUFI AFLIGA,Individual,L,INDONESIAN,INDONESIA,99484800,0,99484800,2.16
30-Jun-2026,IPPE,INDO PURECO PRATAMA Tbk,HENRY SINANTA,Individual,L,INDONESIAN,INDONESIA,146888800,0,146888800,3.19
30-Jun-2026,IPPE,INDO PURECO PRATAMA Tbk,ASEP SULAEMAN SABANDA,Individual,L,INDONESIAN,INDONESIA,239705900,0,239705900,5.21
30-Jun-2026,IPPE,INDO PURECO PRATAMA Tbk,AGNES DYKE PEKERTI,Individual,L,INDONESIAN,INDONESIA,56882900,0,56882900,1.24
30-Jun-2026,IPTV,MNC VISION NETWORKS Tbk,PT GLOBAL MEDIACOM TBK,Corporate,L,,INDONESIA,26485731319,0,26485731319,62.77
30-Jun-2026,IPTV,MNC VISION NETWORKS Tbk,INFOKOM ELEKTRINDO PT,Corporate,L,,INDONESIA,1086000000,0,1086000000,2.57
30-Jun-2026,IPTV,MNC VISION NETWORKS Tbk,STARLIGHT LTD,Sole Proprietorship,F,,UNITED ARAB EMIRATES,745452600,0,745452600,1.77
30-Jun-2026,IPTV,MNC VISION NETWORKS Tbk,LITERATI CAPITAL INVESTMENTS LIMITED,Investment Advisors,F,,"VIRGIN ISLANDS, BRITISH",733514222,0,733514222,1.74
30-Jun-2026,IPTV,MNC VISION NETWORKS Tbk,SCOTTS CAPITAL INVESTMENT CORPORATION,Investment Advisors,F,,SEYCHELLES,474698900,0,474698900,1.12
30-Jun-2026,IPTV,MNC VISION NETWORKS Tbk,IRAWAN HOSEA,Individual,L,INDONESIAN,INDONESIA,874605600,0,874605600,2.07
30-Jun-2026,IPTV,MNC VISION NETWORKS Tbk,RELIANCEVER HOLDINGS INC,Corporate,F,,"VIRGIN ISLANDS, BRITISH",710350745,0,710350745,1.68
30-Jun-2026,IPTV,MNC VISION NETWORKS Tbk,SMART EMPIRE GROUP LTD,Partnership,F,,"VIRGIN ISLANDS, BRITISH",633541200,0,633541200,1.5
30-Jun-2026,IPTV,MNC VISION NETWORKS Tbk,Meivel Holdings Corporation,Partnership,F,,BRITISH INDIAN OCEAN TERRITORY,1311468300,0,1311468300,3.11
30-Jun-2026,IPTV,MNC VISION NETWORKS Tbk,UOB KAY HIAN (HONG KONG) LTD,Securities Company,F,,HONG KONG,2808673600,0,2808673600,6.66
30-Jun-2026,IRRA,ITAMA RANORAYA Tbk,PT GLOBAL DINAMIKA KENCANA,Corporate,L,,INDONESIA,1260502200,0,1260502200,78.78
30-Jun-2026,IRRA,ITAMA RANORAYA Tbk,PT NEUMEDIK JAYA,Corporate,L,,INDONESIA,19461675,0,19461675,1.22
30-Jun-2026,IRRA,ITAMA RANORAYA Tbk,PT ITAMA RANORAYA TBK,Corporate,L,,INDONESIA,92182600,0,92182600,5.76
30-Jun-2026,IRRA,ITAMA RANORAYA Tbk,PT GLOBAL DINAMIKA KENCANA SINGAPORE PTE. LTD.,Corporate,F,,SINGAPORE,43078525,0,43078525,2.69
30-Jun-2026,IRSX,FOLAGO GLOBAL NUSANTARA Tbk,PT MATRA TRI ABADI,Corporate,L,,INDONESIA,3961527100,0,3961527100,63.95
30-Jun-2026,IRSX,FOLAGO GLOBAL NUSANTARA Tbk,MARLA ANGELINA,Individual,L,INDONESIAN,INDONESIA,121704200,0,121704200,1.96
30-Jun-2026,IRSX,FOLAGO GLOBAL NUSANTARA Tbk,TAN KARYANTO,Individual,L,INDONESIAN,INDONESIA,100752400,0,100752400,1.63
30-Jun-2026,IRSX,FOLAGO GLOBAL NUSANTARA Tbk,ADITYA HARTAWAN,Individual,L,INDONESIAN,INDONESIA,102829600,0,102829600,1.66
30-Jun-2026,ISAP,ISRA PRESISI INDONESIA Tbk,PT. DUA PUTRA BERSINERGI,Corporate,L,,INDONESIA,2025940000,0,2025940000,50.39
30-Jun-2026,ISAP,ISRA PRESISI INDONESIA Tbk,DRS LALU MARA SATRIAWANGSA,Individual,L,INDONESIAN,INDONESIA,66400000,0,66400000,1.65
30-Jun-2026,ISAT,INDOSAT Tbk,PT TIGA TELEKOMUNIKASI INDONESIA,Corporate,L,,INDONESIA,2687020352,0,2687020352,8.33
30-Jun-2026,ISAT,INDOSAT Tbk,PT PERUSAHAAN PENGELOLA ASET,State Owned Enterprises,L,,INDONESIA,3106499996,0,3106499996,9.63
30-Jun-2026,ISAT,INDOSAT Tbk,NS INDIGO 3 LIMITED,Firm,F,,CAYMAN ISLANDS,523440000,0,523440000,1.62
30-Jun-2026,ISAT,INDOSAT Tbk,LETKO BROSSEAU EMERGING MARKETS EQUITY FUND,Mutual Funds,F,,CANADA,331802825,0,331802825,1.03
30-Jun-2026,ISAT,INDOSAT Tbk,FIDELITY FUNDS,Mutual Funds,F,,LUXEMBOURG,506444500,0,506444500,1.57
30-Jun-2026,ISAT,INDOSAT Tbk,SMALLCAP WORLD FUND INC.,Mutual Funds,F,,UNITED STATES,436531657,0,436531657,1.35
30-Jun-2026,ISAT,INDOSAT Tbk,OOREDOO HUTCHISON ASIA PTE. LTD.,Partnership,F,,SINGAPORE,21170843008,0,21170843008,65.64
30-Jun-2026,ISAT,INDOSAT Tbk,EMPLOYEES PROVIDENT FUND BOARD,Pension Funds,F,,MALAYSIA,432036100,0,432036100,1.34
30-Jun-2026,ISEA,INDO AMERICAN SEAFOODS Tbk,"INDO AMERICAN FOODS, PT",Corporate,L,,,0,962500000,962500000,69.24
30-Jun-2026,ISEA,INDO AMERICAN SEAFOODS Tbk,SAIMI SALEH,Individual,L,INDONESIAN,INDONESIA,0,82500000,82500000,5.94
30-Jun-2026,ISEA,INDO AMERICAN SEAFOODS Tbk,IBNU SYENA  ALFITRA,Individual,L,INDONESIAN,INDONESIA,402000,55000000,55402000,3.99
30-Jun-2026,ISEA,INDO AMERICAN SEAFOODS Tbk,SANTOSO CHALID,Individual,L,INDONESIAN,INDONESIA,28076500,0,28076500,2.02
30-Jun-2026,ISSP,STEEL PIPE INDUSTRY OF INDONESIA Tbk,PT CAKRA BHAKTI PARA PUTRA,Corporate,L,,INDONESIA,126271000,4020063930,4146334930,57.7
30-Jun-2026,ISSP,STEEL PIPE INDUSTRY OF INDONESIA Tbk,PT STEEL PIPE INDUSTRY OF INDONESIA TBK,Corporate,L,,INDONESIA,146409300,0,146409300,2.04
30-Jun-2026,ISSP,STEEL PIPE INDUSTRY OF INDONESIA Tbk,JFE STEEL CORPORATION,Firm,F,,JAPAN,106646860,0,106646860,1.48
30-Jun-2026,ISSP,STEEL PIPE INDUSTRY OF INDONESIA Tbk,DBS BANK LTD S/A PEMBERTON ASIAN OPPORTUNITIES FUND,Investment Advisors,F,,SINGAPORE,487740700,0,487740700,6.79
30-Jun-2026,ISSP,STEEL PIPE INDUSTRY OF INDONESIA Tbk,HSBC LTD-SINGAPORE BRANCH PRIVATE BANKING DIVISION ACCOUNT CLIENTS,Private Bank,F,,SINGAPORE,176383662,0,176383662,2.45
30-Jun-2026,ISSP,STEEL PIPE INDUSTRY OF INDONESIA Tbk,NATHANNIEL SEBASTHIAN,Individual,L,INDONESIAN,INDONESIA,355164422,0,355164422,4.94
30-Jun-2026,ISSP,STEEL PIPE INDUSTRY OF INDONESIA Tbk,HANDAJA SUSANTO,Individual,L,INDONESIAN,INDONESIA,327557100,0,327557100,4.56
30-Jun-2026,ISSP,STEEL PIPE INDUSTRY OF INDONESIA Tbk,LIE EFFENDI HARSONO,Individual,L,INDONESIAN,INDONESIA,158370000,0,158370000,2.2
30-Jun-2026,ISSP,STEEL PIPE INDUSTRY OF INDONESIA Tbk,NANCY MEISISCA HALIM,Individual,L,INDONESIAN,INDONESIA,89176100,0,89176100,1.24
30-Jun-2026,ISSP,STEEL PIPE INDUSTRY OF INDONESIA Tbk,IRAWANTY SUSANTO,Individual,L,INDONESIAN,INDONESIA,300024163,0,300024163,4.18
30-Jun-2026,ISSP,STEEL PIPE INDUSTRY OF INDONESIA Tbk,AHLI WARIS ALM THE TJAHJONO TEDJO KOESOEMO,,,,,0,126436750,126436750,1.76
30-Jun-2026,ITIC,INDONESIAN TOBACCO Tbk,DJONNY SAKSONO,Individual,L,INDONESIAN,INDONESIA,43570200,600660000,644230200,68.48
30-Jun-2026,ITIC,INDONESIAN TOBACCO Tbk,AMY VICTORIA CHAN,Individual,F,CANADIAN,SINGAPORE,35787300,0,35787300,3.8
30-Jun-2026,ITIC,INDONESIAN TOBACCO Tbk,DEREK LANGE,Individual,F,SINGAPOREAN,SINGAPORE,9702200,0,9702200,1.03
30-Jun-2026,ITIC,INDONESIAN TOBACCO Tbk,LILIK LIEK YANG CHAN,Individual,F,CANADIAN,CANADA,10664200,0,10664200,1.13
30-Jun-2026,ITIC,INDONESIAN TOBACCO Tbk,ANN JESSICA CHAN,Individual,F,CANADIAN,SINGAPORE,36586100,0,36586100,3.89
30-Jun-2026,ITIC,INDONESIAN TOBACCO Tbk,HERMINE CHAN PIK CHUAN,Individual,F,SINGAPOREAN,SINGAPORE,13227600,0,13227600,1.41
30-Jun-2026,ITIC,INDONESIAN TOBACCO Tbk,ANUGERAH INVESTINDO NUSANTARA PT,,L,,,0,66000000,66000000,7.02
30-Jun-2026,ITMA,SUMBER ENERGI ANDALAN Tbk,PT SOLUSI KARYA SUKSES,Corporate,L,,INDONESIA,10478900,0,10478900,1.05
30-Jun-2026,ITMA,SUMBER ENERGI ANDALAN Tbk,"BERSAMA JAYA SOLUSI, PT",Corporate,L,,INDONESIA,42327400,0,42327400,4.24
30-Jun-2026,ITMA,SUMBER ENERGI ANDALAN Tbk,PT DELTA ROYAL SEJAHTERA,Firm,L,,INDONESIA,29300000,0,29300000,2.93
30-Jun-2026,ITMA,SUMBER ENERGI ANDALAN Tbk,PT DANATAMA KAPITAL INVESTAMA,Corporate,L,,INDONESIA,21440900,0,21440900,2.15
30-Jun-2026,ITMA,SUMBER ENERGI ANDALAN Tbk,PT FERSINDO NUSA JAYA,Corporate,L,,INDONESIA,142526300,0,142526300,14.27
30-Jun-2026,ITMA,SUMBER ENERGI ANDALAN Tbk,PT TRUKINDO PERSADA SEJAHTERA,Firm,L,,INDONESIA,65465600,0,65465600,6.55
30-Jun-2026,ITMA,SUMBER ENERGI ANDALAN Tbk,PT FIRSTINDO FINANSIAL CORPORA,Corporate,L,,INDONESIA,17992700,0,17992700,1.8
30-Jun-2026,ITMA,SUMBER ENERGI ANDALAN Tbk,"Tesco International Capital, PT",Private Equity,L,,INDONESIA,25925695,0,25925695,2.6
30-Jun-2026,ITMA,SUMBER ENERGI ANDALAN Tbk,PT MAJUKARYA MANDIRI INDONESIA,Corporate,L,,INDONESIA,56717605,0,56717605,5.68
30-Jun-2026,ITMA,SUMBER ENERGI ANDALAN Tbk,PT ASTRINDO NUSANTARA INFRASTRUKTUR TBK,Corporate,L,,INDONESIA,418560000,0,418560000,41.9
30-Jun-2026,ITMA,SUMBER ENERGI ANDALAN Tbk,Zurich Assets International Ltd,Corporate,F,,CAPE VERDE,28934300,0,28934300,2.9
30-Jun-2026,ITMA,SUMBER ENERGI ANDALAN Tbk,BONAVENTURA LUKITA,Individual,L,INDONESIAN,INDONESIA,12087600,0,12087600,1.21
30-Jun-2026,ITMA,SUMBER ENERGI ANDALAN Tbk,PT DANATAMA MAKMUR SEKURITAS,Securities Company,L,,INDONESIA,37855400,0,37855400,3.79
30-Jun-2026,ITMG,INDO TAMBANGRAYA MEGAH Tbk,PT INDO TAMBANGRAYA MEGAH TBK,Corporate,L,,INDONESIA,27224700,0,27224700,2.41
30-Jun-2026,ITMG,INDO TAMBANGRAYA MEGAH Tbk,BANPU MINERALS (SINGAPORE)PRIVATE LIMITED,Corporate,F,,,0,736071000,736071000,65.14
30-Jun-2026,ITMG,INDO TAMBANGRAYA MEGAH Tbk,DJS KETENAGAKERJAAN PROGRAM JAMINAN HARI TUA,State Owned Enterprises,L,,INDONESIA,11847100,0,11847100,1.05
30-Jun-2026,ITMG,INDO TAMBANGRAYA MEGAH Tbk,DUNROSS AND CO SA SICAV SIF,Mutual Funds,F,,LUXEMBOURG,21700200,0,21700200,1.92
30-Jun-2026,JARR,JHONLIN AGRO RAYA Tbk,PT BARAMEGA CITRA MULIA PERSADA,Corporate,L,,INDONESIA,251353850,0,251353850,2.72
30-Jun-2026,JARR,JHONLIN AGRO RAYA Tbk,"JUNAIDI SH, LLM",Individual,L,INDONESIAN,INDONESIA,231272600,0,231272600,2.51
30-Jun-2026,JARR,JHONLIN AGRO RAYA Tbk,GT. DENNY RAMDHANI,Individual,L,INDONESIAN,INDONESIA,145666300,0,145666300,1.58
30-Jun-2026,JARR,JHONLIN AGRO RAYA Tbk,WELLY SUSANTO,Individual,L,INDONESIAN,INDONESIA,249398800,0,249398800,2.7
30-Jun-2026,JARR,JHONLIN AGRO RAYA Tbk,HARIONO,Individual,L,INDONESIAN,INDONESIA,100398550,0,100398550,1.09
30-Jun-2026,JARR,JHONLIN AGRO RAYA Tbk,ESHAN AGRO SENTOSA PT,,,,,0,7997556204,7997556204,86.64
30-Jun-2026,JAST,JASNITA TELEKOMINDO Tbk,PT JAST INFOTEK GRUP,Corporate,L,,INDONESIA,219941120,0,219941120,20.32
30-Jun-2026,JAST,JASNITA TELEKOMINDO Tbk,ANANTO,Individual,L,INDONESIAN,INDONESIA,13050600,0,13050600,1.21
30-Jun-2026,JAST,JASNITA TELEKOMINDO Tbk,KRISTINA DWI SURYANI PANGERAPAN,Individual,L,INDONESIAN,INDONESIAN,0,22950000,22950000,2.12
30-Jun-2026,JAST,JASNITA TELEKOMINDO Tbk,YENTORO,Individual,L,INDONESIAN,INDONESIA,45883300,0,45883300,4.24
30-Jun-2026,JAST,JASNITA TELEKOMINDO Tbk,HENRY,Individual,L,INDONESIAN,INDONESIA,34640300,0,34640300,3.2
30-Jun-2026,JAST,JASNITA TELEKOMINDO Tbk,UOB KAY HIAN PTE LTD,Securities Company,F,,SINGAPORE,351005986,0,351005986,32.42
30-Jun-2026,JATI,INFORMASI TEKNOLOGI INDONESIA Tbk,PT. INFORMASI TEKNOLOGI INDONESIA TBK,Corporate,L,,INDONESIA,86540200,0,86540200,2.65
30-Jun-2026,JATI,INFORMASI TEKNOLOGI INDONESIA Tbk,"CHANDHAR CAPITAL PREMIER, PT",Corporate,L,,INDONESIA,147200000,0,147200000,4.51
30-Jun-2026,JATI,INFORMASI TEKNOLOGI INDONESIA Tbk,FRANKY CHANDRA,Individual,L,INDONESIAN,INDONESIA,77732400,0,77732400,2.38
30-Jun-2026,JATI,INFORMASI TEKNOLOGI INDONESIA Tbk,PT AMANAH AYAH ANAK,,,,,0,522000000,522000000,16.0
30-Jun-2026,JATI,INFORMASI TEKNOLOGI INDONESIA Tbk,PT JATI PIRANTI SOLUSINDO,,,,,0,2088000000,2088000000,64.0
30-Jun-2026,JAWA,JAYA AGRA WATTIE Tbk,"BUMI SURYA KENCANA, PT",Corporate,L,,INDONESIA,646089700,0,646089700,3.98
30-Jun-2026,JAWA,JAYA AGRA WATTIE Tbk,"SARANA AGRO INVESTAMA, PT",Private Equity,L,,INDONESIA,15015345027,0,15015345027,92.5
30-Jun-2026,JAWA,JAYA AGRA WATTIE Tbk,DEUTSCHE BK AG (PRIVATE BANKING) SPORE WM CLIENT,Bank,F,,SINGAPORE,169603500,0,169603500,1.04
30-Jun-2026,JAYA,ARMADA BERJAYA TRANS Tbk,SURYAWARNI SURLI,Individual,L,INDONESIAN,INDONESIA,25627200,0,25627200,3.21
30-Jun-2026,JAYA,ARMADA BERJAYA TRANS Tbk,DARMAWAN SURYADI SM,Individual,L,INDONESIAN,INDONESIA,423871430,0,423871430,53.08
30-Jun-2026,JAYA,ARMADA BERJAYA TRANS Tbk,JAP ASTRID PATRICIA,Individual,L,INDONESIAN,INDONESIA,169461265,0,169461265,21.22
30-Jun-2026,JAYA,ARMADA BERJAYA TRANS Tbk,SUWARTA,Individual,L,INDONESIAN,INDONESIA,11765500,0,11765500,1.47
30-Jun-2026,JECC,JEMBO CABLE COMPANY Tbk,PT MONASPERMATA PERSADA,Corporate,L,,INDONESIA,459454000,40000000,499454000,66.07
30-Jun-2026,JECC,JEMBO CABLE COMPANY Tbk,PT JEMBO CABLE COMPANY TBK.,Corporate,L,,INDONESIA,49050000,0,49050000,6.49
30-Jun-2026,JECC,JEMBO CABLE COMPANY Tbk,MERRILL LYNCH PIERCE FENNER AND SMITH,Corporate,F,,,0,10000000,10000000,1.32
30-Jun-2026,JECC,JEMBO CABLE COMPANY Tbk,MERRYANAWATI ANWAR,Individual,L,INDONESIAN,,17457400,0,17457400,2.31
30-Jun-2026,JECC,JEMBO CABLE COMPANY Tbk,PT Indolife Pensiontama,Insurance,L,,INDONESIA,132891500,0,132891500,17.58
30-Jun-2026,JECC,JEMBO CABLE COMPANY Tbk,REKSA DANA NET DANA BERIMBANG,Mutual Funds,L,,INDONESIA,13983800,0,13983800,1.85
30-Jun-2026,JECC,JEMBO CABLE COMPANY Tbk,DPK INDOCEMENT T.P,Pension Funds,L,,INDONESIA,16688800,0,16688800,2.21
30-Jun-2026,JGLE,GRAHA ANDRASENTRA PROPERTINDO Tbk,PT ANAM TUJUH,Firm,L,,INDONESIA,368648000,0,368648000,1.63
30-Jun-2026,JGLE,GRAHA ANDRASENTRA PROPERTINDO Tbk,PT SURYA GLOBAL NUSANTARA,Venture Capital,L,,INDONESIA,8753037308,0,8753037308,38.76
30-Jun-2026,JGLE,GRAHA ANDRASENTRA PROPERTINDO Tbk,PT BIOFUEL INDO SUMATRA,Corporate,L,,INDONESIA,233270000,0,233270000,1.03
30-Jun-2026,JGLE,GRAHA ANDRASENTRA PROPERTINDO Tbk,EFG Bank AG,Private Bank,F,,SWITZERLAND,1822592196,0,1822592196,8.07
30-Jun-2026,JGLE,GRAHA ANDRASENTRA PROPERTINDO Tbk,BANQUE DE LUXEMBOURG - CLIENT ACCOUNT,Private Bank,F,,LUXEMBOURG,2767921425,0,2767921425,12.26
30-Jun-2026,JGLE,GRAHA ANDRASENTRA PROPERTINDO Tbk,ISMAIL ALI,Individual,L,INDONESIAN,,462431000,0,462431000,2.05
30-Jun-2026,JGLE,GRAHA ANDRASENTRA PROPERTINDO Tbk,SIAUW YUNUS SUBANDI,Individual,L,INDONESIAN,INDONESIA,1201661100,0,1201661100,5.32
30-Jun-2026,JGLE,GRAHA ANDRASENTRA PROPERTINDO Tbk,REKSA DANA TF SUPER MAXXI,Mutual Funds,L,,INDONESIA,361180000,0,361180000,1.6
30-Jun-2026,JGLE,GRAHA ANDRASENTRA PROPERTINDO Tbk,FIDELITY FUNDS,Mutual Funds,F,,LUXEMBOURG,231757016,0,231757016,1.03
30-Jun-2026,JGLE,GRAHA ANDRASENTRA PROPERTINDO Tbk,PT DANATAMA MAKMUR SEKURITAS,Securities Company,L,,INDONESIA,275500000,0,275500000,1.22
30-Jun-2026,JIHD,JAKARTA INTERNATIONAL HOTELS & DEVELOPMENT Tbk,"AGUNG SEDAYU, PT",Corporate,L,,INDONESIA,27192000,0,27192000,1.17
30-Jun-2026,JIHD,JAKARTA INTERNATIONAL HOTELS & DEVELOPMENT Tbk,PT CATUR KUSUMA ABADI SEJAHTERA,Corporate,L,,INDONESIA,0,164604361,164604361,7.07
30-Jun-2026,JIHD,JAKARTA INTERNATIONAL HOTELS & DEVELOPMENT Tbk,PT KRESNA AJI SEMBADA,Corporate,L,,INDONESIA,527074446,405326746,932401192,40.03
30-Jun-2026,JIHD,JAKARTA INTERNATIONAL HOTELS & DEVELOPMENT Tbk,PT SENTRAJAYA PANCA SELARAS,Corporate,L,,INDONESIA,39316288,0,39316288,1.69
30-Jun-2026,JIHD,JAKARTA INTERNATIONAL HOTELS & DEVELOPMENT Tbk,WALL STREET STAR ENTERPRISES LIMITED,Corporate,F,,,0,75810244,75810244,3.25
30-Jun-2026,JIHD,JAKARTA INTERNATIONAL HOTELS & DEVELOPMENT Tbk,CHANCERY PROPERTY HOLDINGS LIMITED,Corporate,F,,,0,26227003,26227003,1.13
30-Jun-2026,JIHD,JAKARTA INTERNATIONAL HOTELS & DEVELOPMENT Tbk,WALL STREET DEVELOPMENT LIMITED,Corporate,F,,,0,77805250,77805250,3.34
30-Jun-2026,JIHD,JAKARTA INTERNATIONAL HOTELS & DEVELOPMENT Tbk,UBS SWITZERLAND AG,Trustee Bank,F,,SWITZERLAND,67889000,0,67889000,2.91
30-Jun-2026,JIHD,JAKARTA INTERNATIONAL HOTELS & DEVELOPMENT Tbk,UBS AG HONGKONG,Private Bank,F,,HONG KONG,45100000,0,45100000,1.94
30-Jun-2026,JIHD,JAKARTA INTERNATIONAL HOTELS & DEVELOPMENT Tbk,HENDRY HARTATO,Individual,L,INDONESIAN,INDONESIA,30000000,0,30000000,1.29
30-Jun-2026,JIHD,JAKARTA INTERNATIONAL HOTELS & DEVELOPMENT Tbk,RENEE TANG,Individual,L,INDONESIAN,INDONESIA,47786500,0,47786500,2.05
30-Jun-2026,JIHD,JAKARTA INTERNATIONAL HOTELS & DEVELOPMENT Tbk,SUKARDI TANDIJONO TANG,Individual,L,INDONESIAN,INDONESIA,140880000,0,140880000,6.05
30-Jun-2026,JIHD,JAKARTA INTERNATIONAL HOTELS & DEVELOPMENT Tbk,TOMY WINATA,Individual,L,INDONESIAN,INDONESIAN,0,306243700,306243700,13.15
30-Jun-2026,JKON,JAYA KONSTRUKSI MANGGALA PRATAMA Tbk,PT. PEMBANGUNAN JAYA,State Owned Enterprises,L,,INDONESIA,9929587750,0,9929587750,60.89
30-Jun-2026,JKON,JAYA KONSTRUKSI MANGGALA PRATAMA Tbk,PT. JAYA JASA NIAGA,Corporate,L,,INDONESIA,699498987,0,699498987,4.29
30-Jun-2026,JKON,JAYA KONSTRUKSI MANGGALA PRATAMA Tbk,BUDIMULIA INVESTAMA PT,Corporate,L,,,0,188146700,188146700,1.15
30-Jun-2026,JKON,JAYA KONSTRUKSI MANGGALA PRATAMA Tbk,"IRAMAPERKASA SUARAAGUNG, PT",Corporate,L,,INDONESIA,229000000,0,229000000,1.4
30-Jun-2026,JKON,JAYA KONSTRUKSI MANGGALA PRATAMA Tbk,YAYASAN PENDIDIKAN JAYA,Foundation,L,,INDONESIA,412593663,0,412593663,2.53
30-Jun-2026,JKON,JAYA KONSTRUKSI MANGGALA PRATAMA Tbk,BOEDIMAN SOEKRISMAN,Individual,L,INDONESIAN,INDONESIA,220985350,0,220985350,1.36
30-Jun-2026,JKON,JAYA KONSTRUKSI MANGGALA PRATAMA Tbk,UNGKORO DARMOSUSILO,Individual,L,INDONESIAN,INDONESIA,341904375,0,341904375,2.1
30-Jun-2026,JKON,JAYA KONSTRUKSI MANGGALA PRATAMA Tbk,MEDYA LENGKEY S,Individual,L,INDONESIAN,INDONESIA,355281600,0,355281600,2.18
30-Jun-2026,JKON,JAYA KONSTRUKSI MANGGALA PRATAMA Tbk,PENTA COSMOPOLITAN CORPORATION PT,,,,,0,188146700,188146700,1.15
30-Jun-2026,JKON,JAYA KONSTRUKSI MANGGALA PRATAMA Tbk,BP2S SG/BNP PARIBAS SINGAPORE BRANCH WEALTH MANAGEMENT,Private Bank,F,,SINGAPORE,392853330,0,392853330,2.41
30-Jun-2026,JKON,JAYA KONSTRUKSI MANGGALA PRATAMA Tbk,PT Indo Premier Securities,Securities Company,L,,INDONESIA,363150075,0,363150075,2.23
30-Jun-2026,JMAS,ASURANSI JIWA SYARIAH JASA MITRA ABADI Tbk,PT PIJAR INVESTASI NUSANTARA,Corporate,L,,INDONESIA,83000000,0,83000000,8.3
30-Jun-2026,JMAS,ASURANSI JIWA SYARIAH JASA MITRA ABADI Tbk,BAHROJI,Individual,L,INDONESIAN,INDONESIA,41606200,0,41606200,4.16
30-Jun-2026,JMAS,ASURANSI JIWA SYARIAH JASA MITRA ABADI Tbk,TSJEN KHIANG HONG,Individual,L,INDONESIAN,INDONESIA,13013500,0,13013500,1.3
30-Jun-2026,JMAS,ASURANSI JIWA SYARIAH JASA MITRA ABADI Tbk,"Sri Hartini Sachroni, BSC",Individual,L,INDONESIAN,,15000000,0,15000000,1.5
30-Jun-2026,JMAS,ASURANSI JIWA SYARIAH JASA MITRA ABADI Tbk,KENNEN SUFI,Individual,L,INDONESIAN,INDONESIA,20400000,0,20400000,2.04
30-Jun-2026,JMAS,ASURANSI JIWA SYARIAH JASA MITRA ABADI Tbk,DARWIZIN,Individual,L,INDONESIAN,INDONESIA,10360000,0,10360000,1.04
30-Jun-2026,JMAS,ASURANSI JIWA SYARIAH JASA MITRA ABADI Tbk,REKSA DANA MINNA PADI KERATON II,Mutual Funds,L,,INDONESIA,13599000,0,13599000,1.36
30-Jun-2026,JMAS,ASURANSI JIWA SYARIAH JASA MITRA ABADI Tbk,REKSA DANA MINNA PADI PASOPATI SAHAM,Mutual Funds,L,,INDONESIA,20378882,0,20378882,2.04
30-Jun-2026,JMAS,ASURANSI JIWA SYARIAH JASA MITRA ABADI Tbk,REKSA DANA MINNA PADI PRINGGONDANI SAHAM,Mutual Funds,L,,INDONESIA,23251087,0,23251087,2.33
30-Jun-2026,JMAS,ASURANSI JIWA SYARIAH JASA MITRA ABADI Tbk,KOPERASI SIMPAN PINJAM JASA,Corporate,L,,INDONESIA,579500000,0,579500000,57.95
30-Jun-2026,JMAS,ASURANSI JIWA SYARIAH JASA MITRA ABADI Tbk,PT JASA CAPITAL ASSET MANAGEMENT,Investment Manager,L,,INDONESIA,30000000,0,30000000,3.0
30-Jun-2026,JPFA,JAPFA COMFEED INDONESIA Tbk,UNITED OVERSEAS BANK NOMINEES (PRIVATE) LIMITED,Private Bank,F,,SINGAPORE,126717860,0,126717860,1.08
30-Jun-2026,JPFA,JAPFA COMFEED INDONESIA Tbk,JAPFA PTE LTD,Firm,F,,SINGAPORE,6606181816,0,6606181816,56.34
30-Jun-2026,JPFA,JAPFA COMFEED INDONESIA Tbk,UBP SG - SUCCESS JOY TRADING LIMITED,Corporate,F,,"VIRGIN ISLANDS, BRITISH",355668595,0,355668595,3.03
30-Jun-2026,JPFA,JAPFA COMFEED INDONESIA Tbk,TREE OF BLESSING PTE. LTD.,Private Bank,F,,SINGAPORE,515637480,0,515637480,4.4
30-Jun-2026,JPFA,JAPFA COMFEED INDONESIA Tbk,"UNION BANCAIRE PRIVEE, UBP SA SINGAPORE BRANCH",Private Bank,F,,SINGAPORE,376258035,0,376258035,3.21
30-Jun-2026,JPFA,JAPFA COMFEED INDONESIA Tbk,BANK JULIUS BAER & CO. LTD,Private Bank,F,,SINGAPORE,396323400,0,396323400,3.38
30-Jun-2026,JPFA,JAPFA COMFEED INDONESIA Tbk,"UBS AG, LONDON",Bank,F,,SWITZERLAND,118645692,0,118645692,1.01
30-Jun-2026,JPFA,JAPFA COMFEED INDONESIA Tbk,UBS AG SINGAPORE BRANCH,Private Bank,F,,SINGAPORE,216579900,0,216579900,1.85
30-Jun-2026,JPFA,JAPFA COMFEED INDONESIA Tbk,MIEKE SANTOSA,Individual,L,INDONESIAN,INDONESIA,263122585,0,263122585,2.24
30-Jun-2026,JPFA,JAPFA COMFEED INDONESIA Tbk,CALIFORNIA PUBLIC EMPLOYEES RETIREMENT SYSTEM,Pension Funds,F,,UNITED STATES,129866832,0,129866832,1.11
30-Jun-2026,JRPT,JAYA REAL PROPERTY Tbk,PT. PEMBANGUNAN JAYA,State Owned Enterprises,L,,INDONESIA,5361400000,3382675000,8744075000,67.73
30-Jun-2026,JRPT,JAYA REAL PROPERTY Tbk,PT. JAYA JASA NIAGA,Corporate,L,,INDONESIA,239093100,0,239093100,1.85
30-Jun-2026,JRPT,JAYA REAL PROPERTY Tbk,PT JAYA RAYA UTAMA,Corporate,L,,INDONESIA,155909800,0,155909800,1.21
30-Jun-2026,JRPT,JAYA REAL PROPERTY Tbk,YAYASAN PENDIDIKAN JAYA,Foundation,L,,INDONESIA,286516000,0,286516000,2.22
30-Jun-2026,JRPT,JAYA REAL PROPERTY Tbk,BOEDIMAN SOEKRISMAN,Individual,L,INDONESIAN,INDONESIA,175000000,0,175000000,1.36
30-Jun-2026,JRPT,JAYA REAL PROPERTY Tbk,NITA ARIFIN,Individual,L,INDONESIAN,,140000000,0,140000000,1.08
30-Jun-2026,JRPT,JAYA REAL PROPERTY Tbk,SACHDEVA RAJESH,Individual,F,SINGAPOREAN,SINGAPORE,137336600,0,137336600,1.06
30-Jun-2026,JRPT,JAYA REAL PROPERTY Tbk,BP2S SG/BNP PARIBAS SINGAPORE BRANCH WEALTH MANAGEMENT,Private Bank,F,,SINGAPORE,2135209800,0,2135209800,16.54
30-Jun-2026,JSKY,SKY ENERGY INDONESIA Tbk,PT. TRINITAN GLOBAL PASIFIK,Corporate,L,,INDONESIA,91928580,0,91928580,4.52
30-Jun-2026,JSKY,SKY ENERGY INDONESIA Tbk,WG CAPITAL LTD,Investment Advisors,F,,BAHAMAS,42569800,0,42569800,2.09
30-Jun-2026,JSKY,SKY ENERGY INDONESIA Tbk,HANIFAH LATIFAH,Individual,L,INDONESIAN,INDONESIA,43639500,0,43639500,2.15
30-Jun-2026,JSKY,SKY ENERGY INDONESIA Tbk,INDRAWATI,Individual,L,INDONESIAN,INDONESIA,45978100,0,45978100,2.26
30-Jun-2026,JSKY,SKY ENERGY INDONESIA Tbk,MELANIAWATI HADIKARTONO,Individual,L,INDONESIAN,INDONESIA,21774200,0,21774200,1.07
30-Jun-2026,JSKY,SKY ENERGY INDONESIA Tbk,JAKSA AGUNG MUDA BIDANG TINDAK PIDANA KHUSUS KEJAKSAAN REPUBLIK INDONESIA KEJAKSAAN REPUBLIK INDONESIA,Government,L,,INDONESIA,413516733,0,413516733,20.34
30-Jun-2026,JSKY,SKY ENERGY INDONESIA Tbk,MIRAE ASSET SEKURITAS INDONESIA,Securities Company,L,,INDONESIA,203352927,0,203352927,10.0
30-Jun-2026,JSKY,SKY ENERGY INDONESIA Tbk,MAYBANK SECURITIES PTE. LTD.,Investment Manager,F,,SINGAPORE,50000000,0,50000000,2.46
30-Jun-2026,JSMR,JASA MARGA (PERSERO) Tbk,PERUSAHAAN PERSEROAN (PERSERO) PT DANANTARA ASSET MANAGEMENT,Corporate,L,,,0,5029704742,5029704742,69.3
30-Jun-2026,JSMR,JASA MARGA (PERSERO) Tbk,DJS KETENAGAKERJAAN PROGRAM JAMINAN HARI TUA,State Owned Enterprises,L,,INDONESIA,247524233,0,247524233,3.41
30-Jun-2026,JSMR,JASA MARGA (PERSERO) Tbk,PT TASPEN (PERSERO),State Owned Enterprises,L,,INDONESIA,216152620,0,216152620,2.98
30-Jun-2026,JSMR,JASA MARGA (PERSERO) Tbk,THE PRUDENTIAL ASSURANCE COMPANY LIMITED,Insurance,F,,UNITED KINGDOM,242065300,0,242065300,3.34
30-Jun-2026,JSMR,JASA MARGA (PERSERO) Tbk,EMPLOYEES PROVIDENT FUND BOARD,Pension Funds,F,,MALAYSIA,94204385,0,94204385,1.3
30-Jun-2026,JSPT,JAKARTA SETIABUDI INTERNASIONAL Tbk,PT JAN DARMADI INVESTINDO,Corporate,L,,INDONESIA,1181478069,0,1181478069,50.95
30-Jun-2026,JSPT,JAKARTA SETIABUDI INTERNASIONAL Tbk,HUTTON HOLDINGS LIMITED,Corporate,F,,CAYMAN ISLANDS,81155760,0,81155760,3.5
30-Jun-2026,JSPT,JAKARTA SETIABUDI INTERNASIONAL Tbk,AUSTIN CORPORATION,Corporate,F,,CAYMAN ISLANDS,69562080,0,69562080,3.0
30-Jun-2026,JSPT,JAKARTA SETIABUDI INTERNASIONAL Tbk,MORGAN STANLEY AND CO INTERNATIONAL PLC,Corporate,F,,UNITED KINGDOM,34914500,0,34914500,1.51
30-Jun-2026,JSPT,JAKARTA SETIABUDI INTERNASIONAL Tbk,STIBER INVESTMENTS S.A.R.L.,Corporate,F,,LUXEMBOURG,375402106,0,375402106,16.19
30-Jun-2026,JSPT,JAKARTA SETIABUDI INTERNASIONAL Tbk,SUZANNA TANOJO,Individual,L,INDONESIAN,INDONESIA,333164863,0,333164863,14.37
30-Jun-2026,JSPT,JAKARTA SETIABUDI INTERNASIONAL Tbk,JPMORGAN CHASE BANK NA SINGAPORE BRANCH,Private Bank,F,,SINGAPORE,213557597,0,213557597,9.21
30-Jun-2026,JTPE,JASUINDO TIGA PERKASA Tbk,PT. Jasuindo Multi Investama,Corporate,L,,INDONESIA,3129590000,0,3129590000,45.67
30-Jun-2026,JTPE,JASUINDO TIGA PERKASA Tbk,TOPPAN NEXT PTE LTD,Corporate,F,,SINGAPORE,342011600,0,342011600,4.99
30-Jun-2026,JTPE,JASUINDO TIGA PERKASA Tbk,"TOPPAN SECURITY CO., LIMITED",Corporate,F,,HONG KONG,1370410000,0,1370410000,20.0
30-Jun-2026,JTPE,JASUINDO TIGA PERKASA Tbk,NICOLE ORABELLE BASTIAAN WIJAYA,Individual,L,INDONESIAN,INDONESIA,98515400,0,98515400,1.44
30-Jun-2026,JTPE,JASUINDO TIGA PERKASA Tbk,YONGKY WIJAYA,Individual,L,INDONESIAN,INDONESIA,322103500,0,322103500,4.7
30-Jun-2026,JTPE,JASUINDO TIGA PERKASA Tbk,Islam Santosa,Individual,L,INDONESIAN,INDONESIA,97759700,0,97759700,1.43
30-Jun-2026,JTPE,JASUINDO TIGA PERKASA Tbk,KASWAN SURANTO,Individual,L,INDONESIAN,INDONESIA,210187800,0,210187800,3.07
30-Jun-2026,JTPE,JASUINDO TIGA PERKASA Tbk,HARTO POERWANTO,Individual,L,INDONESIAN,INDONESIA,304099100,0,304099100,4.44
30-Jun-2026,JTPE,JASUINDO TIGA PERKASA Tbk,LIOE LUKMAN HALIM,Individual,L,INDONESIAN,INDONESIA,98730000,0,98730000,1.44
30-Jun-2026,JTPE,JASUINDO TIGA PERKASA Tbk,JENNIE UNTORO TJONG,Individual,L,INDONESIAN,INDONESIA,101242600,0,101242600,1.48
30-Jun-2026,JTPE,JASUINDO TIGA PERKASA Tbk,SURONO SUBEKTI,Individual,L,INDONESIAN,INDONESIA,68547500,0,68547500,1.0
30-Jun-2026,JTPE,JASUINDO TIGA PERKASA Tbk,OEI MELINDA POERWANTO,Individual,L,INDONESIAN,INDONESIA,150000000,0,150000000,2.19
30-Jun-2026,JTPE,JASUINDO TIGA PERKASA Tbk,WELLY HERMAN SOETADI,Individual,F,SINGAPOREAN,INDONESIA,102712100,0,102712100,1.5
30-Jun-2026,KAEF,KIMIA FARMA Tbk,PT BIO FARMA (Persero),Corporate,L,,INDONESIA,0,4999999999,4999999999,89.82
30-Jun-2026,KAEF,KIMIA FARMA Tbk,PERUSAHAAN PERSEROAN (PERSERO) PT ASABRI,State Owned Enterprises,L,,INDONESIA,246541600,0,246541600,4.43
30-Jun-2026,KAQI,JANTRA GRUPO INDONESIA Tbk,PT TAHTRA KERTAJAYA INDONESIA,Corporate,L,,INDONESIA,1625792000,0,1625792000,78.32
30-Jun-2026,KAQI,JANTRA GRUPO INDONESIA Tbk,DONI SETIOWIBOWO,Individual,L,INDONESIAN,INDONESIA,48213900,0,48213900,2.32
30-Jun-2026,KAQI,JANTRA GRUPO INDONESIA Tbk,LIONG JUEN FAT,Individual,L,INDONESIAN,,28496300,0,28496300,1.37
30-Jun-2026,KARW,MERATUS JASA PRIMA Tbk,SARANAKELOLA INVESTA,Corporate,L,,INDONESIA,452266400,0,452266400,77.03
30-Jun-2026,KAYU,DARMI BERSAUDARA Tbk,PT DARBE PUTRA MAKMUR,Corporate,L,,INDONESIA,249114659,0,249114659,37.46
30-Jun-2026,KAYU,DARMI BERSAUDARA Tbk,CGS INTERNATIONAL SECURITIES SINGAPORE PTE LTD,Private Bank,F,,SINGAPORE,26949400,0,26949400,4.05
30-Jun-2026,KAYU,DARMI BERSAUDARA Tbk,JP MORGAN SECURITIES PLC,Investment Advisors,F,,UNITED KINGDOM,16263800,0,16263800,2.45
30-Jun-2026,KAYU,DARMI BERSAUDARA Tbk,SHANDY EFFO KALIM,Individual,L,INDONESIAN,INDONESIA,10708900,0,10708900,1.61
30-Jun-2026,KAYU,DARMI BERSAUDARA Tbk,MUHAMMAD BACHTIAR NAPPU ST MT M  PHIL PHD,Individual,L,INDONESIAN,INDONESIA,18845800,0,18845800,2.83
30-Jun-2026,KAYU,DARMI BERSAUDARA Tbk,VALENT PRATAMA PURNOMO,Individual,L,INDONESIAN,INDONESIA,15480500,0,15480500,2.33
30-Jun-2026,KAYU,DARMI BERSAUDARA Tbk,WAWAN SETYAWAN SE,Individual,L,INDONESIAN,INDONESIA,56836821,0,56836821,8.55
30-Jun-2026,KAYU,DARMI BERSAUDARA Tbk,ALDO PRATAMA PURNOMO,Individual,L,INDONESIAN,INDONESIA,131351900,0,131351900,19.75
30-Jun-2026,KBAG,KARYA BERSAMA ANUGERAH Tbk,PT VISI KOTA INDONESIA,Corporate,L,,INDONESIA,3965766700,0,3965766700,55.47
30-Jun-2026,KBAG,KARYA BERSAMA ANUGERAH Tbk,MANDIRI INVESTASI BERSAMA PT,Corporate,L,,INDONESIA,205241500,0,205241500,2.87
30-Jun-2026,KBAG,KARYA BERSAMA ANUGERAH Tbk,KUNCORO,Individual,L,INDONESIAN,INDONESIA,88000000,0,88000000,1.23
30-Jun-2026,KBAG,KARYA BERSAMA ANUGERAH Tbk,VERONICA PUDJIATI LIAS,Individual,L,INDONESIAN,INDONESIA,90000300,0,90000300,1.26
30-Jun-2026,KBAG,KARYA BERSAMA ANUGERAH Tbk,SALIM LIM,Individual,L,INDONESIAN,INDONESIA,668480400,0,668480400,9.35
30-Jun-2026,KBLI,KMI Wire and Cable Tbk,PT.OMEDATA ELECTRONICS,Corporate,L,,INDONESIA,1982392237,0,1982392237,49.47
30-Jun-2026,KBLI,KMI Wire and Cable Tbk,CACEIS BANK/NON TREATY UCITS CLIENTS,Bank,F,,FRANCE,83640500,0,83640500,2.09
30-Jun-2026,KBLI,KMI Wire and Cable Tbk,BNP PARIBAS SINGAPORE BRANCH,Bank,F,,SINGAPORE,159701500,0,159701500,3.99
30-Jun-2026,KBLI,KMI Wire and Cable Tbk,MANOJ PITAMBER NANWANI,Individual,L,INDONESIAN,INDONESIA,65042000,0,65042000,1.62
30-Jun-2026,KBLI,KMI Wire and Cable Tbk,REKSA DANA SUCORINVEST PREMIUM FUND,Mutual Funds,L,,INDONESIA,124214500,0,124214500,3.1
30-Jun-2026,KBLI,KMI Wire and Cable Tbk,REKSA DANA SUCORINVEST EQUITY PRIMA FUND,Mutual Funds,L,,INDONESIA,188834700,0,188834700,4.71
30-Jun-2026,KBLI,KMI Wire and Cable Tbk,REKSA DANA SYARIAH SUCORINVEST SHARIA BALANCED FUND,Mutual Funds,L,,INDONESIA,173747800,0,173747800,4.34
30-Jun-2026,KBLI,KMI Wire and Cable Tbk,REKSA DANA SUCORINVEST MAXI FUND,Mutual Funds,L,,INDONESIA,50538600,0,50538600,1.26
30-Jun-2026,KBLI,KMI Wire and Cable Tbk,REKSA DANA PENDAPATAN TETAP SUCORINVEST STABLE FUND,Mutual Funds,L,,INDONESIA,89992900,0,89992900,2.25
30-Jun-2026,KBLI,KMI Wire and Cable Tbk,REKSA DANA SUCORINVEST EQUITY FUND,Mutual Funds,L,,INDONESIA,180733100,0,180733100,4.51
30-Jun-2026,KBLI,KMI Wire and Cable Tbk,REKSA DANA SUCORINVEST SHARIA EQUITY FUND,Mutual Funds,L,,INDONESIA,145608800,0,145608800,3.63
30-Jun-2026,KBLI,KMI Wire and Cable Tbk,REKSA DANA SUCORINVEST DANA SEHAT BERIMBANG,Mutual Funds,L,,INDONESIA,164074200,0,164074200,4.09
30-Jun-2026,KBLM,KABELINDO MURNI Tbk,PT TEMBAGA MULIA SEMANAN Tbk,Corporate,L,,,13059200,0,13059200,1.17
30-Jun-2026,KBLM,KABELINDO MURNI Tbk,PT. SIBALEC,Corporate,L,,INDONESIA,451017200,0,451017200,40.27
30-Jun-2026,KBLM,KABELINDO MURNI Tbk,PT. MESINDO AGUNG NUSANTARA,Corporate,L,,INDONESIA,389300000,0,389300000,34.76
30-Jun-2026,KBLM,KABELINDO MURNI Tbk,BANK RAKYAT INDONESIA PT,Bank,L,,INDONESIA,29736000,0,29736000,2.66
30-Jun-2026,KBLM,KABELINDO MURNI Tbk,DENNIS SARWONO RAHARDJO,Individual,L,INDONESIAN,INDONESIA,0,12500000,12500000,1.12
30-Jun-2026,KBLM,KABELINDO MURNI Tbk,TJONG LEONARD JUWONDO,Individual,L,INDONESIAN,INDONESIA,12200000,0,12200000,1.09
30-Jun-2026,KBLM,KABELINDO MURNI Tbk,HAIYANTO,Individual,L,INDONESIAN,INDONESIA,13354400,0,13354400,1.19
30-Jun-2026,KBLM,KABELINDO MURNI Tbk,FLORENCE RAHARJO,Individual,L,INDONESIAN,INDONESIA,0,12500000,12500000,1.12
30-Jun-2026,KBLM,KABELINDO MURNI Tbk,HARRY SUTOMO RAHARJO,Individual,L,INDONESIAN,INDONESIA,0,12500000,12500000,1.12
30-Jun-2026,KBLM,KABELINDO MURNI Tbk,ELLY SOEPONO,,,,,0,12500000,12500000,1.12
30-Jun-2026,KBLM,KABELINDO MURNI Tbk,THRECIA RAHARJO,,,,,0,13500000,13500000,1.21
30-Jun-2026,KBLM,KABELINDO MURNI Tbk,LOULOU KARTINI RAHARDJO,,,,,0,12500000,12500000,1.12
30-Jun-2026,KBLM,KABELINDO MURNI Tbk,PT ERDHIKA ELIT SEKURITAS,Securities Company,L,,INDONESIA,73711600,0,73711600,6.58
30-Jun-2026,KBLV,FIRST MEDIA Tbk,"KHARISMA BUANA NUSANTARA, PT",Investment Advisors,L,,INDONESIA,69686716,0,69686716,4.0
30-Jun-2026,KBLV,FIRST MEDIA Tbk,"TRIJAYA PUTRA MULIA, PT",Corporate,L,,INDONESIA,0,160276213,160276213,9.2
30-Jun-2026,KBLV,FIRST MEDIA Tbk,PT REKSA PUSPITA KARYA,Investment Advisors,L,,INDONESIA,588167378,0,588167378,33.76
30-Jun-2026,KBLV,FIRST MEDIA Tbk,"SANGGRAHA NUSA RAYA, PT",Corporate,L,,INDONESIA,49238284,0,49238284,2.83
30-Jun-2026,KBLV,FIRST MEDIA Tbk,JOHANES SOETIKNO,Individual,L,INDONESIAN,INDONESIA,25244000,0,25244000,1.45
30-Jun-2026,KBLV,FIRST MEDIA Tbk,SIAUW YUNUS SUBANDI,Individual,L,INDONESIAN,INDONESIA,46974100,0,46974100,2.7
30-Jun-2026,KBRI,KERTAS BASUKI RACHMAT INDONESIA Tbk,BAMBANG PRANOWO,Individual,L,INDONESIAN,INDONESIA,200000000,0,200000000,2.3
30-Jun-2026,KBRI,KERTAS BASUKI RACHMAT INDONESIA Tbk,RENNIER A. R LATIEF,Individual,L,INDONESIAN,INDONESIA,269549689,0,269549689,3.1
30-Jun-2026,KBRI,KERTAS BASUKI RACHMAT INDONESIA Tbk,Cipta Purnama,,,,,0,92916000,92916000,1.07
30-Jun-2026,KBRI,KERTAS BASUKI RACHMAT INDONESIA Tbk,JAKSA AGUNG MUDA BIDANG TINDAK PIDANA KHUSUS KEJAKSAAN REPUBLIK INDONESIA KEJAKSAAN REPUBLIK INDONESIA,Government,L,,INDONESIA,6537394329,0,6537394329,75.25
30-Jun-2026,KBRI,KERTAS BASUKI RACHMAT INDONESIA Tbk,DANA PENSIUN PERHUTANI,Pension Funds,L,,INDONESIA,115000000,0,115000000,1.32
30-Jun-2026,KDSI,KEDAWUNG SETIA INDUSTRIAL Tbk,PT. HOKI INVESTASI SEJATI,Corporate,L,,INDONESIA,80981800,0,80981800,5.0
30-Jun-2026,KDSI,KEDAWUNG SETIA INDUSTRIAL Tbk,"KITASUBUR UTAMA, PT",Corporate,L,,INDONESIA,1271968800,0,1271968800,78.52
30-Jun-2026,KDSI,KEDAWUNG SETIA INDUSTRIAL Tbk,PERMADI AL SUHARTO.BSC,Individual,L,INDONESIAN,INDONESIA,90288000,0,90288000,5.57
30-Jun-2026,KDSI,KEDAWUNG SETIA INDUSTRIAL Tbk,TJIPTO WIRAHADIKUSUMAH W,Individual,L,INDONESIAN,INDONESIA,17837600,0,17837600,1.1
30-Jun-2026,KDSI,KEDAWUNG SETIA INDUSTRIAL Tbk,SUKARTO BUJUNG,Individual,L,INDONESIAN,INDONESIA,60512100,0,60512100,3.74
30-Jun-2026,KDTN,PURI SENTUL PERMAI Tbk,PT CAHAYASAKTI INVESTINDO SUKSES TBK,Corporate,L,,INDONESIA,300000000,0,300000000,24.0
30-Jun-2026,KDTN,PURI SENTUL PERMAI Tbk,PT PUTRASAKTI MANDIRI,Corporate,L,,INDONESIA,475500000,0,475500000,38.04
30-Jun-2026,KDTN,PURI SENTUL PERMAI Tbk,PT INTAN PERDANA SUKSES,Corporate,L,,INDONESIA,300000000,0,300000000,24.0
30-Jun-2026,KDTN,PURI SENTUL PERMAI Tbk,CAYTREONA HERZIGOVA TAN,Individual,L,INDONESIAN,INDONESIA,20410000,0,20410000,1.63
30-Jun-2026,KDTN,PURI SENTUL PERMAI Tbk,UNI PAWITRASARI,Individual,L,INDONESIAN,INDONESIA,21079500,0,21079500,1.69
30-Jun-2026,KDTN,PURI SENTUL PERMAI Tbk,YEPING HUANG,Individual,F,CHINESE,INDONESIA,15507800,0,15507800,1.24
30-Jun-2026,KEEN,KENCANA ENERGI LESTARI Tbk,PARAMATA INDAH LESTARI,Private Bank,L,,INDONESIA,1110920000,0,1110920000,30.3
30-Jun-2026,KEEN,KENCANA ENERGI LESTARI Tbk,PT SURYA SINAR MENTARI,Corporate,L,,INDONESIA,73609161,0,73609161,2.01
30-Jun-2026,KEEN,KENCANA ENERGI LESTARI Tbk,PT MAJU SUBUR MAKMUR,Corporate,L,,INDONESIA,65812400,0,65812400,1.8
30-Jun-2026,KEEN,KENCANA ENERGI LESTARI Tbk,"TEPCO Renewable Power, Incorporated",State Owned Enterprises,F,,JAPAN,916578200,0,916578200,25.0
30-Jun-2026,KEEN,KENCANA ENERGI LESTARI Tbk,EDDY MAKNAWI,Individual,L,INDONESIAN,INDONESIA,109989552,0,109989552,3.0
30-Jun-2026,KEEN,KENCANA ENERGI LESTARI Tbk,MYRNA A A RUMENGAN,Individual,L,INDONESIAN,INDONESIA,133943000,0,133943000,3.65
30-Jun-2026,KEEN,KENCANA ENERGI LESTARI Tbk,JEANNY MAKNAWI JOE,Individual,L,INDONESIAN,INDONESIA,183315763,0,183315763,5.0
30-Jun-2026,KEEN,KENCANA ENERGI LESTARI Tbk,RUSMIN CAHYADI,Individual,L,INDONESIAN,INDONESIA,41393400,0,41393400,1.13
30-Jun-2026,KEEN,KENCANA ENERGI LESTARI Tbk,RATNA MAKNAWI,Individual,L,INDONESIAN,INDONESIA,75185188,0,75185188,2.05
30-Jun-2026,KEEN,KENCANA ENERGI LESTARI Tbk,JOHAN MAKNAWI,Individual,L,INDONESIAN,INDONESIA,156918022,0,156918022,4.28
30-Jun-2026,KEEN,KENCANA ENERGI LESTARI Tbk,HENRY MAKNAWI,Individual,L,INDONESIAN,INDONESIA,404114413,0,404114413,11.02
30-Jun-2026,KEJU,MULIA BOGA RAYA Tbk,PT GARUDA TIMUR PACIFIC,Corporate,L,,INDONESIA,75937500,0,75937500,1.35
30-Jun-2026,KEJU,MULIA BOGA RAYA Tbk,PT. CITRA SEJATI SENTOSA,Corporate,L,,INDONESIA,225000000,0,225000000,4.0
30-Jun-2026,KEJU,MULIA BOGA RAYA Tbk,PT. GARUDAFOOD PUTRA PUTRI JAYA TBK,Corporate,L,,,0,3696642250,3696642250,65.72
30-Jun-2026,KEJU,MULIA BOGA RAYA Tbk,BEL,Corporate,F,,FRANCE,1265668950,0,1265668950,22.5
30-Jun-2026,KETR,KETROSDEN TRIASMITRA Tbk,PT GEMA LINTAS BENUA,Corporate,L,,INDONESIA,273759787,0,273759787,9.64
30-Jun-2026,KETR,KETROSDEN TRIASMITRA Tbk,PT FAJAR SEJAHTERA MANDIRI NUSANTARA,Corporate,L,,INDONESIA,0,1606165931,1606165931,56.53
30-Jun-2026,KETR,KETROSDEN TRIASMITRA Tbk,UBS AG SINGAPORE BRANCH,Private Bank,F,,SINGAPORE,30104700,0,30104700,1.06
30-Jun-2026,KETR,KETROSDEN TRIASMITRA Tbk,JOS PARENGKUAN,Individual,L,INDONESIAN,INDONESIA,28500000,0,28500000,1.0
30-Jun-2026,KETR,KETROSDEN TRIASMITRA Tbk,LYLY EKASTUTI,Individual,L,INDONESIAN,INDONESIA,47975500,0,47975500,1.69
30-Jun-2026,KIAS,KERAMIKA INDONESIA ASSOSIASI Tbk,"HP CAPITAL RESOURCES, PT",Corporate,L,,INDONESIA,265813300,0,265813300,1.78
30-Jun-2026,KIAS,KERAMIKA INDONESIA ASSOSIASI Tbk,SCG DECOR PUBLIC COMPANY LIMITED,Corporate,F,,THAILAND,0,13741458453,13741458453,92.04
30-Jun-2026,KIAS,KERAMIKA INDONESIA ASSOSIASI Tbk,MITRA INVESTINDO MULTICORPORA PT,,,,,0,288140200,288140200,1.93
30-Jun-2026,KICI,KEDAUNG INDAH CAN Tbk,PT KEDAWUNG SUBUR,Corporate,L,,INDONESIA,3784000,116606280,120390280,43.62
30-Jun-2026,KICI,KEDAUNG INDAH CAN Tbk,Ashley Group Limited,Corporate,F,,,3328000,0,3328000,1.21
30-Jun-2026,KICI,KEDAUNG INDAH CAN Tbk,THENDRA CRISNANDA,Individual,L,INDONESIAN,INDONESIA,5401300,0,5401300,1.96
30-Jun-2026,KICI,KEDAUNG INDAH CAN Tbk,RUDY EFENDY,Individual,L,INDONESIAN,INDONESIA,6000000,0,6000000,2.17
30-Jun-2026,KICI,KEDAUNG INDAH CAN Tbk,AGUS NURSALIM,,,,,0,12696000,12696000,4.6
30-Jun-2026,KICI,KEDAUNG INDAH CAN Tbk,D.K LIM & SONS INVESTMENT PTE LTD,,,,,0,86664000,86664000,31.4
30-Jun-2026,KIJA,KAWASAN INDUSTRI JABABEKA Tbk,PT BERKAT MITRA PATRIA,Corporate,L,,INDONESIA,219834000,0,219834000,1.06
30-Jun-2026,KIJA,KAWASAN INDUSTRI JABABEKA Tbk,PT. BERKAT MITRA SEMESTA,Corporate,L,,INDONESIA,208999200,0,208999200,1.0
30-Jun-2026,KIJA,KAWASAN INDUSTRI JABABEKA Tbk,UBS AG SINGAPORE BRANCH,Private Bank,F,,SINGAPORE,810703377,0,810703377,3.89
30-Jun-2026,KIJA,KAWASAN INDUSTRI JABABEKA Tbk,KIWANTARA MARDJUKI,Individual,L,INDONESIAN,INDONESIA,291307775,0,291307775,1.4
30-Jun-2026,KIJA,KAWASAN INDUSTRI JABABEKA Tbk,HENGKI MARDJUKI,Individual,L,INDONESIAN,INDONESIA,264059219,0,264059219,1.27
30-Jun-2026,KIJA,KAWASAN INDUSTRI JABABEKA Tbk,AIDA GARNIDA,Individual,L,INDONESIAN,INDONESIA,580637352,0,580637352,2.79
30-Jun-2026,KIJA,KAWASAN INDUSTRI JABABEKA Tbk,RICHARD BUDI GUNAWAN,Individual,L,INDONESIAN,INDONESIA,216693118,0,216693118,1.04
30-Jun-2026,KIJA,KAWASAN INDUSTRI JABABEKA Tbk,MU MIN ALI GUNAWAN,Individual,L,INDONESIAN,INDONESIAN,0,4391370788,4391370788,21.09
30-Jun-2026,KIJA,KAWASAN INDUSTRI JABABEKA Tbk,CHRISTINE DEWI,Individual,L,INDONESIAN,,256196659,0,256196659,1.23
30-Jun-2026,KIJA,KAWASAN INDUSTRI JABABEKA Tbk,LIONG JUEN FAT,Individual,L,INDONESIAN,,211186346,0,211186346,1.01
30-Jun-2026,KIJA,KAWASAN INDUSTRI JABABEKA Tbk,INTELLITOP FINANCE LIMITED,,,,,0,788149632,788149632,3.78
30-Jun-2026,KIJA,KAWASAN INDUSTRI JABABEKA Tbk,REKSA DANA PRATAMA DANA DINAMIS SAHAM,Mutual Funds,L,,INDONESIA,483578391,0,483578391,2.32
30-Jun-2026,KIJA,KAWASAN INDUSTRI JABABEKA Tbk,ISLAMIC DEVELOPMENT BANK,Bank,F,,UNITED ARAB EMIRATES,2400359372,0,2400359372,11.53
30-Jun-2026,KIJA,KAWASAN INDUSTRI JABABEKA Tbk,GOVERNMENT OF NORWAY,Sovereign Wealth Fund,F,,NORWAY,297421800,0,297421800,1.43
30-Jun-2026,KIJA,KAWASAN INDUSTRI JABABEKA Tbk,"PANIN SEKURITAS Tbk, PT",Securities Company,L,,INDONESIA,313964471,0,313964471,1.51
30-Jun-2026,KING,HOFFMEN CLEANINDO Tbk,PT ASWIN PUTRA HARMOTEKNIK,Firm,L,,INDONESIA,107000000,0,107000000,4.11
30-Jun-2026,KING,HOFFMEN CLEANINDO Tbk,PT JAPARTO SUKSES MANDIRI,Corporate,L,,INDONESIA,1400000000,600000000,2000000000,76.84
30-Jun-2026,KING,HOFFMEN CLEANINDO Tbk,PT BINTANG TIMUR INVESTAMA,Private Equity,L,,INDONESIA,80400000,0,80400000,3.09
30-Jun-2026,KING,HOFFMEN CLEANINDO Tbk,PT ADITHANA KARYA SENTOSA,Corporate,L,,INDONESIA,33384600,0,33384600,1.28
30-Jun-2026,KING,HOFFMEN CLEANINDO Tbk,CV POHON MANGGA SEJAHTERA,Commanditaire Vennootschap (CV) Or Limited Partnership,L,,INDONESIA,143000000,0,143000000,5.49
30-Jun-2026,KING,HOFFMEN CLEANINDO Tbk,EDDY JAPARTO,Individual,L,INDONESIAN,INDONESIA,0,40000000,40000000,1.54
30-Jun-2026,KING,HOFFMEN CLEANINDO Tbk,ALVA KHOMAS,Individual,L,INDONESIAN,INDONESIA,43545400,0,43545400,1.67
30-Jun-2026,KING,HOFFMEN CLEANINDO Tbk,ALDRIN YANI,Individual,L,INDONESIAN,INDONESIA,32692300,0,32692300,1.26
30-Jun-2026,KING,HOFFMEN CLEANINDO Tbk,RUDY JAPARTO,Individual,L,INDONESIAN,INDONESIA,0,40000000,40000000,1.54
30-Jun-2026,KINO,KINO INDONESIA Tbk,"KINO INDONESIA TBK, PT",Corporate,L,,INDONESIA,49752600,0,49752600,3.48
30-Jun-2026,KINO,KINO INDONESIA Tbk,PT. KINO INVESTINDO,Corporate,L,,INDONESIA,1129356000,0,1129356000,79.05
30-Jun-2026,KINO,KINO INDONESIA Tbk,NUSANTARA FMCG LIMITED,Corporate,F,,CAYMAN ISLANDS,31065800,0,31065800,2.17
30-Jun-2026,KINO,KINO INDONESIA Tbk,"HARRY SANUSI,DRS",Individual,L,INDONESIAN,INDONESIA,57775257,0,57775257,4.04
30-Jun-2026,KINO,KINO INDONESIA Tbk,RUDY  BONGSO,Individual,L,INDONESIAN,INDONESIA,20000000,0,20000000,1.4
30-Jun-2026,KINO,KINO INDONESIA Tbk,HARRIS SANUSI,Individual,L,INDONESIAN,INDONESIA,47841000,0,47841000,3.35
30-Jun-2026,KINO,KINO INDONESIA Tbk,UOB KAY HIAN PTE LTD,Securities Company,F,,SINGAPORE,50657143,0,50657143,3.55
30-Jun-2026,KIOS,KIOSON KOMERSIAL INDONESIA Tbk,PT SEMESTA DAYA MAKMUR,Firm,L,,INDONESIA,13000000,0,13000000,1.21
30-Jun-2026,KIOS,KIOSON KOMERSIAL INDONESIA Tbk,PT. KARYA INVESTASI BERSAMA,Investment Advisors,L,,INDONESIA,19500000,0,19500000,1.81
30-Jun-2026,KIOS,KIOSON KOMERSIAL INDONESIA Tbk,PT. PRAMBANAN INVESTASI SUKSES,Corporate,L,,INDONESIA,83369534,0,83369534,7.75
30-Jun-2026,KIOS,KIOSON KOMERSIAL INDONESIA Tbk,PT ARTAV MOBILE INDONESIA,Corporate,L,,INDONESIA,350300000,0,350300000,32.56
30-Jun-2026,KIOS,KIOSON KOMERSIAL INDONESIA Tbk,KINGSWOOD UNION CORPORATION,Private Equity,F,,SINGAPORE,20000000,0,20000000,1.86
30-Jun-2026,KIOS,KIOSON KOMERSIAL INDONESIA Tbk,TONY WIJAYA,Individual,L,INDONESIAN,INDONESIA,14984000,0,14984000,1.39
30-Jun-2026,KIOS,KIOSON KOMERSIAL INDONESIA Tbk,KOKARJADI CHANDRA,Individual,L,INDONESIAN,INDONESIA,20000000,0,20000000,1.86
30-Jun-2026,KIOS,KIOSON KOMERSIAL INDONESIA Tbk,ERLY  ONGGARA,Individual,L,INDONESIAN,INDONESIA,20000000,0,20000000,1.86
30-Jun-2026,KIOS,KIOSON KOMERSIAL INDONESIA Tbk,"CAPITAL LIFE SYARIAH, PT",Insurance,L,,INDONESIA,35000000,0,35000000,3.25
30-Jun-2026,KIOS,KIOSON KOMERSIAL INDONESIA Tbk,REKSA DANA PACIFIC SAHAM SYARIAH,Mutual Funds,L,,INDONESIA,13476000,0,13476000,1.25
30-Jun-2026,KIOS,KIOSON KOMERSIAL INDONESIA Tbk,REKSA DANA SYARIAH PACIFIC SAHAM SYARIAH III,Mutual Funds,L,,INDONESIA,43472300,0,43472300,4.04
30-Jun-2026,KJEN,KRIDA JARINGAN NUSANTARA Tbk,ERIKA NURALIZA,Individual,L,INDONESIAN,INDONESIA,18000000,0,18000000,3.6
30-Jun-2026,KJEN,KRIDA JARINGAN NUSANTARA Tbk,VALENTINA KUSUMAWATI W,Individual,L,INDONESIAN,INDONESIA,0,21000000,21000000,4.2
30-Jun-2026,KJEN,KRIDA JARINGAN NUSANTARA Tbk,PETRUS DARUYANNI PECTRUS DARUYANI,Individual,L,INDONESIAN,INDONESIAN,0,22750000,22750000,4.55
30-Jun-2026,KJEN,KRIDA JARINGAN NUSANTARA Tbk,INGRID KARTIKAWATI W.D.,Individual,L,INDONESIAN,INDONESIA,0,21000000,21000000,4.2
30-Jun-2026,KJEN,KRIDA JARINGAN NUSANTARA Tbk,GRAFI1NDO KARYA NUSANTARA PT,,,,,0,262500000,262500000,52.5
30-Jun-2026,KJEN,KRIDA JARINGAN NUSANTARA Tbk,REKSA DANA NARADA SAHAM INDONESIA,Mutual Funds,L,,INDONESIA,29615300,0,29615300,5.92
30-Jun-2026,KKES,KUSUMA KEMINDO SENTOSA Tbk,PT BUDILESTARI SENTOSA,Corporate,L,,,0,168000000,168000000,11.2
30-Jun-2026,KKES,KUSUMA KEMINDO SENTOSA Tbk,PT MAGMUS TEKNOLOGI NUSANTARA,Firm,L,,INDONESIA,15050000,0,15050000,1.0
30-Jun-2026,KKES,KUSUMA KEMINDO SENTOSA Tbk,"CATUR SENTOSA ADIPRANA TBK, PT",Corporate,L,,INDONESIA,0,612000000,612000000,40.8
30-Jun-2026,KKES,KUSUMA KEMINDO SENTOSA Tbk,YOHANES ARIF LUKMAN,Individual,L,INDONESIAN,INDONESIA,24359500,0,24359500,1.62
30-Jun-2026,KKES,KUSUMA KEMINDO SENTOSA Tbk,CARFI SOMALA,Individual,L,INDONESIAN,INDONESIA,38611100,0,38611100,2.57
30-Jun-2026,KKES,KUSUMA KEMINDO SENTOSA Tbk,ARYA PRADANA SETIADHARMA,Individual,L,INDONESIAN,INDONESIA,17972000,0,17972000,1.2
30-Jun-2026,KKES,KUSUMA KEMINDO SENTOSA Tbk,"KIKI RUSMIN SADRACH, DRS",Individual,L,INDONESIAN,,160036000,0,160036000,10.67
30-Jun-2026,KKES,KUSUMA KEMINDO SENTOSA Tbk,EDVIN PHANGESTU,Individual,L,INDONESIAN,INDONESIA,20267200,0,20267200,1.35
30-Jun-2026,KKES,KUSUMA KEMINDO SENTOSA Tbk,NIKE HERMANSYAH,Individual,L,INDONESIAN,INDONESIA,41060200,0,41060200,2.74
30-Jun-2026,KKGI,RESOURCE ALAM INDONESIA Tbk,PT RESOURCE ALAM INDONESIA TBK,Corporate,L,,INDONESIA,126670600,0,126670600,2.53
30-Jun-2026,KKGI,RESOURCE ALAM INDONESIA Tbk,PT. SEJAHTERA JAYA CITA,Venture Capital,L,,INDONESIA,1391585329,0,1391585329,27.83
30-Jun-2026,KKGI,RESOURCE ALAM INDONESIA Tbk,JANTOCO HOLDINGS SDN. BHD.,Corporate,F,,MALAYSIA,161367831,0,161367831,3.23
30-Jun-2026,KKGI,RESOURCE ALAM INDONESIA Tbk,SINAR NUSANTARA SDN. BHD.,Corporate,F,,MALAYSIA,413611772,0,413611772,8.27
30-Jun-2026,KKGI,RESOURCE ALAM INDONESIA Tbk,ENERGY COLLIER PRIVATE LIMITED,Corporate,F,,SINGAPORE,1855447105,0,1855447105,37.11
30-Jun-2026,KKGI,RESOURCE ALAM INDONESIA Tbk,LX_INTERNATIONAL (SINGAPORE) PTE.LTD,Firm,F,,SINGAPORE,260372700,0,260372700,5.21
30-Jun-2026,KKGI,RESOURCE ALAM INDONESIA Tbk,AGATHA AQUILINA SILO,Individual,L,INDONESIAN,INDONESIA,93734172,0,93734172,1.87
30-Jun-2026,KKGI,RESOURCE ALAM INDONESIA Tbk,SATIA PRIOSOETANTO,,,,,0,93492900,93492900,1.87
30-Jun-2026,KLAS,PELAYARAN KURNIA LAUTAN SEMESTA Tbk,KURNYATJAN SAKTI EFENDIE,Individual,L,INDONESIAN,INDONESIA,0,2611997395,2611997395,71.67
30-Jun-2026,KLBF,KALBE FARMA Tbk,PT SANTA SEHA SANADI,Trustee Bank,L,,INDONESIA,4718121940,0,4718121940,10.08
30-Jun-2026,KLBF,KALBE FARMA Tbk,PT LADANG IRA PANEN,Corporate,L,,INDONESIA,4903185740,0,4903185740,10.47
30-Jun-2026,KLBF,KALBE FARMA Tbk,PT Kalbe Farma Tbk,Corporate,L,,INDONESIA,1564531430,0,1564531430,3.34
30-Jun-2026,KLBF,KALBE FARMA Tbk,PT BINA ARTA CHARISMA,Private Bank,L,,INDONESIA,3844639040,0,3844639040,8.21
30-Jun-2026,KLBF,KALBE FARMA Tbk,PT GIRA SOLE PRIMA,Corporate,L,,INDONESIA,4824509485,0,4824509485,10.31
30-Jun-2026,KLBF,KALBE FARMA Tbk,PT DIPTANALA BAHANA,Corporate,L,,INDONESIA,4352057040,0,4352057040,9.3
30-Jun-2026,KLBF,KALBE FARMA Tbk,PT LUCASTA MURNING CEMERLANG,Private Equity,L,,INDONESIA,4439895440,0,4439895440,9.48
30-Jun-2026,KLBF,KALBE FARMA Tbk,PT GRIYA INSANI CAKRA SADAYA,Firm,L,,INDONESIA,1605399500,0,1605399500,3.43
30-Jun-2026,KLBF,KALBE FARMA Tbk,DJS KETENAGAKERJAAN PROGRAM JAMINAN HARI TUA,State Owned Enterprises,L,,INDONESIA,939056200,0,939056200,2.01
30-Jun-2026,KLBF,KALBE FARMA Tbk,"HSBC-FUND SERVICES, THE OVERLOOK PARTNERS FUND L.P.",Mutual Funds,F,,UNITED KINGDOM,911729800,0,911729800,1.95
30-Jun-2026,KLBF,KALBE FARMA Tbk,GOVERNMENT OF NORWAY,Sovereign Wealth Fund,F,,NORWAY,583755957,0,583755957,1.25
30-Jun-2026,KLIN,KLINKO KARYA IMAJI Tbk,DIGITAL PRAJA MAKAYASA,Corporate,L,,INDONESIA,71624800,0,71624800,5.48
30-Jun-2026,KLIN,KLINKO KARYA IMAJI Tbk,PT. SAMICO CAPITAL UTAMA MULIA,Corporate,L,,INDONESIA,857254398,0,857254398,65.56
30-Jun-2026,KLIN,KLINKO KARYA IMAJI Tbk,PT. WIDJAJA BERKAT GEMILANG,Corporate,L,,INDONESIA,255481802,0,255481802,19.54
30-Jun-2026,KLIN,KLINKO KARYA IMAJI Tbk,RAYMON YONARTO,Individual,L,INDONESIAN,INDONESIA,34983000,0,34983000,2.68
30-Jun-2026,KMDS,KURNIAMITRA DUTA SENTOSA Tbk,PT MIKI OJISAN INDOMITRA,Corporate,L,,INDONESIA,158050511,0,158050511,19.76
30-Jun-2026,KMDS,KURNIAMITRA DUTA SENTOSA Tbk,PT DIMA INVESTINDO,Corporate,L,,INDONESIA,440000100,0,440000100,55.0
30-Jun-2026,KMDS,KURNIAMITRA DUTA SENTOSA Tbk,LIM SOI SWEE,Individual,L,INDONESIAN,INDONESIA,19894200,0,19894200,2.49
30-Jun-2026,KMDS,KURNIAMITRA DUTA SENTOSA Tbk,Maria Lie,Individual,L,INDONESIAN,INDONESIA,8707482,0,8707482,1.09
30-Jun-2026,KMDS,KURNIAMITRA DUTA SENTOSA Tbk,HENGKY  WIJAYA,Individual,L,INDONESIAN,INDONESIA,21553720,0,21553720,2.69
30-Jun-2026,KMDS,KURNIAMITRA DUTA SENTOSA Tbk,RIONALDO THEDYARDI,Individual,L,INDONESIAN,INDONESIA,17946900,0,17946900,2.24
30-Jun-2026,KMDS,KURNIAMITRA DUTA SENTOSA Tbk,SURONO SUBEKTI,Individual,L,INDONESIAN,INDONESIA,18623300,0,18623300,2.33
30-Jun-2026,KMDS,KURNIAMITRA DUTA SENTOSA Tbk,PEI-YI LIU TAMMY LIU,Individual,F,TAIWANESE,"TAIWAN, PROVINCE OF CHINA",34083700,0,34083700,4.26
30-Jun-2026,KMDS,KURNIAMITRA DUTA SENTOSA Tbk,CHI YIN PETER WONG,Individual,F,,HONG KONG,11108500,0,11108500,1.39
30-Jun-2026,KMTR,KIRANA MEGATARA Tbk,TRIPUTRA PERSADA MEGATARA PT.,Corporate,L,,INDONESIA,2464609474,0,2464609474,30.0
30-Jun-2026,KMTR,KIRANA MEGATARA Tbk,HSF (S) PTE LTD,Corporate,F,,SINGAPORE,5134603987,0,5134603987,62.5
30-Jun-2026,KMTR,KIRANA MEGATARA Tbk,DEUTSCHE BK AG (PRIVATE BANKING) SPORE WM CLIENT,Bank,F,,SINGAPORE,200000000,0,200000000,2.43
30-Jun-2026,KMTR,KIRANA MEGATARA Tbk,DBS BANK LTD.,Bank,F,,SINGAPORE,165938800,0,165938800,2.02
30-Jun-2026,KMTR,KIRANA MEGATARA Tbk,BANK OF SINGAPORE LIMITED,Private Bank,F,,SINGAPORE,169492900,0,169492900,2.06
30-Jun-2026,KOBX,KOBEXINDO TRACTORS Tbk,"GADING DANALESTARI, PT",Corporate,L,,INDONESIA,88215500,0,88215500,3.88
30-Jun-2026,KOBX,KOBEXINDO TRACTORS Tbk,PT KOBEXINDO INVESTAMA,Corporate,L,,INDONESIA,2032714700,0,2032714700,89.45
30-Jun-2026,KOCI,KOKOH EXA NUSANTARA Tbk,PT EXA NUSA PERSADA,Corporate,L,,INDONESIA,0,2203710000,2203710000,49.33
30-Jun-2026,KOCI,KOKOH EXA NUSANTARA Tbk,PT KOKOH ANUGERAH NUSANTARA,Corporate,L,,,0,1322260000,1322260000,29.6
30-Jun-2026,KOCI,KOKOH EXA NUSANTARA Tbk,HOKKY HANDOJO,Individual,L,INDONESIAN,INDONESIA,119700000,0,119700000,2.68
30-Jun-2026,KOCI,KOKOH EXA NUSANTARA Tbk,KEVIN WIBOWO,Individual,L,INDONESIAN,INDONESIA,115295838,0,115295838,2.58
30-Jun-2026,KOCI,KOKOH EXA NUSANTARA Tbk,ISACK UTOMO,Individual,L,INDONESIAN,INDONESIA,219300000,0,219300000,4.91
30-Jun-2026,KOIN,KOKOH INTI AREBAMA Tbk,SCG DISTRIBUTION COMPANY LIMITED,Corporate,F,,THAILAND,0,888836488,888836488,90.62
30-Jun-2026,KOIN,KOKOH INTI AREBAMA Tbk,PINKY NK,Individual,L,INDONESIAN,INDONESIA,31754000,0,31754000,3.24
30-Jun-2026,KOIN,KOKOH INTI AREBAMA Tbk,MANOJ PITAMBER NANWANI,Individual,L,INDONESIAN,INDONESIA,17620500,0,17620500,1.8
30-Jun-2026,KOKA,KOKA INDONESIA Tbk,PT KREATIF KONSTRUKSI INDONESIA,Corporate,L,,INDONESIA,708180000,0,708180000,24.75
30-Jun-2026,KOKA,KOKA INDONESIA Tbk,GAO JING,Individual,F,CHINESE,INDONESIA,0,1223220000,1223220000,42.75
30-Jun-2026,KOKA,KOKA INDONESIA Tbk,JINFENG GAO,Individual,F,CHINESE,INDONESIA,154597840,0,154597840,5.4
30-Jun-2026,KOKA,KOKA INDONESIA Tbk,LING SUN,Individual,F,CHINESE,INDONESIA,160097900,0,160097900,5.6
30-Jun-2026,KOKA,KOKA INDONESIA Tbk,QIULING SHAO,Individual,F,CHINESE,INDONESIA,55087060,0,55087060,1.93
30-Jun-2026,KONI,PERDANA BANGUN PUSAKA Tbk,NIRWANA,Individual,L,INDONESIAN,INDONESIA,15345000,0,15345000,4.92
30-Jun-2026,KONI,PERDANA BANGUN PUSAKA Tbk,LUKMAN KOLIM,Individual,L,INDONESIAN,INDONESIA,56534000,8480000,65014000,20.84
30-Jun-2026,KONI,PERDANA BANGUN PUSAKA Tbk,MEGAWATY RATNA,Individual,L,INDONESIAN,INDONESIA,15345000,0,15345000,4.92
30-Jun-2026,KONI,PERDANA BANGUN PUSAKA Tbk,SYLVIA LUKMAN,Individual,L,INDONESIAN,INDONESIA,15600000,0,15600000,5.0
30-Jun-2026,KONI,PERDANA BANGUN PUSAKA Tbk,L ROSWITA,Individual,L,INDONESIAN,INDONESIA,20338000,0,20338000,6.52
30-Jun-2026,KONI,PERDANA BANGUN PUSAKA Tbk,EVELYN,Individual,L,INDONESIAN,INDONESIA,15600000,0,15600000,5.0
30-Jun-2026,KONI,PERDANA BANGUN PUSAKA Tbk,ROSANNA IRAWAN,Individual,L,INDONESIAN,INDONESIA,6585300,0,6585300,2.11
30-Jun-2026,KONI,PERDANA BANGUN PUSAKA Tbk,SUGIANTO KOLIM,Individual,L,INDONESIAN,INDONESIA,15600000,0,15600000,5.0
30-Jun-2026,KONI,PERDANA BANGUN PUSAKA Tbk,DEWI SHINTA,Individual,L,INDONESIAN,INDONESIA,7350000,0,7350000,2.36
30-Jun-2026,KONI,PERDANA BANGUN PUSAKA Tbk,SUSANTO KOLIM,Individual,L,INDONESIAN,INDONESIA,15600000,0,15600000,5.0
30-Jun-2026,KONI,PERDANA BANGUN PUSAKA Tbk,EVE IRAWAN,Individual,L,INDONESIAN,INDONESIA,6491300,0,6491300,2.08
30-Jun-2026,KONI,PERDANA BANGUN PUSAKA Tbk,PT Indolife Pensiontama,Insurance,L,,INDONESIA,12460000,12000,12472000,4.0
30-Jun-2026,KONI,PERDANA BANGUN PUSAKA Tbk,"DASABINA ADITYASARANA, PT",,,,,0,97520000,97520000,31.26
30-Jun-2026,KOPI,MITRA ENERGI PERSADA Tbk,PT BATAVIA INVESTINDO,Corporate,L,,INDONESIA,30000000,0,30000000,4.3
30-Jun-2026,KOPI,MITRA ENERGI PERSADA Tbk,PT. GLOBAL PERKASA INVESTINDO,Corporate,L,,INDONESIA,49031800,0,49031800,7.03
30-Jun-2026,KOPI,MITRA ENERGI PERSADA Tbk,PT. Mulya Tara Mandiri,Corporate,L,,INDONESIA,508001397,0,508001397,72.86
30-Jun-2026,KOPI,MITRA ENERGI PERSADA Tbk,"Shizuoka Gas Co., Ltd.",State Owned Enterprises,F,,JAPAN,52295001,0,52295001,7.5
30-Jun-2026,KOPI,MITRA ENERGI PERSADA Tbk,SAID AUGUST PUTRA,Individual,L,INDONESIAN,INDONESIA,10209500,0,10209500,1.46
30-Jun-2026,KOTA,DMS PROPERTINDO Tbk,"PAPAN DAYA UTAMA, PT",Corporate,L,,INDONESIA,155200000,0,155200000,1.47
30-Jun-2026,KOTA,DMS PROPERTINDO Tbk,PT. Flying Fox Nusantara,Corporate,L,,INDONESIA,289047746,0,289047746,2.74
30-Jun-2026,KOTA,DMS PROPERTINDO Tbk,PT. Askar Pelangi Abadi,Corporate,L,,INDONESIA,384180000,0,384180000,3.64
30-Jun-2026,KOTA,DMS PROPERTINDO Tbk,PT GAPANINDO WIRA SEMESTA,Firm,L,,INDONESIA,143725171,0,143725171,1.36
30-Jun-2026,KOTA,DMS PROPERTINDO Tbk,PT. INDO PANCA BENUA,Corporate,L,,INDONESIA,204300900,0,204300900,1.94
30-Jun-2026,KOTA,DMS PROPERTINDO Tbk,PT. SITRADE COAL,Corporate,L,,INDONESIA,158705000,0,158705000,1.5
30-Jun-2026,KOTA,DMS PROPERTINDO Tbk,DMS INVESTAMA PT,Corporate,L,,INDONESIA,5072641269,0,5072641269,48.1
30-Jun-2026,KOTA,DMS PROPERTINDO Tbk,REKSA DANA PACIFIC SAHAM SYARIAH,Mutual Funds,L,,INDONESIA,209100000,0,209100000,1.98
30-Jun-2026,KOTA,DMS PROPERTINDO Tbk,REKSA DANA SYARIAH PACIFIC SAHAM SYARIAH II,Mutual Funds,L,,INDONESIA,120820000,0,120820000,1.15
30-Jun-2026,KOTA,DMS PROPERTINDO Tbk,GOLDFIVE INVESTMENT CAPITAL PTE. LTD.,Private Equity,F,,SINGAPORE,108885875,0,108885875,1.03
30-Jun-2026,KOTA,DMS PROPERTINDO Tbk,DANA PENSIUN DANAPERA,Pension Funds,L,,INDONESIA,516763000,0,516763000,4.9
30-Jun-2026,KOTA,DMS PROPERTINDO Tbk,PT. ANARGYA ASET MANAJEMEN,Investment Manager,L,,INDONESIA,375000000,0,375000000,3.56
30-Jun-2026,KPIG,MNC TOURISM INDONESIA Tbk,JABAR INDAH PROPERTINDO PT,Sole Proprietorship,L,,INDONESIA,2706568858,0,2706568858,2.52
30-Jun-2026,KPIG,MNC TOURISM INDONESIA Tbk,"EP - HT INVESTAMA, PT",Investment Advisors,L,,INDONESIA,2675928590,0,2675928590,2.49
30-Jun-2026,KPIG,MNC TOURISM INDONESIA Tbk,PT MNC KAPITAL INDONESIA TBK,Investment Advisors,L,,INDONESIA,2036969300,0,2036969300,1.9
30-Jun-2026,KPIG,MNC TOURISM INDONESIA Tbk,PT GLOBAL MEDIACOM TBK,Corporate,L,,INDONESIA,2723407100,0,2723407100,2.54
30-Jun-2026,KPIG,MNC TOURISM INDONESIA Tbk,PT MNC ASIA HOLDING TBK,Corporate,L,,INDONESIA,18303747180,0,18303747180,17.06
30-Jun-2026,KPIG,MNC TOURISM INDONESIA Tbk,HT INVESTMENT DEVELOPMENT LTD,Investment Advisors,F,,"VIRGIN ISLANDS, BRITISH",8779326700,0,8779326700,8.18
30-Jun-2026,KPIG,MNC TOURISM INDONESIA Tbk,BHAKTI INVESTAMA INTERNATIONAL LTD,Investment Advisors,F,,UNITED ARAB EMIRATES,1168099020,0,1168099020,1.09
30-Jun-2026,KPIG,MNC TOURISM INDONESIA Tbk,STARLIGHT LTD,Sole Proprietorship,F,,UNITED ARAB EMIRATES,3731350000,0,3731350000,3.48
30-Jun-2026,KPIG,MNC TOURISM INDONESIA Tbk,SILVER TRAIN CAPITAL LTD,Sole Proprietorship,F,,"VIRGIN ISLANDS, BRITISH",4758506026,0,4758506026,4.43
30-Jun-2026,KPIG,MNC TOURISM INDONESIA Tbk,UNIVERSAL MEDIA HOLDINGS CORP,Investment Advisors,F,,CAYMAN ISLANDS,1467834200,0,1467834200,1.37
30-Jun-2026,KPIG,MNC TOURISM INDONESIA Tbk,REGENCY HIGH ENTERPRISE LTD,Investment Advisors,F,,"VIRGIN ISLANDS, BRITISH",2374039466,0,2374039466,2.21
30-Jun-2026,KPIG,MNC TOURISM INDONESIA Tbk,MARCO PRINCE CORP,Sole Proprietorship,F,,"VIRGIN ISLANDS, BRITISH",3420201500,0,3420201500,3.19
30-Jun-2026,KPIG,MNC TOURISM INDONESIA Tbk,BOURKE INTERNATIONAL LTD,Sole Proprietorship,F,,CHINA,3227379967,0,3227379967,3.01
30-Jun-2026,KPIG,MNC TOURISM INDONESIA Tbk,TJOMO TJENGUNDORO.TJENG,Individual,L,INDONESIAN,INDONESIA,1219461400,0,1219461400,1.14
30-Jun-2026,KPIG,MNC TOURISM INDONESIA Tbk,SMART EMPIRE GROUP LTD,Partnership,F,,"VIRGIN ISLANDS, BRITISH",15725026164,0,15725026164,14.65
30-Jun-2026,KPIG,MNC TOURISM INDONESIA Tbk,SATHON ROAD LIMITED,Private Equity,F,,"VIRGIN ISLANDS, BRITISH",1921900000,0,1921900000,1.79
30-Jun-2026,KPIG,MNC TOURISM INDONESIA Tbk,PT MNC Sekuritas,Securities Company,L,,INDONESIA,9019228300,0,9019228300,8.4
30-Jun-2026,KRAS,KRAKATAU STEEL Tbk,GO KIONG HWOO,Individual,L,INDONESIAN,INDONESIA,224329300,0,224329300,1.16
30-Jun-2026,KRAS,KRAKATAU STEEL Tbk,PERUSAHAAN PERSEROAN (PERSERO) PT ASABRI,State Owned Enterprises,L,,INDONESIA,252890000,0,252890000,1.31
30-Jun-2026,KRAS,KRAKATAU STEEL Tbk,PERUSAHAAN PERSEROAN (PERSERO) PT DANANTARA ASSET MANAGEMENT,Corporate,L,,,0,15322346345,15322346345,79.2
30-Jun-2026,KRAS,KRAKATAU STEEL Tbk,NH INVESTMENT AND SECURITIES CO. LTD,Securities Company,F,,"KOREA, REPUBLIC OF",237366400,0,237366400,1.23
30-Jun-2026,KREN,QUANTUM CLOVERA INVESTAMA Tbk,PT KRESNA PRIMA INVEST,Corporate,L,,INDONESIA,0,1719000334,1719000334,9.44
30-Jun-2026,KREN,QUANTUM CLOVERA INVESTAMA Tbk,PT. KINGSLAND INTERNATIONAL,Corporate,L,,INDONESIA,190985000,0,190985000,1.05
30-Jun-2026,KREN,QUANTUM CLOVERA INVESTAMA Tbk,PT KARUNIA PERDANA ISTENIA,Firm,L,,INDONESIA,933400000,0,933400000,5.13
30-Jun-2026,KREN,QUANTUM CLOVERA INVESTAMA Tbk,PT KARYA KARUNIA PERSADA,Firm,L,,INDONESIA,777811500,0,777811500,4.27
30-Jun-2026,KREN,QUANTUM CLOVERA INVESTAMA Tbk,RUSTIYAN OEN,Individual,L,INDONESIAN,INDONESIA,755543900,0,755543900,4.15
30-Jun-2026,KREN,QUANTUM CLOVERA INVESTAMA Tbk,TJOMO TJENGUNDORO.TJENG,Individual,L,INDONESIAN,INDONESIA,184921200,0,184921200,1.02
30-Jun-2026,KREN,QUANTUM CLOVERA INVESTAMA Tbk,LANNY ARSYAD MASSIE,Individual,L,INDONESIAN,INDONESIA,412928000,0,412928000,2.27
30-Jun-2026,KREN,QUANTUM CLOVERA INVESTAMA Tbk,The Fon Khiu,Individual,L,INDONESIAN,INDONESIA,376340500,0,376340500,2.07
30-Jun-2026,KREN,QUANTUM CLOVERA INVESTAMA Tbk,INGRID KUSUMODJOJO,Individual,L,INDONESIAN,INDONESIA,731558200,0,731558200,4.02
30-Jun-2026,KREN,QUANTUM CLOVERA INVESTAMA Tbk,LIVYANILAMSARI SURYADI,Individual,L,INDONESIAN,INDONESIA,374400000,0,374400000,2.06
30-Jun-2026,KREN,QUANTUM CLOVERA INVESTAMA Tbk,HERU TJAHYO WIYOGO,Individual,L,INDONESIAN,,281097300,0,281097300,1.54
30-Jun-2026,KREN,QUANTUM CLOVERA INVESTAMA Tbk,MICHAEL STEVEN,Individual,L,INDONESIAN,INDONESIA,162292000,680000000,842292000,4.63
30-Jun-2026,KREN,QUANTUM CLOVERA INVESTAMA Tbk,WEN HSI LEE,Individual,F,CHINESE,INDONESIA,212011700,0,212011700,1.16
30-Jun-2026,KREN,QUANTUM CLOVERA INVESTAMA Tbk,"ASURANSI JIWA KRESNA, PT",Insurance,L,,INDONESIA,2506467300,0,2506467300,13.77
30-Jun-2026,KRYA,BANGUN KARYA PERKASA JAYA Tbk,PT EVMOTO TEKNOLOGI INDONESIA,Corporate,L,,INDONESIA,78247200,0,78247200,4.7
30-Jun-2026,KRYA,BANGUN KARYA PERKASA JAYA Tbk,PT GREEN POWER GROUP TBK,Firm,L,,INDONESIA,26060500,0,26060500,1.57
30-Jun-2026,KRYA,BANGUN KARYA PERKASA JAYA Tbk,GREEN CITY SG PTE LTD,PermanentEstablishment,F,,SINGAPORE,162207800,200000000,362207800,21.77
30-Jun-2026,KRYA,BANGUN KARYA PERKASA JAYA Tbk,HOK GWAN (DHARMO BUDIONO),Individual,L,INDONESIAN,INDONESIA,166686900,0,166686900,10.02
30-Jun-2026,KSIX,KENTANIX SUPRA INTERNATIONAL Tbk,PT KALINDO LAND,Corporate,L,,INDONESIA,79387000,0,79387000,3.71
30-Jun-2026,KSIX,KENTANIX SUPRA INTERNATIONAL Tbk,PT BINA ARTA CHARISMA,Private Bank,L,,INDONESIA,71056100,0,71056100,3.32
30-Jun-2026,KSIX,KENTANIX SUPRA INTERNATIONAL Tbk,PT BATU KENCANA INDAH,Corporate,L,,INDONESIA,228053000,0,228053000,10.67
30-Jun-2026,KSIX,KENTANIX SUPRA INTERNATIONAL Tbk,PT PANCA MUARA JAYA,Corporate,L,,INDONESIA,251863000,0,251863000,11.78
30-Jun-2026,KSIX,KENTANIX SUPRA INTERNATIONAL Tbk,PT BADRA ARTA,Corporate,L,,INDONESIA,1257854000,0,1257854000,58.84
30-Jun-2026,KSIX,KENTANIX SUPRA INTERNATIONAL Tbk,ARYA MITRA,Corporate,L,,INDONESIA,90000000,0,90000000,4.21
30-Jun-2026,KSIX,KENTANIX SUPRA INTERNATIONAL Tbk,PT GRIYA INSANI CAKRA SADAYA,Firm,L,,INDONESIA,80000000,0,80000000,3.74
30-Jun-2026,KSIX,KENTANIX SUPRA INTERNATIONAL Tbk,KURNIADI PRAMITA ABADI,Individual,L,INDONESIAN,INDONESIA,56694200,0,56694200,2.65
30-Jun-2026,KUAS,ACE OLDFIELDS Tbk,PT. MDR RUKUN DAMAI MANDIRI,Corporate,L,,INDONESIA,0,59569640,59569640,4.61
30-Jun-2026,KUAS,ACE OLDFIELDS Tbk,PT. PURNAMA PRADANA USAHA,Corporate,L,,INDONESIA,0,29784820,29784820,2.3
30-Jun-2026,KUAS,ACE OLDFIELDS Tbk,PT. BONA DEKA JAVA,Corporate,L,,INDONESIA,0,117700040,117700040,9.1
30-Jun-2026,KUAS,ACE OLDFIELDS Tbk,PT. JATRA JAYA SENA,Corporate,L,,INDONESIA,0,54154220,54154220,4.19
30-Jun-2026,KUAS,ACE OLDFIELDS Tbk,PT DINAMIKA NUANSA ABADI,Corporate,L,,INDONESIA,0,36827260,36827260,2.85
30-Jun-2026,KUAS,ACE OLDFIELDS Tbk,PT NUR SANGKARA KAMARTA,Corporate,L,,,0,59569640,59569640,4.61
30-Jun-2026,KUAS,ACE OLDFIELDS Tbk,PT. ANUGRAH PRIMA INVESTAMA,Investment Fund Selling Agent,L,,INDONESIA,7700000,192062140,199762140,15.45
30-Jun-2026,KUAS,ACE OLDFIELDS Tbk,SANTOSO CHALID,Individual,L,INDONESIAN,INDONESIA,13403000,0,13403000,1.04
30-Jun-2026,KUAS,ACE OLDFIELDS Tbk,LIAUW DJAMALUDIN,Individual,L,INDONESIAN,INDONESIA,28587000,0,28587000,2.21
30-Jun-2026,KUAS,ACE OLDFIELDS Tbk,GRACE CAPITAL INVESTMENT LTD,,,,,0,352902780,352902780,27.3
30-Jun-2026,LABA,GREEN POWER GROUP Tbk,PT. Longping Investasi Indonesia,Corporate,L,,INDONESIA,130240600,0,130240600,11.8
30-Jun-2026,LABA,GREEN POWER GROUP Tbk,PT NEV STORED ENERGY,Corporate,L,,INDONESIA,281792900,0,281792900,25.54
30-Jun-2026,LABA,GREEN POWER GROUP Tbk,HENDRA ONGGOWIJAYA,Individual,L,INDONESIAN,INDONESIA,11500000,0,11500000,1.04
30-Jun-2026,LABA,GREEN POWER GROUP Tbk,WIYONO SARI SH,Individual,L,INDONESIAN,INDONESIA,12500000,0,12500000,1.13
30-Jun-2026,LABS,UBC MEDICAL INDONESIA Tbk,PT OPTEL INVESTAMA MULIA,Corporate,L,,,0,2859428400,2859428400,72.39
30-Jun-2026,LABS,UBC MEDICAL INDONESIA Tbk,SUMMER BEGINNING LIMITED,Private Equity,F,,"VIRGIN ISLANDS, BRITISH",117646900,0,117646900,2.98
30-Jun-2026,LABS,UBC MEDICAL INDONESIA Tbk,DAVID TANDRIS,Individual,L,INDONESIAN,INDONESIA,130000000,0,130000000,3.29
30-Jun-2026,LABS,UBC MEDICAL INDONESIA Tbk,SILVIA,Individual,L,INDONESIAN,INDONESIA,100000,130000000,130100000,3.29
30-Jun-2026,LABS,UBC MEDICAL INDONESIA Tbk,BUDI HARIADI,Individual,L,INDONESIAN,INDONESIA,0,130000000,130000000,3.29
30-Jun-2026,LAJU,JASA BERDIKARI LOGISTICS Tbk,MARCIA MARIA,,,,,0,144984000,144984000,6.74
30-Jun-2026,LAJU,JASA BERDIKARI LOGISTICS Tbk,"ERVIN NIAGA ABADI, PT",,,,,0,1304856000,1304856000,60.69
30-Jun-2026,LAND,TRIMITRA PROPERTINDO Tbk,PT. GRAHA MULIA INDOTAMA,Corporate,L,,INDONESIA,0,1029853200,1029853200,36.88
30-Jun-2026,LAND,TRIMITRA PROPERTINDO Tbk,PT TRIDAYA BANGUN CIPTA,Corporate,L,,INDONESIA,131000000,858466800,989466800,35.43
30-Jun-2026,LAND,TRIMITRA PROPERTINDO Tbk,ARCHENIUS NAPITUPULU,Individual,L,INDONESIAN,INDONESIA,49989900,0,49989900,1.79
30-Jun-2026,LAND,TRIMITRA PROPERTINDO Tbk,EKA PUSPITA RINI,Individual,L,INDONESIAN,INDONESIA,31466000,0,31466000,1.13
30-Jun-2026,LAPD,LEYAND INTERNATIONAL Tbk,PT JSI SINERGI MAS,Corporate,L,,INDONESIA,2022838500,0,2022838500,51.0
30-Jun-2026,LAPD,LEYAND INTERNATIONAL Tbk,GLOBAL KARYA INTI,Corporate,L,,INDONESIA,56539562,0,56539562,1.43
30-Jun-2026,LAPD,LEYAND INTERNATIONAL Tbk,JAKA LESMANA,Individual,L,INDONESIAN,INDONESIA,60932600,0,60932600,1.54
30-Jun-2026,LAPD,LEYAND INTERNATIONAL Tbk,BONG SAN SAN,Individual,L,INDONESIAN,INDONESIA,61098200,0,61098200,1.54
30-Jun-2026,LAPD,LEYAND INTERNATIONAL Tbk,GUMIWA ADIGUNA,Individual,L,INDONESIAN,INDONESIA,120654501,0,120654501,3.04
30-Jun-2026,LAPD,LEYAND INTERNATIONAL Tbk,JUCY JULIANA,Individual,L,INDONESIAN,INDONESIA,47448579,0,47448579,1.2
30-Jun-2026,LAPD,LEYAND INTERNATIONAL Tbk,YEO SIAK LING,Individual,F,SINGAPOREAN,SINGAPORE,58520876,0,58520876,1.48
30-Jun-2026,LAPD,LEYAND INTERNATIONAL Tbk,LAY SHI WEI,Individual,F,SINGAPOREAN,SINGAPORE,194351100,0,194351100,4.9
30-Jun-2026,LCGP,EUREKA PRIMA JAKARTA Tbk,PT. Fajar Indah Makmur Jaya,Corporate,L,,INDONESIA,263805500,0,263805500,4.69
30-Jun-2026,LCGP,EUREKA PRIMA JAKARTA Tbk,PT. SATA SAMUDRA INTERNASIONAL,Corporate,L,,INDONESIA,125329000,0,125329000,2.23
30-Jun-2026,LCGP,EUREKA PRIMA JAKARTA Tbk,MORGAN STANLEY AND CO INTERNATIONAL PLC,Corporate,F,,UNITED KINGDOM,61800000,0,61800000,1.1
30-Jun-2026,LCGP,EUREKA PRIMA JAKARTA Tbk,YAYASAN KESEJAHTERAAN BANK BUMI DAYA,Foundation,L,,INDONESIA,206162536,0,206162536,3.66
30-Jun-2026,LCGP,EUREKA PRIMA JAKARTA Tbk,"BANK DANAMON INDONESIA Tbk, PT - REGISTRAR",Bank,L,,INDONESIA,249925487,0,249925487,4.44
30-Jun-2026,LCGP,EUREKA PRIMA JAKARTA Tbk,NOMURA PB NOMINEES LTD.,Financial Institutional,F,,UNITED KINGDOM,65000000,0,65000000,1.15
30-Jun-2026,LCGP,EUREKA PRIMA JAKARTA Tbk,DR HENDRO  PRANOTO,Individual,L,INDONESIAN,INDONESIA,94830631,0,94830631,1.68
30-Jun-2026,LCGP,EUREKA PRIMA JAKARTA Tbk,PT. ASURANSI JIWA IFG,Insurance,L,,INDONESIA,263378515,0,263378515,4.68
30-Jun-2026,LCGP,EUREKA PRIMA JAKARTA Tbk,PERUSAHAAN PERSEROAN (PERSERO) PT ASABRI,State Owned Enterprises,L,,INDONESIA,370093277,0,370093277,6.57
30-Jun-2026,LCGP,EUREKA PRIMA JAKARTA Tbk,REKSA DANA TREASURE SAHAM MANTAP,Mutual Funds,L,,INDONESIA,270000000,0,270000000,4.8
30-Jun-2026,LCGP,EUREKA PRIMA JAKARTA Tbk,Reksa Dana Pan Arcadia Dana Saham Bertumbuh,Exchange Traded Funds,L,,INDONESIA,244200900,0,244200900,4.34
30-Jun-2026,LCGP,EUREKA PRIMA JAKARTA Tbk,REKSA DANA TF SUPER MAXXI,Mutual Funds,L,,INDONESIA,270000000,0,270000000,4.8
30-Jun-2026,LCGP,EUREKA PRIMA JAKARTA Tbk,REKSA DANA MINNA PADI KERATON II,Mutual Funds,L,,INDONESIA,100000000,0,100000000,1.78
30-Jun-2026,LCGP,EUREKA PRIMA JAKARTA Tbk,REKSA DANA POOL ADVISTA KAPITAL OPTIMAL,Mutual Funds,L,,INDONESIA,270000000,0,270000000,4.8
30-Jun-2026,LCGP,EUREKA PRIMA JAKARTA Tbk,REKSA DANA AURORA SMC EQUITY,Mutual Funds,L,,INDONESIA,58424800,0,58424800,1.04
30-Jun-2026,LCGP,EUREKA PRIMA JAKARTA Tbk,REKSA DANA MINNA PADI PRINGGONDANI SAHAM,Mutual Funds,L,,INDONESIA,131418022,0,131418022,2.33
30-Jun-2026,LCGP,EUREKA PRIMA JAKARTA Tbk,REKSA DANA EMCO MANTAP,Mutual Funds,L,,INDONESIA,193787400,0,193787400,3.44
30-Jun-2026,LCGP,EUREKA PRIMA JAKARTA Tbk,PERKUMPULAN PENSIUNAN BANK DAGANG NEGARA,Cooperatives,L,,INDONESIA,155358481,0,155358481,2.76
30-Jun-2026,LCGP,EUREKA PRIMA JAKARTA Tbk,JAKSA AGUNG MUDA BIDANG TINDAK PIDANA KHUSUS KEJAKSAAN REPUBLIK INDONESIA KEJAKSAAN REPUBLIK INDONESIA,Government,L,,INDONESIA,85772998,0,85772998,1.52
30-Jun-2026,LCGP,EUREKA PRIMA JAKARTA Tbk,DANA PENSIUN PUPUK KALIMANTAN TIMUR,Pension Funds,L,,INDONESIA,257053100,0,257053100,4.57
30-Jun-2026,LCGP,EUREKA PRIMA JAKARTA Tbk,DANA PENSIUN BUKIT ASAM,Pension Funds,L,,INDONESIA,312500000,0,312500000,5.55
30-Jun-2026,LCGP,EUREKA PRIMA JAKARTA Tbk,CREDIT SUISSE SEC (EUROPE) LIMITED-94644000,Securities Company,F,,UNITED KINGDOM,130000000,0,130000000,2.31
30-Jun-2026,LCKM,LCK GLOBAL KEDATON Tbk,PT LCK INVESTAMA PRIMA INDONESIA,Private Equity,L,,INDONESIA,627808000,0,627808000,62.78
30-Jun-2026,LCKM,LCK GLOBAL KEDATON Tbk,PT MAJUMAS,Corporate,L,,INDONESIA,42815900,0,42815900,4.28
30-Jun-2026,LCKM,LCK GLOBAL KEDATON Tbk,LIM CHIN KIM,Individual,F,MALAYSIAN,INDONESIA,47392700,0,47392700,4.74
30-Jun-2026,LEAD,LOGINDO SAMUDRAMAKMUR Tbk,PT JALAN TERANG SAMUDRA,Corporate,L,,INDONESIA,1345000000,0,1345000000,23.19
30-Jun-2026,LEAD,LOGINDO SAMUDRAMAKMUR Tbk,PACIFIC OFFSHORE PTE LTD,Corporate,F,,SINGAPORE,18039200,1295019000,1313058200,22.64
30-Jun-2026,LEAD,LOGINDO SAMUDRAMAKMUR Tbk,EDDY KURNIAWAN LOGAM,Individual,L,INDONESIAN,INDONESIA,285724300,0,285724300,4.93
30-Jun-2026,LEAD,LOGINDO SAMUDRAMAKMUR Tbk,MERNA LOGAM,Individual,L,INDONESIAN,INDONESIAN,3245100,92000000,95245100,1.64
30-Jun-2026,LEAD,LOGINDO SAMUDRAMAKMUR Tbk,DHEERAJ  LACHMAN  BHARWANI,Individual,L,INDONESIAN,,110450071,0,110450071,1.9
30-Jun-2026,LEAD,LOGINDO SAMUDRAMAKMUR Tbk,RUDY KURNIAWAN LOGAM,Individual,L,INDONESIAN,INDONESIA,120913200,0,120913200,2.08
30-Jun-2026,LEAD,LOGINDO SAMUDRAMAKMUR Tbk,PINKY NK,Individual,L,INDONESIAN,INDONESIA,194744700,0,194744700,3.36
30-Jun-2026,LEAD,LOGINDO SAMUDRAMAKMUR Tbk,MANOJ PITAMBER NANWANI,Individual,L,INDONESIAN,INDONESIA,302631256,0,302631256,5.22
30-Jun-2026,LEAD,LOGINDO SAMUDRAMAKMUR Tbk,OCP ASIA FUND V (SF 1) PTE. LIMITED,Private Equity,F,,SINGAPORE,254704500,0,254704500,4.39
30-Jun-2026,LEAD,LOGINDO SAMUDRAMAKMUR Tbk,OCP ASIA FUND IV (SF 1) PTE. LIMITED,Private Equity,F,,SINGAPORE,150295500,0,150295500,2.59
30-Jun-2026,LFLO,IMAGO MULIA PERSADA Tbk,CV. SOLUSI CUAN MAJU,Commanditaire Vennootschap (CV) Or Limited Partnership,L,,INDONESIA,61000000,0,61000000,4.66
30-Jun-2026,LFLO,IMAGO MULIA PERSADA Tbk,"ORIGINATION MULTI INDONESIA, PT",Corporate,L,,INDONESIA,62000000,0,62000000,4.74
30-Jun-2026,LFLO,IMAGO MULIA PERSADA Tbk,"BERKAH ALAM ASRI, PT",Corporate,L,,INDONESIA,59300000,0,59300000,4.53
30-Jun-2026,LFLO,IMAGO MULIA PERSADA Tbk,ERLANGGA KSATRIA,Individual,L,INDONESIAN,INDONESIA,319463460,0,319463460,24.43
30-Jun-2026,LFLO,IMAGO MULIA PERSADA Tbk,ANG PHEK TUAN,Individual,L,INDONESIAN,INDONESIA,25951280,400000000,425951280,32.57
30-Jun-2026,LFLO,IMAGO MULIA PERSADA Tbk,ENNY SOEGIARTO,Individual,L,INDONESIAN,INDONESIA,34402600,0,34402600,2.63
30-Jun-2026,LFLO,IMAGO MULIA PERSADA Tbk,PURNAMAWATI GUMULYA,Individual,L,INDONESIAN,INDONESIA,319463460,0,319463460,24.43
30-Jun-2026,LIFE,MSIG LIFE INSURANCE INDONESIA Tbk,SINAR MAS CAKRAWALA,Corporate,L,,INDONESIA,33888885,0,33888885,1.61
30-Jun-2026,LIFE,MSIG LIFE INSURANCE INDONESIA Tbk,PT TIMUR SUBUR,Corporate,L,,INDONESIA,27321299,0,27321299,1.3
30-Jun-2026,LIFE,MSIG LIFE INSURANCE INDONESIA Tbk,PT SINAR MAS MULTIARTHA Tbk,Corporate,L,,INDONESIA,262500000,0,262500000,12.5
30-Jun-2026,LIFE,MSIG LIFE INSURANCE INDONESIA Tbk,PT ASURANSI SIMAS JIWA,Insurance,L,,INDONESIA,44388301,0,44388301,2.11
30-Jun-2026,LIFE,MSIG LIFE INSURANCE INDONESIA Tbk,"MITSUI SUMITOMO INSURANCE CO.,LTD.",Insurance,F,,JAPAN,1680000000,0,1680000000,80.0
30-Jun-2026,LINK,LINK NET Tbk,"LINK NET, TBK, PT",Corporate,L,,INDONESIA,109241600,0,109241600,3.82
30-Jun-2026,LINK,LINK NET Tbk,PT XLSMART TELECOM SEJAHTERA TBK,Corporate,L,,INDONESIA,550316196,0,550316196,19.22
30-Jun-2026,LINK,LINK NET Tbk,RHB INVESTMENT BANK BERHAD,Bank,F,,MALAYSIA,36692377,0,36692377,1.28
30-Jun-2026,LINK,LINK NET Tbk,AXIATA INVESTMENTS (INDONESIA) SDN.BHD,Capital Market Supporting Institutions And Professions,F,,MALAYSIA,1986525127,0,1986525127,69.38
30-Jun-2026,LINK,LINK NET Tbk,REKSA DANA SUCORINVEST EQUITY PRIMA FUND,Mutual Funds,L,,INDONESIA,31009100,0,31009100,1.08
30-Jun-2026,LINK,LINK NET Tbk,MAYBANK SECURITIES PTE. LTD.,Investment Manager,F,,SINGAPORE,136203259,0,136203259,4.76
30-Jun-2026,LION,LION METAL WORKS Tbk,LION HOLDINGS SDN BHD,Corporate,F,,,0,150060000,150060000,28.85
30-Jun-2026,LION,LION METAL WORKS Tbk,LION HOLDINGS PRIVATE LIMITED,Corporate,F,,,0,150060000,150060000,28.85
30-Jun-2026,LION,LION METAL WORKS Tbk,GOLDWELL PACIFIC PTE LTD,Corporate,F,,SINGAPORE,20000000,0,20000000,3.84
30-Jun-2026,LION,LION METAL WORKS Tbk,LC INVESTMENTS (SINGAPORE) PTE LTD,Corporate,F,,,0,24490000,24490000,4.71
30-Jun-2026,LION,LION METAL WORKS Tbk,TRINIDAD INVESTMENT PTE LTD,Corporate,F,,SINGAPORE,12700000,10445000,23145000,4.45
30-Jun-2026,LION,LION METAL WORKS Tbk,DIANA SUSANTO,Individual,L,INDONESIAN,INDONESIA,5875700,0,5875700,1.13
30-Jun-2026,LION,LION METAL WORKS Tbk,Ang Kian Lee,Individual,F,SINGAPOREAN,,5850800,0,5850800,1.12
30-Jun-2026,LION,LION METAL WORKS Tbk,CHENG YOONG CHOONG,Individual,F,SINGAPOREAN,SINGAPORE,0,25362000,25362000,4.88
30-Jun-2026,LION,LION METAL WORKS Tbk,TAN KEOK BOON,Individual,F,SINGAPOREAN,SINGAPORE,20000000,0,20000000,3.84
30-Jun-2026,LION,LION METAL WORKS Tbk,CHENG YONG LIANG,Individual,F,SINGAPOREAN,SINGAPORE,0,25000000,25000000,4.81
30-Jun-2026,LION,LION METAL WORKS Tbk,NG SEOK KUAN,Individual,F,SINGAPOREAN,SINGAPORE,110000,7205000,7315000,1.41
30-Jun-2026,LION,LION METAL WORKS Tbk,JPMORGAN CHASE BANK NA SINGAPORE BRANCH,Private Bank,F,,SINGAPORE,24000000,0,24000000,4.61
30-Jun-2026,LIVE,HOMECO VICTORIA MAKMUR Tbk,PT. HOMECO GLOBAL INVESTASI,Corporate,L,,INDONESIA,3614320000,0,3614320000,78.69
30-Jun-2026,LIVE,HOMECO VICTORIA MAKMUR Tbk,CV. SUN AND MOON,Commanditaire Vennootschap (CV) Or Limited Partnership,L,,INDONESIA,53474000,0,53474000,1.16
30-Jun-2026,LIVE,HOMECO VICTORIA MAKMUR Tbk,TIENNIE SUMARSI,Individual,L,INDONESIAN,INDONESIA,71061900,0,71061900,1.55
30-Jun-2026,LIVE,HOMECO VICTORIA MAKMUR Tbk,ABRAHAM SATYA PUTERA,Individual,L,INDONESIAN,INDONESIA,110131339,0,110131339,2.4
30-Jun-2026,LIVE,HOMECO VICTORIA MAKMUR Tbk,PT TRIMEGAH SEKURITAS INDONESIA TBK,Securities Company,L,,INDONESIA,74000000,0,74000000,1.61
30-Jun-2026,LMAS,LIMAS INDONESIA MAKMUR Tbk,SUPARMAN TJAHAJA,Individual,L,INDONESIAN,INDONESIA,58777200,0,58777200,7.46
30-Jun-2026,LMAS,LIMAS INDONESIA MAKMUR Tbk,EKA SUHENDRA,Individual,L,INDONESIAN,INDONESIA,51429400,0,51429400,6.53
30-Jun-2026,LMAS,LIMAS INDONESIA MAKMUR Tbk,FATLY TJAHAJA,Individual,L,INDONESIAN,INDONESIA,8031700,0,8031700,1.02
30-Jun-2026,LMAS,LIMAS INDONESIA MAKMUR Tbk,WIDAYANTI DARMAWAN,Individual,L,INDONESIAN,INDONESIA,12448000,0,12448000,1.58
30-Jun-2026,LMAS,LIMAS INDONESIA MAKMUR Tbk,SIAUW YUNUS SUBANDI,Individual,L,INDONESIAN,INDONESIA,11200000,0,11200000,1.42
30-Jun-2026,LMAS,LIMAS INDONESIA MAKMUR Tbk,EFENDI,Individual,L,INDONESIAN,INDONESIA,20005000,0,20005000,2.54
30-Jun-2026,LMAS,LIMAS INDONESIA MAKMUR Tbk,LISA WIDIASARI ATMADJA,Individual,L,INDONESIAN,INDONESIA,10000000,0,10000000,1.27
30-Jun-2026,LMAS,LIMAS INDONESIA MAKMUR Tbk,UOB KAY HIAN (HONG KONG) LTD  (PLEDGE ACCOUNT) - MADISON PACIFIC TRUST LTD OBO ITEK BACHTIAR,Individual,L,INDONESIAN,INDONESIA,56957850,0,56957850,7.23
30-Jun-2026,LMAS,LIMAS INDONESIA MAKMUR Tbk,RIKY CANDJAYA HALIM,Individual,L,INDONESIAN,INDONESIA,8598100,0,8598100,1.09
30-Jun-2026,LMAX,LUPROMAX PELUMAS INDONESIA Tbk,TRISNO HARNADI,Individual,L,INDONESIAN,INDONESIA,0,86450000,86450000,13.3
30-Jun-2026,LMAX,LUPROMAX PELUMAS INDONESIA Tbk,JONG ANTON DWI PUTRO,Individual,L,INDONESIAN,INDONESIA,0,91000000,91000000,14.0
30-Jun-2026,LMAX,LUPROMAX PELUMAS INDONESIA Tbk,CLARISSA CALLUELLA HABERTH,Individual,L,INDONESIAN,INDONESIA,0,61425000,61425000,9.45
30-Jun-2026,LMAX,LUPROMAX PELUMAS INDONESIA Tbk,KARTIKO SOEMARGONO,Individual,L,INDONESIAN,INDONESIA,0,216125000,216125000,33.25
30-Jun-2026,LMAX,LUPROMAX PELUMAS INDONESIA Tbk,MICHAEL WIJAYA,Individual,L,INDONESIAN,INDONESIA,9888800,0,9888800,1.52
30-Jun-2026,LMAX,LUPROMAX PELUMAS INDONESIA Tbk,RAYMON YONARTO,Individual,L,INDONESIAN,INDONESIA,32252200,0,32252200,4.96
30-Jun-2026,LMAX,LUPROMAX PELUMAS INDONESIA Tbk,BRYAN JAYA RAFLI SJAHPUTRA,Individual,L,INDONESIAN,INDONESIA,10000000,0,10000000,1.54
30-Jun-2026,LMAX,LUPROMAX PELUMAS INDONESIA Tbk,ALPINO KIANJAYA,Individual,L,INDONESIAN,INDONESIA,19228700,0,19228700,2.96
30-Jun-2026,LMAX,LUPROMAX PELUMAS INDONESIA Tbk,AGUS SANUSI,Individual,L,INDONESIAN,INDONESIA,35478700,0,35478700,5.46
30-Jun-2026,LMPI,LANGGENG MAKMUR INDUSTRI Tbk,PT LANGGENG BAHAGIA,Corporate,L,,INDONESIA,132313291,0,132313291,13.12
30-Jun-2026,LMPI,LANGGENG MAKMUR INDUSTRI Tbk,ANDRE ALIM,Individual,L,INDONESIAN,INDONESIA,0,41056625,41056625,4.07
30-Jun-2026,LMPI,LANGGENG MAKMUR INDUSTRI Tbk,ANDREW ALIM,Individual,L,INDONESIAN,INDONESIA,0,10772612,10772612,1.07
30-Jun-2026,LMPI,LANGGENG MAKMUR INDUSTRI Tbk,HIDAYAT ALIM,Individual,L,INDONESIAN,INDONESIAN,0,385649140,385649140,38.24
30-Jun-2026,LMPI,LANGGENG MAKMUR INDUSTRI Tbk,PANGESTU ALIM,Individual,L,INDONESIAN,,302921271,0,302921271,30.04
30-Jun-2026,LMPI,LANGGENG MAKMUR INDUSTRI Tbk,REZAWAN HADINATA.IR,Individual,L,INDONESIAN,INDONESIA,27485600,0,27485600,2.73
30-Jun-2026,LMPI,LANGGENG MAKMUR INDUSTRI Tbk,HENDRA,Individual,L,INDONESIAN,INDONESIA,19514400,0,19514400,1.93
30-Jun-2026,LMPI,LANGGENG MAKMUR INDUSTRI Tbk,KANTOR PUSAT DJKN DITJEN KEKAYAAN NEGARA KEMENTRIAN KEUANGAN,Government,L,,INDONESIA,57901002,0,57901002,5.74
30-Jun-2026,LMSH,LIONMESH PRIMA Tbk,"BANTRUNK MURNI INDONESIA, PT",Corporate,L,,,0,3000000,3000000,3.13
30-Jun-2026,LMSH,LIONMESH PRIMA Tbk,LION HOLDINGS PRIVATE LIMITED,Corporate,F,,,0,24527000,24527000,25.55
30-Jun-2026,LMSH,LIONMESH PRIMA Tbk,GOLDWELL PACIFIC PTE LTD,Corporate,F,,SINGAPORE,4700000,0,4700000,4.9
30-Jun-2026,LMSH,LIONMESH PRIMA Tbk,TRINIDAD INVESTMENT PTE LTD,Corporate,F,,SINGAPORE,0,6400000,6400000,6.67
30-Jun-2026,LMSH,LIONMESH PRIMA Tbk,NINA KAGINDA,Individual,L,INDONESIAN,INDONESIA,1847500,0,1847500,1.92
30-Jun-2026,LMSH,LIONMESH PRIMA Tbk,NURKHALISHAH,Individual,L,INDONESIAN,INDONESIA,1847500,0,1847500,1.92
30-Jun-2026,LMSH,LIONMESH PRIMA Tbk,JUSUP  SUTRISNO,Individual,L,INDONESIAN,INDONESIAN,480000,9460000,9940000,10.35
30-Jun-2026,LMSH,LIONMESH PRIMA Tbk,SUWANTARA GOTAMA,Individual,L,INDONESIAN,INDONESIA,2325000,0,2325000,2.42
30-Jun-2026,LMSH,LIONMESH PRIMA Tbk,TJOE TJOE PENG LAWER S,Individual,L,INDONESIAN,INDONESIA,370000,9513000,9883000,10.29
30-Jun-2026,LMSH,LIONMESH PRIMA Tbk,CHENG WEN YI,Individual,F,SINGAPOREAN,SINGAPORE,2500000,0,2500000,2.6
30-Jun-2026,LMSH,LIONMESH PRIMA Tbk,CHENG YONG KIM,Individual,F,SINGAPOREAN,,3322200,0,3322200,3.46
30-Jun-2026,LMSH,LIONMESH PRIMA Tbk,CHENG YOONG CHOONG,Individual,F,SINGAPOREAN,SINGAPORE,3230400,0,3230400,3.37
30-Jun-2026,LMSH,LIONMESH PRIMA Tbk,CHENG YONG LIANG,Individual,F,SINGAPOREAN,SINGAPORE,3270400,0,3270400,3.41
30-Jun-2026,LMSH,LIONMESH PRIMA Tbk,CHENG ZHI WEI,Individual,F,SINGAPOREAN,SINGAPORE,4090300,0,4090300,4.26
30-Jun-2026,LMSH,LIONMESH PRIMA Tbk,CHENG YONG KWANG,Individual,F,SINGAPOREAN,,3245400,0,3245400,3.38
30-Jun-2026,LMSH,LIONMESH PRIMA Tbk,CHENG BOON LIN (ZHONG WENLIN),Individual,F,SINGAPOREAN,SINGAPORE,2500000,0,2500000,2.6
30-Jun-2026,LOPI,LOGISTICSPLUS INTERNATIONAL Tbk,PT SENTRA AMANAH VENTURA,Venture Capital,L,,INDONESIA,738449600,0,738449600,67.13
30-Jun-2026,LOPI,LOGISTICSPLUS INTERNATIONAL Tbk,JESSICA VIMEL LAURETTA,Individual,L,INDONESIAN,INDONESIA,39431800,0,39431800,3.58
30-Jun-2026,LOPI,LOGISTICSPLUS INTERNATIONAL Tbk,RUDY EFENDY,Individual,L,INDONESIAN,INDONESIA,14090000,0,14090000,1.28
30-Jun-2026,LOPI,LOGISTICSPLUS INTERNATIONAL Tbk,VIATOR SOERI,Individual,L,INDONESIAN,INDONESIA,20074000,0,20074000,1.82
30-Jun-2026,LOPI,LOGISTICSPLUS INTERNATIONAL Tbk,SIU SHIA,Individual,L,INDONESIAN,INDONESIA,17856600,0,17856600,1.62
30-Jun-2026,LOPI,LOGISTICSPLUS INTERNATIONAL Tbk,JONNY  S  PANGARIBUAN,Individual,L,INDONESIAN,INDONESIA,33536900,0,33536900,3.05
30-Jun-2026,LPCK,LIPPO CIKARANG Tbk,"KEMUNING SATIATAMA, PT",Corporate,L,,INDONESIA,179714000,4390147585,4569861585,89.0
30-Jun-2026,LPGI,LIPPO GENERAL INSURANCE Tbk,PT KRIDA KARYA GEMILANG SEMPURNA,Corporate,L,,INDONESIA,147000000,0,147000000,4.9
30-Jun-2026,LPGI,LIPPO GENERAL INSURANCE Tbk,"INTI ANUGERAH PRATAMA, PT",Investment Advisors,L,,INDONESIA,543000000,0,543000000,18.1
30-Jun-2026,LPGI,LIPPO GENERAL INSURANCE Tbk,PT. HANWHA LIFE INSURANCE INDONESIA,Insurance,L,,INDONESIA,385927000,0,385927000,12.86
30-Jun-2026,LPGI,LIPPO GENERAL INSURANCE Tbk,HANWHA GENERAL INSURANCE CO LTD,Insurance,F,,"KOREA, REPUBLIC OF",1845000000,0,1845000000,61.5
30-Jun-2026,LPIN,MULTI PRIMA SEJAHTERA Tbk,"MULTIPOLAR,PT,TBK",Corporate,L,,INDONESIA,347246400,0,347246400,81.71
30-Jun-2026,LPIN,MULTI PRIMA SEJAHTERA Tbk,SIAUW YUNUS SUBANDI,Individual,L,INDONESIAN,INDONESIA,10257600,0,10257600,2.41
30-Jun-2026,LPIN,MULTI PRIMA SEJAHTERA Tbk,TJENDRAWATI WIDJAJA,Individual,L,INDONESIAN,INDONESIA,13809600,0,13809600,3.25
30-Jun-2026,LPIN,MULTI PRIMA SEJAHTERA Tbk,HENDRA HIDAJAT,Individual,L,INDONESIAN,,6000000,0,6000000,1.41
30-Jun-2026,LPKR,LIPPO KARAWACI Tbk,"MULTIPOLAR,PT,TBK",Corporate,L,,INDONESIA,1209688800,0,1209688800,1.71
30-Jun-2026,LPKR,LIPPO KARAWACI Tbk,"KHARISMA BUANA NUSANTARA, PT",Investment Advisors,L,,INDONESIA,1323770784,0,1323770784,1.87
30-Jun-2026,LPKR,LIPPO KARAWACI Tbk,"PRIMANTARA UTAMA SEJAHTERA, PT",Investment Advisors,L,,INDONESIA,7371500000,0,7371500000,10.4
30-Jun-2026,LPKR,LIPPO KARAWACI Tbk,PT INVESTAMA CAHAYA ADIKARYA,Corporate,L,,INDONESIA,904218362,0,904218362,1.28
30-Jun-2026,LPKR,LIPPO KARAWACI Tbk,PT INTI ANUGERAH PRATAMA,Corporate,L,,INDONESIA,0,970017658,970017658,1.37
30-Jun-2026,LPKR,LIPPO KARAWACI Tbk,"INTI ANUGERAH PRATAMA, PT",Investment Advisors,L,,INDONESIA,13383306753,0,13383306753,18.88
30-Jun-2026,LPKR,LIPPO KARAWACI Tbk,CONNERY ASIA LIMITED,Corporate,F,,"VIRGIN ISLANDS, BRITISH",3602612240,0,3602612240,5.08
30-Jun-2026,LPKR,LIPPO KARAWACI Tbk,DBS BANK LTD S/A GW INVESTMENTS LIMITED,Corporate,F,,CAYMAN ISLANDS,1997800000,0,1997800000,2.82
30-Jun-2026,LPKR,LIPPO KARAWACI Tbk,SIERRA INCORPORATED,Corporate,F,,MALAYSIA,11259645290,0,11259645290,15.88
30-Jun-2026,LPKR,LIPPO KARAWACI Tbk,OUE INVESTMENTS PTE LTD,Corporate,F,,SINGAPORE,2322628777,0,2322628777,3.28
30-Jun-2026,LPKR,LIPPO KARAWACI Tbk,MORGAN STANLEY AND CO INTERNATIONAL PLC,Corporate,F,,UNITED KINGDOM,856287702,0,856287702,1.21
30-Jun-2026,LPKR,LIPPO KARAWACI Tbk,"NOMURA SECURITIES CO.,LTD.",Financial Institutional,F,,JAPAN,1634964600,0,1634964600,2.31
30-Jun-2026,LPKR,LIPPO KARAWACI Tbk,DBS BANK LTD.,Bank,F,,SINGAPORE,3624330600,0,3624330600,5.11
30-Jun-2026,LPKR,LIPPO KARAWACI Tbk,MANOJ PITAMBER NANWANI,Individual,L,INDONESIAN,INDONESIA,760888000,0,760888000,1.07
30-Jun-2026,LPKR,LIPPO KARAWACI Tbk,JALAN SEGAR LIMITED,Private Equity,F,,"VIRGIN ISLANDS, BRITISH",1700772700,0,1700772700,2.4
30-Jun-2026,LPKR,LIPPO KARAWACI Tbk,OCBC SECURITIES PRIVATE LIMITED,Securities Company,F,,SINGAPORE,858611443,0,858611443,1.21
30-Jun-2026,LPKR,LIPPO KARAWACI Tbk,MAYBANK SECURITIES PTE. LTD.,Investment Manager,F,,SINGAPORE,836200000,0,836200000,1.18
30-Jun-2026,LPLI,STAR PACIFIC Tbk,"KHARISMA BUANA NUSANTARA, PT",Investment Advisors,L,,INDONESIA,46817312,0,46817312,4.0
30-Jun-2026,LPLI,STAR PACIFIC Tbk,"INTI ANUGERAH PRATAMA, PT",Investment Advisors,L,,INDONESIA,592237809,0,592237809,50.6
30-Jun-2026,LPLI,STAR PACIFIC Tbk,"SANGGRAHA NUSA RAYA, PT",Corporate,L,,INDONESIA,28182688,0,28182688,2.41
30-Jun-2026,LPLI,STAR PACIFIC Tbk,HX TRADING LIMITED,Corporate,F,,"VIRGIN ISLANDS, BRITISH",207660767,0,207660767,17.74
30-Jun-2026,LPLI,STAR PACIFIC Tbk,BAMBANG PRANOWO,Individual,L,INDONESIAN,INDONESIA,20000000,0,20000000,1.71
30-Jun-2026,LPLI,STAR PACIFIC Tbk,SIAUW YUNUS SUBANDI,Individual,L,INDONESIAN,INDONESIA,49646400,0,49646400,4.24
30-Jun-2026,LPLI,STAR PACIFIC Tbk,IEVAN DANIAR SUMAMPOW,Individual,L,INDONESIAN,INDONESIA,20000000,0,20000000,1.71
30-Jun-2026,LPLI,STAR PACIFIC Tbk,ENDANG LESTARI PUJIASTUTI,Individual,L,INDONESIAN,INDONESIA,14377500,0,14377500,1.23
30-Jun-2026,LPPF,MDS RETAILING Tbk,PT AMB FINANSIAL INDONESIA,Corporate,L,,INDONESIA,60000000,0,60000000,2.69
30-Jun-2026,LPPF,MDS RETAILING Tbk,"MULTIPOLAR,PT,TBK",Corporate,L,,INDONESIA,209992000,0,209992000,9.43
30-Jun-2026,LPPF,MDS RETAILING Tbk,PT REKSA PUSPITA KARYA,Investment Advisors,L,,INDONESIA,100000000,0,100000000,4.49
30-Jun-2026,LPPF,MDS RETAILING Tbk,"CAHAYA INVESTAMA, PT",Corporate,L,,INDONESIA,100000000,0,100000000,4.49
30-Jun-2026,LPPF,MDS RETAILING Tbk,PT SURYA CIPTA INVESTAMA,Corporate,L,,INDONESIA,100000000,0,100000000,4.49
30-Jun-2026,LPPF,MDS RETAILING Tbk,AURIC DIGITAL RETAIL PTE LTD,Corporate,F,,SINGAPORE,960021796,0,960021796,43.1
30-Jun-2026,LPPF,MDS RETAILING Tbk,OUE INVESTMENTS PTE LTD,Corporate,F,,SINGAPORE,84814300,0,84814300,3.81
30-Jun-2026,LPPF,MDS RETAILING Tbk,MANOJ PITAMBER NANWANI,Individual,L,INDONESIAN,INDONESIA,39309000,0,39309000,1.76
30-Jun-2026,LPPF,MDS RETAILING Tbk,KENNETH RUDY KAMON,Individual,F,US,UNITED STATES,27403300,0,27403300,1.23
30-Jun-2026,LPPF,MDS RETAILING Tbk,PHILLIP SECURITIES PTE LTD,Investment Manager,F,,SINGAPORE,50448900,0,50448900,2.27
30-Jun-2026,LPPS,LENOX PASIFIK INVESTAMA Tbk,"BERKAT CAHAYA ANUGERAH,PT",Corporate,L,,INDONESIA,63489600,0,63489600,2.45
30-Jun-2026,LPPS,LENOX PASIFIK INVESTAMA Tbk,"BANGUN KARYA SELARAS, PT",Investment Advisors,L,,INDONESIA,51670900,0,51670900,2.0
30-Jun-2026,LPPS,LENOX PASIFIK INVESTAMA Tbk,"INTI ANUGERAH PRATAMA, PT",Investment Advisors,L,,INDONESIA,1747636749,0,1747636749,67.52
30-Jun-2026,LPPS,LENOX PASIFIK INVESTAMA Tbk,DBS BANK LTD.,Bank,F,,SINGAPORE,85474700,0,85474700,3.3
30-Jun-2026,LPPS,LENOX PASIFIK INVESTAMA Tbk,EKA SUHENDRA,Individual,L,INDONESIAN,INDONESIA,65814800,0,65814800,2.54
30-Jun-2026,LPPS,LENOX PASIFIK INVESTAMA Tbk,CHANG LIONG MENG,Individual,L,INDONESIAN,INDONESIA,30516450,0,30516450,1.18
30-Jun-2026,LPPS,LENOX PASIFIK INVESTAMA Tbk,SIAUW YUNUS SUBANDI,Individual,L,INDONESIAN,INDONESIA,102442566,0,102442566,3.96
30-Jun-2026,LRNA,EKA SARI LORENA TRANSPORT Tbk,"GADING DANALESTARI, PT",Corporate,L,,INDONESIA,44885500,0,44885500,12.82
30-Jun-2026,LRNA,EKA SARI LORENA TRANSPORT Tbk,LORENA PT,Corporate,L,,,0,199999998,199999998,57.14
30-Jun-2026,LRNA,EKA SARI LORENA TRANSPORT Tbk,"SEMANU MULTI DAYA, PT",Corporate,L,,INDONESIA,13378900,0,13378900,3.82
30-Jun-2026,LRNA,EKA SARI LORENA TRANSPORT Tbk,"HALIM MITRADANA INTERNASIONAL, PT",Corporate,L,,INDONESIA,12619800,0,12619800,3.61
30-Jun-2026,LRNA,EKA SARI LORENA TRANSPORT Tbk,JACKY LEE,Individual,L,INDONESIAN,INDONESIA,9905300,0,9905300,2.83
30-Jun-2026,LRNA,EKA SARI LORENA TRANSPORT Tbk,SIAUW YUNUS SUBANDI,Individual,L,INDONESIAN,INDONESIA,26808100,0,26808100,7.66
30-Jun-2026,LRNA,EKA SARI LORENA TRANSPORT Tbk,YAMIANDA ENDRA MANTIKA,Individual,L,INDONESIAN,INDONESIA,9600000,0,9600000,2.74
30-Jun-2026,LRNA,EKA SARI LORENA TRANSPORT Tbk,ADE FITRIYA SARI,Individual,L,INDONESIAN,INDONESIA,8728000,0,8728000,2.49
30-Jun-2026,LSIP,PP LONDON SUMATRA INDONESIA Tbk,PT SALIM IVOMAS PRATAMA TBK,Corporate,L,,INDONESIA,0,4058425010,4058425010,59.51
30-Jun-2026,LSIP,PP LONDON SUMATRA INDONESIA Tbk,DRS LO KHENG HONG,Individual,L,INDONESIAN,INDONESIA,92677200,0,92677200,1.36
30-Jun-2026,LSIP,PP LONDON SUMATRA INDONESIA Tbk,WINARNO TJAJADI,Individual,L,INDONESIAN,INDONESIA,310000000,0,310000000,4.55
30-Jun-2026,LSIP,PP LONDON SUMATRA INDONESIA Tbk,DJS KETENAGAKERJAAN PROGRAM JAMINAN HARI TUA,State Owned Enterprises,L,,INDONESIA,300492400,0,300492400,4.41
30-Jun-2026,LSIP,PP LONDON SUMATRA INDONESIA Tbk,PT TASPEN (PERSERO),State Owned Enterprises,L,,INDONESIA,232574500,0,232574500,3.41
30-Jun-2026,LTLS,LAUTAN LUAS Tbk,"LAUTAN LUAS TBK, PT",Corporate,L,,INDONESIA,95311200,0,95311200,6.11
30-Jun-2026,LTLS,LAUTAN LUAS Tbk,JPMCB NA RE-PT CATURKARSA MEGATUNGGAL,Firm,L,,INDONESIA,300000000,582864000,882864000,56.59
30-Jun-2026,LTLS,LAUTAN LUAS Tbk,PT Alas Pusaka,Corporate,L,,INDONESIA,48071600,0,48071600,3.08
30-Jun-2026,LTLS,LAUTAN LUAS Tbk,PT Lumbung Artakencana,Corporate,L,,INDONESIA,49195400,0,49195400,3.15
30-Jun-2026,LTLS,LAUTAN LUAS Tbk,GREAT VALLEY INVESTMENTS PTE LTD,Corporate,F,,SINGAPORE,43800000,0,43800000,2.81
30-Jun-2026,LTLS,LAUTAN LUAS Tbk,KDOJ HOLDINGS PTE LTD,Investment Advisors,F,,SINGAPORE,43808000,0,43808000,2.81
30-Jun-2026,LTLS,LAUTAN LUAS Tbk,REAM PTE LTD,Private Equity,F,,SINGAPORE,74880000,0,74880000,4.8
30-Jun-2026,LTLS,LAUTAN LUAS Tbk,NOMURA SINGAPORE LIMITED,Investment Advisors,F,,SINGAPORE,41039000,0,41039000,2.63
30-Jun-2026,LTLS,LAUTAN LUAS Tbk,Vonny Setiawaty,Individual,L,INDONESIAN,,38787000,0,38787000,2.49
30-Jun-2026,LTLS,LAUTAN LUAS Tbk,Teddy Jeffrey Katuari,Individual,L,INDONESIAN,,39096000,0,39096000,2.51
30-Jun-2026,LTLS,LAUTAN LUAS Tbk,Mimy Sulianti,Individual,L,INDONESIAN,INDONESIA,22986000,0,22986000,1.47
30-Jun-2026,LTLS,LAUTAN LUAS Tbk,Resources Fortune LTD,Partnership,F,,BRITISH INDIAN OCEAN TERRITORY,19078600,0,19078600,1.22
30-Jun-2026,LUCK,SENTRAL MITRA INFORMATIKA Tbk,SERIAL SYSTEM INTERNATIONAL PTE. LTD.,PermanentEstablishment,F,,SINGAPORE,106889040,0,106889040,14.93
30-Jun-2026,LUCK,SENTRAL MITRA INFORMATIKA Tbk,CGS INTERNATIONAL SECURITIES SINGAPORE PTE LTD,Private Bank,F,,SINGAPORE,16058600,0,16058600,2.24
30-Jun-2026,LUCK,SENTRAL MITRA INFORMATIKA Tbk,ANDRE IRAWAN,Individual,L,INDONESIAN,INDONESIA,21374900,0,21374900,2.99
30-Jun-2026,LUCK,SENTRAL MITRA INFORMATIKA Tbk,CAROLINE HIMAWATI HIDAJAT,Individual,L,INDONESIAN,INDONESIA,208998900,0,208998900,29.2
30-Jun-2026,LUCK,SENTRAL MITRA INFORMATIKA Tbk,CHRISTINE HERAWATI,Individual,L,INDONESIAN,INDONESIA,104499450,0,104499450,14.6
30-Jun-2026,LUCK,SENTRAL MITRA INFORMATIKA Tbk,JOSEPHINE HANDAYANI HIDAJAT,Individual,L,INDONESIAN,INDONESIA,104499450,0,104499450,14.6
30-Jun-2026,LUCY,LIMA DUA LIMA TIGA Tbk,PT DELTA WIBAWA BERSAMA,Corporate,L,,INDONESIA,521448069,0,521448069,34.42
30-Jun-2026,LUCY,LIMA DUA LIMA TIGA Tbk,PT PIJAR INVESTASI NUSANTARA,Corporate,L,,INDONESIA,70000000,0,70000000,4.62
30-Jun-2026,LUCY,LIMA DUA LIMA TIGA Tbk,PT SENTOSA BERSAMA MITRA,Corporate,L,,INDONESIA,75000000,0,75000000,4.95
30-Jun-2026,LUCY,LIMA DUA LIMA TIGA Tbk,PT NUSANTARA JAYA KULINA,Corporate,L,,INDONESIA,70000000,0,70000000,4.62
30-Jun-2026,LUCY,LIMA DUA LIMA TIGA Tbk,"HP CAPITAL RESOURCES, PT",Corporate,L,,INDONESIA,71069516,0,71069516,4.69
30-Jun-2026,LUCY,LIMA DUA LIMA TIGA Tbk,PT TATA TIRTA DATUN,Corporate,L,,INDONESIA,31150757,0,31150757,2.06
30-Jun-2026,LUCY,LIMA DUA LIMA TIGA Tbk,REFIN SATRIO,Individual,L,INDONESIAN,INDONESIA,18155600,0,18155600,1.2
30-Jun-2026,LUCY,LIMA DUA LIMA TIGA Tbk,AGUNG PURNOMO,Individual,L,INDONESIAN,INDONESIA,19486400,0,19486400,1.29
30-Jun-2026,LUCY,LIMA DUA LIMA TIGA Tbk,MARRITA ERHAR,Individual,L,INDONESIAN,INDONESIA,31869200,0,31869200,2.1
30-Jun-2026,LUCY,LIMA DUA LIMA TIGA Tbk,DIMAS WIBOWO,Individual,L,INDONESIAN,INDONESIA,383584486,0,383584486,25.32
30-Jun-2026,LUCY,LIMA DUA LIMA TIGA Tbk,HARTONO SUKIRYA,Individual,L,INDONESIAN,INDONESIA,40021400,0,40021400,2.64
30-Jun-2026,LUCY,LIMA DUA LIMA TIGA Tbk,NUGRAHANING DYAH LARASATI,Individual,L,INDONESIAN,INDONESIA,20730300,0,20730300,1.37
30-Jun-2026,LUCY,LIMA DUA LIMA TIGA Tbk,FERRY SUDJONO,Individual,L,INDONESIAN,INDONESIA,60000000,0,60000000,3.96
30-Jun-2026,MABA,MARGA ABHINAYA ABADI Tbk,PT. Sejahtera Mahkota Persada,Corporate,L,,INDONESIA,326800000,0,326800000,2.13
30-Jun-2026,MABA,MARGA ABHINAYA ABADI Tbk,"JAF ASIA INVESTMENT, PT",Corporate,L,,INDONESIA,432065300,0,432065300,2.81
30-Jun-2026,MABA,MARGA ABHINAYA ABADI Tbk,BP2S SINGAPORE/BNP PARIBAS SINGAPORE BRANCH WEALTH MANAGEMENT/PT SALIGADING BERSAMA,Corporate,L,,INDONESIA,2329493800,0,2329493800,15.16
30-Jun-2026,MABA,MARGA ABHINAYA ABADI Tbk,"BANK DANAMON INDONESIA Tbk, PT - REGISTRAR",Bank,L,,INDONESIA,474465024,0,474465024,3.09
30-Jun-2026,MABA,MARGA ABHINAYA ABADI Tbk,FRANCIS INDARTO,Individual,L,INDONESIAN,INDONESIA,1064850000,0,1064850000,6.93
30-Jun-2026,MABA,MARGA ABHINAYA ABADI Tbk,YOHANES HALIM,Individual,L,INDONESIAN,INDONESIA,545935700,0,545935700,3.55
30-Jun-2026,MABA,MARGA ABHINAYA ABADI Tbk,ANDREW NUGROHO SOEJANTO,Individual,L,INDONESIAN,INDONESIA,200000000,0,200000000,1.3
30-Jun-2026,MABA,MARGA ABHINAYA ABADI Tbk,PERUSAHAAN PERSEROAN (PERSERO) PT ASABRI,State Owned Enterprises,L,,INDONESIA,574794326,0,574794326,3.74
30-Jun-2026,MABA,MARGA ABHINAYA ABADI Tbk,PT.ASURANSI PURNA ARTANUGRAHA,Insurance,L,,INDONESIA,160000000,0,160000000,1.04
30-Jun-2026,MABA,MARGA ABHINAYA ABADI Tbk,REKSA DANA NARADA SAHAM INDONESIA,Mutual Funds,L,,INDONESIA,751862100,0,751862100,4.89
30-Jun-2026,MABA,MARGA ABHINAYA ABADI Tbk,REKSA DANA MINNA PADI PASOPATI SAHAM,Mutual Funds,L,,INDONESIA,178790653,0,178790653,1.16
30-Jun-2026,MABA,MARGA ABHINAYA ABADI Tbk,REKSA DANA PACIFIC EQUITY GROWTH FUND,Mutual Funds,L,,INDONESIA,300000000,0,300000000,1.95
30-Jun-2026,MABA,MARGA ABHINAYA ABADI Tbk,REKSA DANA NARADA CAMPURAN I,Mutual Funds,L,,INDONESIA,529456400,0,529456400,3.45
30-Jun-2026,MABA,MARGA ABHINAYA ABADI Tbk,REKSA DANA NARADA SAHAM INDONESIA II,Mutual Funds,L,,INDONESIA,639663100,0,639663100,4.16
30-Jun-2026,MABA,MARGA ABHINAYA ABADI Tbk,REKSA DANA MINNA PADI PRINGGONDANI SAHAM,Mutual Funds,L,,INDONESIA,156550027,0,156550027,1.02
30-Jun-2026,MABA,MARGA ABHINAYA ABADI Tbk,REKSA DANA EMCO MANTAP,Mutual Funds,L,,INDONESIA,614528500,0,614528500,4.0
30-Jun-2026,MABA,MARGA ABHINAYA ABADI Tbk,JAKSA AGUNG MUDA BIDANG TINDAK PIDANA KHUSUS KEJAKSAAN REPUBLIK INDONESIA KEJAKSAAN REPUBLIK INDONESIA,Government,L,,INDONESIA,2554310600,0,2554310600,16.62
30-Jun-2026,MAGP,MULTI AGRO GEMILANG PLANTATION Tbk,PT YABES PLANTATION INTERNATIONAL,Corporate,L,,INDONESIA,1421361800,0,1421361800,15.79
30-Jun-2026,MAGP,MULTI AGRO GEMILANG PLANTATION Tbk,PT. Santika Griya Persada,Corporate,L,,INDONESIA,4500000000,0,4500000000,50.0
30-Jun-2026,MAGP,MULTI AGRO GEMILANG PLANTATION Tbk,MAHARI SUBAJA,Individual,L,INDONESIAN,,108671800,0,108671800,1.21
30-Jun-2026,MAGP,MULTI AGRO GEMILANG PLANTATION Tbk,Ruddy Taufiq,Individual,L,INDONESIAN,,165385000,0,165385000,1.84
30-Jun-2026,MAGP,MULTI AGRO GEMILANG PLANTATION Tbk,JERRY KAMSUN,Individual,L,INDONESIAN,,119677700,0,119677700,1.33
30-Jun-2026,MAGP,MULTI AGRO GEMILANG PLANTATION Tbk,HEROWIRATNO GUNAWAN,Individual,L,INDONESIAN,INDONESIA,178260600,0,178260600,1.98
30-Jun-2026,MAGP,MULTI AGRO GEMILANG PLANTATION Tbk,LIONG JUEN FAT,Individual,L,INDONESIAN,,274535100,0,274535100,3.05
30-Jun-2026,MAGP,MULTI AGRO GEMILANG PLANTATION Tbk,DANA PENSIUN KARYAWAN PANIN BANK,Pension Funds,L,,INDONESIA,600000000,0,600000000,6.67
30-Jun-2026,MAHA,MANDIRI HERINDO ADIPERKASA Tbk,MANDIRI HERINDO ADIPERKASA TBK PT,Corporate,L,,INDONESIA,271030000,0,271030000,1.63
30-Jun-2026,MAHA,MANDIRI HERINDO ADIPERKASA Tbk,EDIKA AGUNG MANDIRI PT,Corporate,L,,INDONESIA,0,5750000000,5750000000,34.5
30-Jun-2026,MAHA,MANDIRI HERINDO ADIPERKASA Tbk,MUHAMMAD AKBAR,Individual,L,INDONESIAN,INDONESIA,0,625000000,625000000,3.75
30-Jun-2026,MAHA,MANDIRI HERINDO ADIPERKASA Tbk,HANDY GLIVIRGO,Individual,L,INDONESIAN,INDONESIA,60271100,625000000,685271100,4.11
30-Jun-2026,MAHA,MANDIRI HERINDO ADIPERKASA Tbk,DIAH ASRININGPURI SUGIANTO,Individual,L,INDONESIAN,INDONESIA,36853300,1250000000,1286853300,7.72
30-Jun-2026,MAHA,MANDIRI HERINDO ADIPERKASA Tbk,YENNY HAMIDAH KOEAN,Individual,L,INDONESIAN,INDONESIA,259416200,1250000000,1509416200,9.06
30-Jun-2026,MAHA,MANDIRI HERINDO ADIPERKASA Tbk,LOW TUCK KWONG,Individual,L,INDONESIAN,INDONESIA,770165200,0,770165200,4.62
30-Jun-2026,MAHA,MANDIRI HERINDO ADIPERKASA Tbk,EKA ROSITA KASIH,Individual,L,INDONESIAN,INDONESIA,0,1250000000,1250000000,7.5
30-Jun-2026,MAHA,MANDIRI HERINDO ADIPERKASA Tbk,ARIEF SUGIANTO,Individual,L,INDONESIAN,INDONESIA,0,1250000000,1250000000,7.5
30-Jun-2026,MAHA,MANDIRI HERINDO ADIPERKASA Tbk,HERMAN KUSNANTO KASIH T,Individual,L,INDONESIAN,INDONESIA,0,500000000,500000000,3.0
30-Jun-2026,MAHA,MANDIRI HERINDO ADIPERKASA Tbk,LOW YI NGO,Individual,F,SINGAPOREAN,INDONESIA,700000000,0,700000000,4.2
30-Jun-2026,MAIN,MALINDO FEEDMILL Tbk,PT CORIN INVESTA CORPORA,Corporate,L,,INDONESIA,113670000,0,113670000,5.08
30-Jun-2026,MAIN,MALINDO FEEDMILL Tbk,PT LEONG HUP JAYAINDO,Corporate,L,,INDONESIA,44559950,0,44559950,1.99
30-Jun-2026,MAIN,MALINDO FEEDMILL Tbk,DRAGON AMITY PTE LTD,Corporate,F,,SINGAPORE,1282143142,0,1282143142,57.27
30-Jun-2026,MAIN,MALINDO FEEDMILL Tbk,BANK OF SINGAPORE LIMITED,Private Bank,F,,SINGAPORE,57092195,0,57092195,2.55
30-Jun-2026,MAIN,MALINDO FEEDMILL Tbk,DRS LO KHENG HONG,Individual,L,INDONESIAN,INDONESIA,27656600,0,27656600,1.24
30-Jun-2026,MAIN,MALINDO FEEDMILL Tbk,LENNY MAGDALENA JOHAN,Individual,L,INDONESIAN,INDONESIA,40991420,0,40991420,1.83
30-Jun-2026,MAIN,MALINDO FEEDMILL Tbk,Lau Joo Yong,Individual,F,MALAYSIAN,MALAYSIA,28478333,0,28478333,1.27
30-Jun-2026,MAIN,MALINDO FEEDMILL Tbk,LAU JOO PERN,Individual,F,MALAYSIAN,MALAYSIA,58655133,0,58655133,2.62
30-Jun-2026,MAIN,MALINDO FEEDMILL Tbk,LAI CHONG KOO,Individual,F,MALAYSIAN,,28664333,0,28664333,1.28
30-Jun-2026,MAIN,MALINDO FEEDMILL Tbk,LAU JOO HONG,Individual,F,MALAYSIAN,MALAYSIA,36518885,0,36518885,1.63
30-Jun-2026,MAIN,MALINDO FEEDMILL Tbk,LAU WEE FONG,Individual,F,MALAYSIAN,MALAYSIA,26239333,0,26239333,1.17
30-Jun-2026,MAIN,MALINDO FEEDMILL Tbk,UOB KAY HIAN PTE LTD,Securities Company,F,,SINGAPORE,76553913,0,76553913,3.42
30-Jun-2026,MAIN,MALINDO FEEDMILL Tbk,MAYBANK SECURITIES PTE. LTD.,Investment Manager,F,,SINGAPORE,22541963,0,22541963,1.01
30-Jun-2026,MANG,MANGGUNG POLAHRAYA Tbk,MOHAMAD REZA PAHLEVI,Individual,L,INDONESIAN,INDONESIA,2080000000,0,2080000000,54.56
30-Jun-2026,MANG,MANGGUNG POLAHRAYA Tbk,FITRIA SEFTIANY,Individual,L,INDONESIAN,INDONESIA,57479500,0,57479500,1.51
30-Jun-2026,MANG,MANGGUNG POLAHRAYA Tbk,AFIANSYAH HARAHAP,Individual,L,INDONESIAN,INDONESIA,72344600,0,72344600,1.9
30-Jun-2026,MANG,MANGGUNG POLAHRAYA Tbk,TRIESTA MILANITA,Individual,L,INDONESIAN,INDONESIA,40642600,0,40642600,1.07
30-Jun-2026,MANG,MANGGUNG POLAHRAYA Tbk,IR NIAZIE GANI MSC,Individual,L,INDONESIAN,INDONESIA,260000000,0,260000000,6.82
30-Jun-2026,MANG,MANGGUNG POLAHRAYA Tbk,WIWIK ROBIATUL ADAWIYAH,Individual,L,INDONESIAN,INDONESIA,365000000,0,365000000,9.57
30-Jun-2026,MANG,MANGGUNG POLAHRAYA Tbk,NI KETUT MARIANI,Individual,L,INDONESIAN,INDONESIA,345000000,0,345000000,9.05
30-Jun-2026,MANG,MANGGUNG POLAHRAYA Tbk,AHMAD REZA SEPTIAN SE,Individual,L,INDONESIAN,INDONESIA,89800000,0,89800000,2.36
30-Jun-2026,MAPA,MAP AKTIF ADIPERKASA Tbk,"MITRA ADIPERKASA, TBK, PT",Corporate,L,,INDONESIA,3995800,19614990800,19618986600,68.83
30-Jun-2026,MAPA,MAP AKTIF ADIPERKASA Tbk,MORGAN STANLEY AND CO INTERNATIONAL PLC,Corporate,F,,UNITED KINGDOM,426599389,0,426599389,1.5
30-Jun-2026,MAPA,MAP AKTIF ADIPERKASA Tbk,PT ASURANSI ALLIANZ LIFE INDONESIA,Insurance,L,,INDONESIA,315210000,0,315210000,1.11
30-Jun-2026,MAPA,MAP AKTIF ADIPERKASA Tbk,PT. PRUDENTIAL LIFE ASSURANCE,Insurance,L,,INDONESIA,401767700,0,401767700,1.41
30-Jun-2026,MAPA,MAP AKTIF ADIPERKASA Tbk,NTASIAN DISCOVERY MASTER FUND,Hedge Fund,F,,CAYMAN ISLANDS,536074400,0,536074400,1.88
30-Jun-2026,MAPB,MAP BOGA ADIPERKASA Tbk,"MITRA ADIPERKASA, TBK, PT",Corporate,L,,INDONESIA,27607000,1691197138,1718804138,71.98
30-Jun-2026,MAPB,MAP BOGA ADIPERKASA Tbk,PT. LUMBUNG ALAM SENTOSA,Corporate,L,,INDONESIA,68000000,0,68000000,2.85
30-Jun-2026,MAPB,MAP BOGA ADIPERKASA Tbk,GA ROBUSTA F&B COMPANY PTE. LTD.,Private Equity,F,,SINGAPORE,480834533,0,480834533,20.14
30-Jun-2026,MAPB,MAP BOGA ADIPERKASA Tbk,UOB KAY HIAN PTE LTD,Securities Company,F,,SINGAPORE,76000000,0,76000000,3.18
30-Jun-2026,MAPI,MITRA ADIPERKASA Tbk,PACIFIC UNIVERSAL INVESTMENTS PTE LTD,Corporate,F,,SINGAPORE,8466000000,0,8466000000,51.0
30-Jun-2026,MAPI,MITRA ADIPERKASA Tbk,MORGAN STANLEY AND CO INTERNATIONAL PLC,Corporate,F,,UNITED KINGDOM,212350660,0,212350660,1.28
30-Jun-2026,MAPI,MITRA ADIPERKASA Tbk,BANK OF SINGAPORE LIMITED,Private Bank,F,,SINGAPORE,244239700,0,244239700,1.47
30-Jun-2026,MAPI,MITRA ADIPERKASA Tbk,DJS KETENAGAKERJAAN PROGRAM JAMINAN PENSIUN,State Owned Enterprises,L,,INDONESIA,624075200,0,624075200,3.76
30-Jun-2026,MAPI,MITRA ADIPERKASA Tbk,PT. PRUDENTIAL LIFE ASSURANCE,Insurance,L,,INDONESIA,241758600,0,241758600,1.46
30-Jun-2026,MAPI,MITRA ADIPERKASA Tbk,PICTET TR,Mutual Funds,F,,LUXEMBOURG,210728700,0,210728700,1.27
30-Jun-2026,MAPI,MITRA ADIPERKASA Tbk,LANNEBO GLOBAL,Mutual Funds,F,,SWEDEN,279170900,0,279170900,1.68
30-Jun-2026,MAPI,MITRA ADIPERKASA Tbk,LETKO BROSSEAU EMERGING MARKETS EQUITY FUND,Mutual Funds,F,,CANADA,440521275,0,440521275,2.65
30-Jun-2026,MAPI,MITRA ADIPERKASA Tbk,GOVERNMENT OF NORWAY,Sovereign Wealth Fund,F,,NORWAY,178939000,0,178939000,1.08
30-Jun-2026,MAPI,MITRA ADIPERKASA Tbk,EMPLOYEES PROVIDENT FUND BOARD,Pension Funds,F,,MALAYSIA,353222400,0,353222400,2.13
30-Jun-2026,MARI,MAHAKA RADIO INTEGRA Tbk,PT BEYOND MEDIA,Private Equity,L,,INDONESIA,2119299600,0,2119299600,40.35
30-Jun-2026,MARI,MAHAKA RADIO INTEGRA Tbk,"MAHAKA MEDIA TBK, PT",Corporate,L,,INDONESIA,847726874,0,847726874,16.14
30-Jun-2026,MARK,MARK DYNAMICS INDONESIA Tbk,PT DYNA CAPITAL INDO,Private Equity,L,,INDONESIA,786413062,0,786413062,20.7
30-Jun-2026,MARK,MARK DYNAMICS INDONESIA Tbk,PT MARK CAPITAL INDO,Private Equity,L,,INDONESIA,584957747,0,584957747,15.39
30-Jun-2026,MARK,MARK DYNAMICS INDONESIA Tbk,CGS INTERNATIONAL SECURITIES SINGAPORE PTE LTD,Private Bank,F,,SINGAPORE,181980500,0,181980500,4.79
30-Jun-2026,MARK,MARK DYNAMICS INDONESIA Tbk,SUTIYOSO BIN RISMAN,Individual,L,INDONESIAN,INDONESIA,51920800,0,51920800,1.37
30-Jun-2026,MARK,MARK DYNAMICS INDONESIA Tbk,TECABLE (HK) CO. LIMITED,Private Equity,F,,HONG KONG,166752061,1444078428,1610830489,42.39
30-Jun-2026,MARK,MARK DYNAMICS INDONESIA Tbk,FRONTAURA GLOBAL FRONTIER FUND LLC,Partnership,F,,UNITED STATES,40210000,0,40210000,1.06
30-Jun-2026,MASB,BANK MULTIARTA SENTOSA Tbk,DANABINA SENTANA PT,Corporate,L,,,0,738500000,738500000,52.67
30-Jun-2026,MASB,BANK MULTIARTA SENTOSA Tbk,MULTI ANEKADANA SAKTI PT,Corporate,L,,,0,263750000,263750000,18.81
30-Jun-2026,MASB,BANK MULTIARTA SENTOSA Tbk,PT HALIM SAKTI,Corporate,L,,INDONESIA,3660000,21100000,24760000,1.77
30-Jun-2026,MASB,BANK MULTIARTA SENTOSA Tbk,PT FUGUI FLOUR AND GRAIN INDONESIA,Corporate,L,,INDONESIA,55368000,0,55368000,3.95
30-Jun-2026,MASB,BANK MULTIARTA SENTOSA Tbk,PT Mitrajaya Ekaprana,Corporate,L,,INDONESIA,32309000,0,32309000,2.3
30-Jun-2026,MASB,BANK MULTIARTA SENTOSA Tbk,PT WINGS SURYA,Corporate,L,,INDONESIA,53841700,0,53841700,3.84
30-Jun-2026,MASB,BANK MULTIARTA SENTOSA Tbk,PT Alas Pusaka,Corporate,L,,INDONESIA,36972700,0,36972700,2.64
30-Jun-2026,MASB,BANK MULTIARTA SENTOSA Tbk,PT Lumbung Artakencana,Corporate,L,,INDONESIA,44562700,0,44562700,3.18
30-Jun-2026,MASB,BANK MULTIARTA SENTOSA Tbk,SARVOCHA HOLDINGS PTE LTD,Corporate,F,,SINGAPORE,17300000,0,17300000,1.23
30-Jun-2026,MASB,BANK MULTIARTA SENTOSA Tbk,UOB KAY HIAN PTE LTD,Securities Company,F,,SINGAPORE,63250000,0,63250000,4.51
30-Jun-2026,MAXI,MAXINDO KARYA ANUGERAH Tbk,ESTA PRIMA INVESTAMA PT,Investment Advisors,L,,INDONESIA,633343000,0,633343000,6.59
30-Jun-2026,MAXI,MAXINDO KARYA ANUGERAH Tbk,PT BINTANG MULIA GEMILANG,Corporate,L,,INDONESIA,2964750000,0,2964750000,30.85
30-Jun-2026,MAXI,MAXINDO KARYA ANUGERAH Tbk,PT DALLES CAPITAL ASIA,Corporate,L,,INDONESIA,250000000,0,250000000,2.6
30-Jun-2026,MAXI,MAXINDO KARYA ANUGERAH Tbk,PT AKASIA MAS INVESTAMA,Private Equity,L,,INDONESIA,921555420,0,921555420,9.59
30-Jun-2026,MAXI,MAXINDO KARYA ANUGERAH Tbk,PT KARYA NUSA PERDANA,Corporate,L,,INDONESIA,1862285700,0,1862285700,19.38
30-Jun-2026,MAXI,MAXINDO KARYA ANUGERAH Tbk,FREDDY SOEJANDY,Individual,L,INDONESIAN,INDONESIA,181998000,0,181998000,1.89
30-Jun-2026,MAXI,MAXINDO KARYA ANUGERAH Tbk,HARIATI TUPANG,Individual,L,INDONESIAN,INDONESIA,158657360,0,158657360,1.65
30-Jun-2026,MAXI,MAXINDO KARYA ANUGERAH Tbk,CANDRA GUNAWAN,Individual,L,INDONESIAN,INDONESIA,261160000,0,261160000,2.72
30-Jun-2026,MAXI,MAXINDO KARYA ANUGERAH Tbk,TJHIN LEERIS HARNI,Individual,L,INDONESIAN,INDONESIA,217600074,0,217600074,2.26
30-Jun-2026,MAXI,MAXINDO KARYA ANUGERAH Tbk,R.DJULIANTO HANDAYANI,Individual,L,INDONESIAN,INDONESIA,150000000,0,150000000,1.56
30-Jun-2026,MAXI,MAXINDO KARYA ANUGERAH Tbk,STEVEN CHRISTOPHER,Individual,L,INDONESIAN,INDONESIA,130976400,0,130976400,1.36
30-Jun-2026,MAXI,MAXINDO KARYA ANUGERAH Tbk,TINA IRAWATY,Individual,L,INDONESIAN,INDONESIA,139914509,0,139914509,1.46
30-Jun-2026,MAXI,MAXINDO KARYA ANUGERAH Tbk,HARRY ISTIANTO,Individual,L,INDONESIAN,INDONESIA,144747000,0,144747000,1.51
30-Jun-2026,MAXI,MAXINDO KARYA ANUGERAH Tbk,IVONNY,Individual,L,INDONESIAN,INDONESIA,132010000,0,132010000,1.37
30-Jun-2026,MAYA,BANK MAYAPADA INTERNASIONAL Tbk,PT GATSU GRIYA MEGATAMA,Corporate,L,,,0,2290586666,2290586666,8.75
30-Jun-2026,MAYA,BANK MAYAPADA INTERNASIONAL Tbk,WINGFIELD GLOBAL TRADING PTE.LTD.,Corporate,F,,SINGAPORE,576940936,0,576940936,2.2
30-Jun-2026,MAYA,BANK MAYAPADA INTERNASIONAL Tbk,UNITY RISE LIMITED,Corporate,F,,"VIRGIN ISLANDS, BRITISH",864724845,0,864724845,3.3
30-Jun-2026,MAYA,BANK MAYAPADA INTERNASIONAL Tbk,GALASCO INVESTMENTS LIMITED,Corporate,F,,"VIRGIN ISLANDS, BRITISH",860234661,0,860234661,3.29
30-Jun-2026,MAYA,BANK MAYAPADA INTERNASIONAL Tbk,BRILLIANT BAZAAR PTE LTD,Corporate,F,,SINGAPORE,560189546,0,560189546,2.14
30-Jun-2026,MAYA,BANK MAYAPADA INTERNASIONAL Tbk,CGS INTERNATIONAL SECURITIES SINGAPORE PTE LTD,Private Bank,F,,SINGAPORE,1200000100,0,1200000100,4.59
30-Jun-2026,MAYA,BANK MAYAPADA INTERNASIONAL Tbk,JONATHAN TAHIR,Individual,L,INDONESIAN,INDONESIA,81273500,1461133523,1542407023,5.89
30-Jun-2026,MAYA,BANK MAYAPADA INTERNASIONAL Tbk,TAHIR,Individual,L,INDONESIAN,INDONESIA,1282039477,3779416294,5061455771,19.34
30-Jun-2026,MAYA,BANK MAYAPADA INTERNASIONAL Tbk,CATHAY LIFE INSURANCE CO LTD,Insurance,F,,"TAIWAN, PROVINCE OF CHINA",2244483676,0,2244483676,8.58
30-Jun-2026,MAYA,BANK MAYAPADA INTERNASIONAL Tbk,MAYAPADA KARUNIA PT,,,,,0,6323076332,6323076332,24.16
30-Jun-2026,MAYA,BANK MAYAPADA INTERNASIONAL Tbk,MAYAPADA KASIH PT,,,,,0,3213222707,3213222707,12.28
30-Jun-2026,MBAP,MITRABARA ADIPERDANA Tbk,PT WAHANA SENTOSA CEMERLANG,Sole Proprietorship,L,,INDONESIA,110454460,625908692,736363152,60.0
30-Jun-2026,MBAP,MITRABARA ADIPERDANA Tbk,PT WAHANA BATUBARA INDONESIA,Corporate,L,,INDONESIA,368181600,0,368181600,30.0
30-Jun-2026,MBAP,MITRABARA ADIPERDANA Tbk,MAYBANK SINGAPORE LIMITED,Bank,F,,SINGAPORE,50736800,0,50736800,4.13
30-Jun-2026,MBAP,MITRABARA ADIPERDANA Tbk,GHAN DJOE HIANG,Individual,L,INDONESIAN,INDONESIA,21796900,0,21796900,1.78
30-Jun-2026,MBMA,MERDEKA BATTERY MATERIALS Tbk,PT PRIMA LANGIT NUSANTARA,Corporate,L,,INDONESIA,3451376688,0,3451376688,3.2
30-Jun-2026,MBMA,MERDEKA BATTERY MATERIALS Tbk,PT. SUWARNA ARTA MANDIRI,Corporate,L,,INDONESIA,2114430000,0,2114430000,1.96
30-Jun-2026,MBMA,MERDEKA BATTERY MATERIALS Tbk,PT PRIMA PUNCAK MULIA,Corporate,L,,INDONESIA,2937380000,0,2937380000,2.72
30-Jun-2026,MBMA,MERDEKA BATTERY MATERIALS Tbk,"MERDEKA BATTERY MATERIALS, TBK, PT",Corporate,L,,INDONESIA,1528895800,0,1528895800,1.42
30-Jun-2026,MBMA,MERDEKA BATTERY MATERIALS Tbk,"MERDEKA ENERGI NUSANTARA, PT",Corporate,L,,INDONESIA,54045287677,0,54045287677,50.04
30-Jun-2026,MBMA,MERDEKA BATTERY MATERIALS Tbk,PT. ALAM PERMAI,Corporate,L,,INDONESIA,5896520600,0,5896520600,5.46
30-Jun-2026,MBMA,MERDEKA BATTERY MATERIALS Tbk,FORTUNE GEMS INVESTMENTS LIMITED,Investment Advisors,F,,"VIRGIN ISLANDS, BRITISH",3134582300,0,3134582300,2.9
30-Jun-2026,MBMA,MERDEKA BATTERY MATERIALS Tbk,GOSSET HOLDINGS LIMITED,Corporate,F,,"VIRGIN ISLANDS, BRITISH",3561500700,0,3561500700,3.3
30-Jun-2026,MBMA,MERDEKA BATTERY MATERIALS Tbk,HUAYONG INTERNATIONAL (HONG KONG) LIMITED,Corporate,F,,HONG KONG,0,8149060000,8149060000,7.55
30-Jun-2026,MBMA,MERDEKA BATTERY MATERIALS Tbk,SANDPIPER GLOBAL FUND,Investment Advisors,F,,CAYMAN ISLANDS,1149060000,0,1149060000,1.06
30-Jun-2026,MBMA,MERDEKA BATTERY MATERIALS Tbk,GARIBALDI THOHIR,Individual,L,INDONESIAN,INDONESIA,2440854681,0,2440854681,2.26
30-Jun-2026,MBMA,MERDEKA BATTERY MATERIALS Tbk,HARDI WIJAYA LIONG,Individual,L,INDONESIAN,INDONESIA,1123774528,0,1123774528,1.04
30-Jun-2026,MBMA,MERDEKA BATTERY MATERIALS Tbk,EDWIN SOERYADJAYA,Individual,L,INDONESIAN,INDONESIA,1836504100,0,1836504100,1.7
30-Jun-2026,MBMA,MERDEKA BATTERY MATERIALS Tbk,WINATO KARTONO,Individual,L,INDONESIAN,INDONESIA,2192848313,0,2192848313,2.03
30-Jun-2026,MBMA,MERDEKA BATTERY MATERIALS Tbk,PHILIP SUWARDI PURNAMA,Individual,L,INDONESIAN,INDONESIA,2519261200,0,2519261200,2.33
30-Jun-2026,MBSS,MITRABAHTERA SEGARA SEJATI Tbk,PT GALLEY ADHIKA ARNAWAMA,Corporate,L,,INDONESIA,1443766800,0,1443766800,82.5
30-Jun-2026,MBSS,MITRABAHTERA SEGARA SEJATI Tbk,SUWANTARA GOTAMA,Individual,L,INDONESIAN,INDONESIA,42257800,0,42257800,2.41
30-Jun-2026,MBTO,MARTINA BERTO Tbk,JUNIARTO KURNIAWAN,Individual,L,INDONESIAN,,12131000,0,12131000,1.13
30-Jun-2026,MBTO,MARTINA BERTO Tbk,CHANDRA SUGIONO,Individual,L,INDONESIAN,INDONESIA,14173000,0,14173000,1.32
30-Jun-2026,MBTO,MARTINA BERTO Tbk,SIAUW YUNUS SUBANDI,Individual,L,INDONESIAN,INDONESIA,28615000,0,28615000,2.67
30-Jun-2026,MBTO,MARTINA BERTO Tbk,ADRIANUS ROMANG SURIAT,Individual,L,INDONESIAN,,18646400,0,18646400,1.74
30-Jun-2026,MBTO,MARTINA BERTO Tbk,"MARTHANA MEGAHAYU INTI, PT",,L,,,0,714999990,714999990,66.82
30-Jun-2026,MBTO,MARTINA BERTO Tbk,PT YULIE SEKURITAS INDONESIA TBK,Securities Company,L,,INDONESIA,33895600,0,33895600,3.17
30-Jun-2026,MCAS,M CASH INTEGRASI Tbk,PT. KRESNA ASSET MANAGEMENT S/A PT KRESNA USAHA KREATIF,Investment Advisors,L,,INDONESIA,31702400,0,31702400,3.65
30-Jun-2026,MCAS,M CASH INTEGRASI Tbk,PT HERO INTIPUTRA,Corporate,L,,INDONESIA,43281000,0,43281000,4.99
30-Jun-2026,MCAS,M CASH INTEGRASI Tbk,PT. 1 INTI DOT COM,Corporate,L,,INDONESIA,117232200,0,117232200,13.51
30-Jun-2026,MCAS,M CASH INTEGRASI Tbk,PT SOTERIA WICAKSANA INVESTAMA,Firm,L,,INDONESIA,29912900,0,29912900,3.45
30-Jun-2026,MCAS,M CASH INTEGRASI Tbk,PT KARYA KARUNIA PERSADA,Firm,L,,INDONESIA,44139900,0,44139900,5.09
30-Jun-2026,MCAS,M CASH INTEGRASI Tbk,PT HIKMAT SUKSES SEJAHTERA,Corporate,L,,INDONESIA,11835300,0,11835300,1.36
30-Jun-2026,MCAS,M CASH INTEGRASI Tbk,PT DISTRIBUSI VOUCHER NUSANTARA TBK,Corporate,L,,INDONESIA,24567400,0,24567400,2.83
30-Jun-2026,MCAS,M CASH INTEGRASI Tbk,RR CAPITAL GROUP PTE. LTD,Private Equity,F,,SINGAPORE,12818400,0,12818400,1.48
30-Jun-2026,MCAS,M CASH INTEGRASI Tbk,ABELL TECHNOLOGY GLOBAL PTE. LTD.,Corporate,F,,SINGAPORE,98902300,0,98902300,11.4
30-Jun-2026,MCAS,M CASH INTEGRASI Tbk,BANK OF SINGAPORE LIMITED,Private Bank,F,,SINGAPORE,83070600,0,83070600,9.57
30-Jun-2026,MCAS,M CASH INTEGRASI Tbk,SANTO SETIAWAN,Individual,L,INDONESIAN,INDONESIA,11200000,0,11200000,1.29
30-Jun-2026,MCAS,M CASH INTEGRASI Tbk,MARTIN SUHARLIE,Individual,L,INDONESIAN,INDONESIA,71054900,0,71054900,8.19
30-Jun-2026,MCAS,M CASH INTEGRASI Tbk,SANNY NANANG,Individual,L,INDONESIAN,INDONESIA,14118300,0,14118300,1.63
30-Jun-2026,MCAS,M CASH INTEGRASI Tbk,EDY SUSANTO,Individual,L,INDONESIAN,INDONESIA,10592800,0,10592800,1.22
30-Jun-2026,MCAS,M CASH INTEGRASI Tbk,SURYANDY JAHJA,Individual,L,INDONESIAN,INDONESIA,10659300,0,10659300,1.23
30-Jun-2026,MCAS,M CASH INTEGRASI Tbk,"CONSILIUM EXTENDED OPPORTUNITIES FUND, L.P.",Partnership,F,,UNITED STATES,12355100,0,12355100,1.42
30-Jun-2026,MCAS,M CASH INTEGRASI Tbk,PT KRESNA SEKURITAS,Securities Company,L,,INDONESIA,11019700,0,11019700,1.27
30-Jun-2026,MCAS,M CASH INTEGRASI Tbk,PT QUANTUM CLOVERA INVESTAMA TBK,Investment Manager,L,,INDONESIA,72288200,0,72288200,8.33
30-Jun-2026,MCOL,PRIMA ANDALAN MANDIRI Tbk,MANDIRI HERINDO ADIPERKASA TBK PT,Corporate,L,,INDONESIA,74522500,0,74522500,2.1
30-Jun-2026,MCOL,PRIMA ANDALAN MANDIRI Tbk,EDIKA AGUNG MANDIRI PT,Corporate,L,,INDONESIA,0,2176000000,2176000000,61.2
30-Jun-2026,MCOL,PRIMA ANDALAN MANDIRI Tbk,PT. KARYA TEKNIK INVESTAMA,Corporate,L,,INDONESIA,62771573,0,62771573,1.77
30-Jun-2026,MCOL,PRIMA ANDALAN MANDIRI Tbk,PT. PRIMA ANDALAN UTAMA,Corporate,L,,INDONESIA,0,992000000,992000000,27.9
30-Jun-2026,MCOL,PRIMA ANDALAN MANDIRI Tbk,YENNY HAMIDAH KOEAN,Individual,L,INDONESIAN,INDONESIA,54512900,0,54512900,1.53
30-Jun-2026,MCOR,BANK CHINA CONSTRUCTION BANK INDONESIA Tbk,PT APP PURINUSA EKAPERSADA,Corporate,L,,INDONESIA,0,1850000228,1850000228,4.88
30-Jun-2026,MCOR,BANK CHINA CONSTRUCTION BANK INDONESIA Tbk,CHINA CONSTRUCTION BANK CORPORATION,State Owned Company,F,,CHINA,22751563707,0,22751563707,60.0
30-Jun-2026,MCOR,BANK CHINA CONSTRUCTION BANK INDONESIA Tbk,ARENA RIVER INVESTMENT INC.,Private Equity,F,,"VIRGIN ISLANDS, BRITISH",1723775228,0,1723775228,4.55
30-Jun-2026,MCOR,BANK CHINA CONSTRUCTION BANK INDONESIA Tbk,BROADBAND GLOBAL PARTNERS INC.,Investment Advisors,F,,"VIRGIN ISLANDS, BRITISH",1671076228,0,1671076228,4.41
30-Jun-2026,MCOR,BANK CHINA CONSTRUCTION BANK INDONESIA Tbk,HARDY KOWARA,Individual,L,INDONESIAN,INDONESIA,489559002,0,489559002,1.29
30-Jun-2026,MCOR,BANK CHINA CONSTRUCTION BANK INDONESIA Tbk,DRS.JOHNNY,Individual,L,INDONESIAN,INDONESIA,2509223853,121889852,2631113705,6.94
30-Jun-2026,MCOR,BANK CHINA CONSTRUCTION BANK INDONESIA Tbk,UOB KAY HIAN PTE LTD,Securities Company,F,,SINGAPORE,3112832456,0,3112832456,8.21
30-Jun-2026,MDIA,INTERMEDIA CAPITAL Tbk,PT VISI MEDIA ASIA Tbk,Corporate,L,,INDONESIA,32658863400,0,32658863400,83.28
30-Jun-2026,MDIA,INTERMEDIA CAPITAL Tbk,DMS INVESTAMA PT,Corporate,L,,INDONESIA,2635000000,0,2635000000,6.72
30-Jun-2026,MDIA,INTERMEDIA CAPITAL Tbk,Topmerit Consulting Limited,Investment Advisors,F,,HONG KONG,663499000,0,663499000,1.69
30-Jun-2026,MDIA,INTERMEDIA CAPITAL Tbk,SUWANTARA GOTAMA,Individual,L,INDONESIAN,INDONESIA,410698100,0,410698100,1.05
30-Jun-2026,MDIA,INTERMEDIA CAPITAL Tbk,PT Recapital Sekuritas Indonesia (REKENING TAMPUNGAN KSEI UNTUK CLOSED MEMBER-LK001),Securities Company,L,,INDONESIA,441159000,0,441159000,1.12
30-Jun-2026,MDIY,DAYA INTIGUNA YASA Tbk,MDIH (SINGAPORE) PTE. LTD.,Corporate,F,,SINGAPORE,8957605900,0,8957605900,35.56
30-Jun-2026,MDIY,DAYA INTIGUNA YASA Tbk,SUNCOAST FINANCIAL INVESTMENTS LTD,Private Equity,F,,"VIRGIN ISLANDS, BRITISH",5834207200,0,5834207200,23.16
30-Jun-2026,MDIY,DAYA INTIGUNA YASA Tbk,DARWIN CYRIL NOERHADI,Individual,L,INDONESIAN,INDONESIA,521440000,0,521440000,2.07
30-Jun-2026,MDIY,DAYA INTIGUNA YASA Tbk,TAN YU YEH,Individual,F,MALAYSIAN,MALAYSIA,3544292500,0,3544292500,14.07
30-Jun-2026,MDIY,DAYA INTIGUNA YASA Tbk,TAN YU WEI,Individual,F,MALAYSIAN,MALAYSIA,1433815300,0,1433815300,5.69
30-Jun-2026,MDIY,DAYA INTIGUNA YASA Tbk,MAYBANK SECURITIES PTE. LTD.,Investment Manager,F,,SINGAPORE,939556300,0,939556300,3.73
30-Jun-2026,MDKA,MERDEKA COPPER GOLD Tbk,PT MITRA DAYA MUSTIKA,Corporate,L,,INDONESIA,2907302421,0,2907302421,11.88
30-Jun-2026,MDKA,MERDEKA COPPER GOLD Tbk,PT SRIVIJAYA KAPITAL,Investment Advisors,L,,INDONESIA,578401434,0,578401434,2.36
30-Jun-2026,MDKA,MERDEKA COPPER GOLD Tbk,PT. SUWARNA ARTA MANDIRI,Corporate,L,,INDONESIA,1337254738,0,1337254738,5.46
30-Jun-2026,MDKA,MERDEKA COPPER GOLD Tbk,SARATOGA INVESTAMA SEDAYA TBK PT,Corporate,L,,INDONESIA,4739493062,0,4739493062,19.37
30-Jun-2026,MDKA,MERDEKA COPPER GOLD Tbk,PT TRINUGRAHA THOHIR,Corporate,L,,INDONESIA,484105113,0,484105113,1.98
30-Jun-2026,MDKA,MERDEKA COPPER GOLD Tbk,PAEONIA 18 PARTNERS LTD,Corporate,F,,"VIRGIN ISLANDS, BRITISH",324600366,0,324600366,1.33
30-Jun-2026,MDKA,MERDEKA COPPER GOLD Tbk,PLUTUS 8 PARTNERS LTD,Corporate,F,,"VIRGIN ISLANDS, BRITISH",345055482,0,345055482,1.41
30-Jun-2026,MDKA,MERDEKA COPPER GOLD Tbk,"HONGKONG BRUNP & CATL CO., LIMITED",Corporate,F,,HONG KONG,1205542539,0,1205542539,4.93
30-Jun-2026,MDKA,MERDEKA COPPER GOLD Tbk,HSBC LTD-SINGAPORE BRANCH PRIVATE BANKING DIVISION ACCOUNT CLIENTS,Private Bank,F,,SINGAPORE,468172200,0,468172200,1.91
30-Jun-2026,MDKA,MERDEKA COPPER GOLD Tbk,GARIBALDI THOHIR,Individual,L,INDONESIAN,INDONESIA,1826062554,0,1826062554,7.46
30-Jun-2026,MDKA,MERDEKA COPPER GOLD Tbk,SAKTI WAHYU TRENGGONO,Individual,L,INDONESIAN,INDONESIA,253034733,0,253034733,1.03
30-Jun-2026,MDKA,MERDEKA COPPER GOLD Tbk,SANTOSO KARTONO,Individual,L,INDONESIAN,INDONESIA,335776406,0,335776406,1.37
30-Jun-2026,MDKA,MERDEKA COPPER GOLD Tbk,DJS KETENAGAKERJAAN PROGRAM JAMINAN HARI TUA,State Owned Enterprises,L,,INDONESIA,527100827,0,527100827,2.15
30-Jun-2026,MDKA,MERDEKA COPPER GOLD Tbk,PEMDA KABUPATEN BANYUWANGI,,,,,0,973250000,973250000,3.98
30-Jun-2026,MDKI,EMDEKI UTAMA Tbk,"EMDE INDUSTRI INVESTAMA, PT",Firm,L,,INDONESIA,71561600,1575000000,1646561600,65.08
30-Jun-2026,MDKI,EMDEKI UTAMA Tbk,PT DWITUNGGAL PERMATA,Corporate,L,,INDONESIA,0,65625000,65625000,2.59
30-Jun-2026,MDKI,EMDEKI UTAMA Tbk,BUDIMULIA INVESTAMA PT,Corporate,L,,,0,65625000,65625000,2.59
30-Jun-2026,MDKI,EMDEKI UTAMA Tbk,MEDYA LENGKEY S,Individual,L,INDONESIAN,INDONESIA,64285600,0,64285600,2.54
30-Jun-2026,MDKI,EMDEKI UTAMA Tbk,VIVIAN  SETJAKUSUMA,Individual,L,INDONESIAN,INDONESIA,2362100,131250000,133612100,5.28
30-Jun-2026,MDKI,EMDEKI UTAMA Tbk,SOEKRISMAN,,,,,0,65625000,65625000,2.59
30-Jun-2026,MDKI,EMDEKI UTAMA Tbk,MEGAH CIPTA INVESTAMA PT,,,,,0,65625000,65625000,2.59
30-Jun-2026,MDKI,EMDEKI UTAMA Tbk,CIPUTRA CORPORA PT,,,,,0,65625000,65625000,2.59
30-Jun-2026,MDKI,EMDEKI UTAMA Tbk,YUANTA SEC (HK) CO.LTD A/C CLIENT,Securities Company,F,,HONG KONG,34986200,0,34986200,1.38
30-Jun-2026,MDLA,MEDELA POTENTIA Tbk,PT ALFA VERITAS ENERGIZER,Corporate,L,,INDONESIA,150400000,0,150400000,1.07
30-Jun-2026,MDLA,MEDELA POTENTIA Tbk,PT EKON PRIMA,Corporate,L,,INDONESIA,0,1260000000,1260000000,8.99
30-Jun-2026,MDLA,MEDELA POTENTIA Tbk,VITA MAGNA TRINITA,Corporate,L,,INDONESIA,3360000000,0,3360000000,23.98
30-Jun-2026,MDLA,MEDELA POTENTIA Tbk,CAKRA UNIVERSAL PERSADA,Corporate,L,,INDONESIA,2940000000,0,2940000000,20.98
30-Jun-2026,MDLA,MEDELA POTENTIA Tbk,ZEDRA TRUST COMPANY (SINGAPORE) LTD AS TRUSTEE OF UNITY GROWTH FUND,Corporate,F,,SINGAPORE,384934400,0,384934400,2.75
30-Jun-2026,MDLA,MEDELA POTENTIA Tbk,PROVIDENTIA WEALTH ADVISORY LTD,Investment Manager,F,,SINGAPORE,487000000,0,487000000,3.48
30-Jun-2026,MDLA,MEDELA POTENTIA Tbk,DRA HETTY SOETIKNO,Individual,L,INDONESIAN,INDONESIA,2940000000,0,2940000000,20.98
30-Jun-2026,MDLA,MEDELA POTENTIA Tbk,EXECUTIVE GROWTH FUND,Mutual Funds,F,,SINGAPORE,564670800,0,564670800,4.03
30-Jun-2026,MDLA,MEDELA POTENTIA Tbk,FIDELITY FUNDS,Mutual Funds,F,,LUXEMBOURG,160271400,0,160271400,1.14
30-Jun-2026,MDLA,MEDELA POTENTIA Tbk,DANA PENSIUN LEMBAGA KEUANGAN AIA FINANCIAL,Pension Funds,L,,INDONESIA,159500000,0,159500000,1.14
30-Jun-2026,MDLA,MEDELA POTENTIA Tbk,CITIBANK NEW YORK S/A INTERNATIONAL FINANCE CORPORATION,Investment Manager,F,,UNITED STATES,1050000000,0,1050000000,7.49
30-Jun-2026,MDLN,MODERNLAND REALTY Tbk,PT HONORIS CORPORINDO PRATAMA,Corporate,L,,INDONESIA,1647364426,0,1647364426,13.14
30-Jun-2026,MDLN,MODERNLAND REALTY Tbk,PT MODERNLAND REALTY TBK,Corporate,L,,INDONESIA,585750900,0,585750900,4.67
30-Jun-2026,MDLN,MODERNLAND REALTY Tbk,PT. AMAN LANGGENG SENTOSA,Corporate,L,,INDONESIA,152586000,0,152586000,1.22
30-Jun-2026,MDLN,MODERNLAND REALTY Tbk,PT BUMI PERKASA PERMAI,Corporate,L,,INDONESIA,301308585,0,301308585,2.4
30-Jun-2026,MDLN,MODERNLAND REALTY Tbk,WELL GAIN FINANCE LIMITED,Corporate,F,,"VIRGIN ISLANDS, BRITISH",227932710,0,227932710,1.82
30-Jun-2026,MDLN,MODERNLAND REALTY Tbk,AA LAND PTE LTD,Corporate,F,,SINGAPORE,932515721,0,932515721,7.44
30-Jun-2026,MDLN,MODERNLAND REALTY Tbk,FU DONG INVESTMENT LIMITED,Corporate,F,,"VIRGIN ISLANDS, BRITISH",257500000,0,257500000,2.05
30-Jun-2026,MDLN,MODERNLAND REALTY Tbk,"ROSEWOOD STRATEGIC INVESTMENT, PTE. LTD.",Private Equity,F,,SINGAPORE,193574400,0,193574400,1.54
30-Jun-2026,MDLN,MODERNLAND REALTY Tbk,CGS INTERNATIONAL SECURITIES SINGAPORE PTE LTD,Private Bank,F,,SINGAPORE,825600100,0,825600100,6.59
30-Jun-2026,MDLN,MODERNLAND REALTY Tbk,RICHARD,Individual,L,INDONESIAN,INDONESIA,140865400,0,140865400,1.12
30-Jun-2026,MDLN,MODERNLAND REALTY Tbk,SIWIE HONORIS,Individual,L,INDONESIAN,INDONESIA,185876668,0,185876668,1.48
30-Jun-2026,MDLN,MODERNLAND REALTY Tbk,IDA BAGUS GEDE SASRA BHANUTAMA,Individual,L,INDONESIAN,INDONESIA,139075800,0,139075800,1.11
30-Jun-2026,MDLN,MODERNLAND REALTY Tbk,HAIYANTO,Individual,L,INDONESIAN,INDONESIA,1216996800,0,1216996800,9.71
30-Jun-2026,MDLN,MODERNLAND REALTY Tbk,MANOJ PITAMBER NANWANI,Individual,L,INDONESIAN,INDONESIA,222357300,0,222357300,1.77
30-Jun-2026,MDLN,MODERNLAND REALTY Tbk,KOPERASI SIMPAN PINJAM JASA,Corporate,L,,INDONESIA,144578000,0,144578000,1.15
30-Jun-2026,MDLN,MODERNLAND REALTY Tbk,CASTLE CAPITAL HOLDINGS INC,Corporate,F,,BRITISH INDIAN OCEAN TERRITORY,541516356,0,541516356,4.32
30-Jun-2026,MDLN,MODERNLAND REALTY Tbk,"PANIN SEKURITAS Tbk, PT",Securities Company,L,,INDONESIA,1973046620,0,1973046620,15.74
30-Jun-2026,MDRN,MODERN INTERNASIONAL Tbk,"BUKIT HEDAMA PERMAI, PT",Corporate,L,,INDONESIA,1305147327,303299100,1608446427,21.07
30-Jun-2026,MDRN,MODERN INTERNASIONAL Tbk,ASIALINK ELECTRONICS PTE LTD,Corporate,F,,SWITZERLAND,602931700,0,602931700,7.9
30-Jun-2026,MDRN,MODERN INTERNASIONAL Tbk,CIMB PRIVATE EQUITY SDN BHD,Private Equity,F,,MALAYSIA,473640818,0,473640818,6.21
30-Jun-2026,MDRN,MODERN INTERNASIONAL Tbk,SUNGKONO HONORIS,Individual,L,INDONESIAN,INDONESIA,2689080200,0,2689080200,35.23
30-Jun-2026,MDRN,MODERN INTERNASIONAL Tbk,SUNARTO CHANDRA,Individual,L,INDONESIAN,INDONESIA,82565100,0,82565100,1.08
30-Jun-2026,MDRN,MODERN INTERNASIONAL Tbk,INTI PUTRAMODERN,,,,,0,344187500,344187500,4.51
30-Jun-2026,MDRN,MODERN INTERNASIONAL Tbk,REKSA DANA MINNA PADI PROPERTY PLUS,Mutual Funds,L,,INDONESIA,143294152,0,143294152,1.88
30-Jun-2026,MEDC,MEDCO ENERGI INTERNASIONAL Tbk,PT MEDCO ENERGI INTERNASIONAL TBK,Corporate,L,,INDONESIA,409295578,0,409295578,1.63
30-Jun-2026,MEDC,MEDCO ENERGI INTERNASIONAL Tbk,PT KEMILAU INVESTAMA MAKMUR,Corporate,L,,INDONESIA,713329549,0,713329549,2.84
30-Jun-2026,MEDC,MEDCO ENERGI INTERNASIONAL Tbk,PT. MEDCO DAYA ABADI LESTARI,Corporate,L,,INDONESIA,12944140124,0,12944140124,51.5
30-Jun-2026,MEDC,MEDCO ENERGI INTERNASIONAL Tbk,DIAMOND BRIDGE PTE LTD,Private Equity,F,,SINGAPORE,5395205771,0,5395205771,21.46
30-Jun-2026,MEDC,MEDCO ENERGI INTERNASIONAL Tbk,DJS KETENAGAKERJAAN PROGRAM JAMINAN PENSIUN,State Owned Enterprises,L,,INDONESIA,254913800,0,254913800,1.01
30-Jun-2026,MEDC,MEDCO ENERGI INTERNASIONAL Tbk,PT. PRUDENTIAL LIFE ASSURANCE,Insurance,L,,INDONESIA,267581366,0,267581366,1.06
30-Jun-2026,MEDS,HETZER MEDICAL INDONESIA Tbk,PT INTAN SAKTI WIRATAMA,Corporate,L,,INDONESIA,46478600,0,46478600,2.97
30-Jun-2026,MEDS,HETZER MEDICAL INDONESIA Tbk,PT YOVANDO KARYA MEDIKA,Corporate,L,,INDONESIA,50000000,0,50000000,3.2
30-Jun-2026,MEDS,HETZER MEDICAL INDONESIA Tbk,PT JESIVINDO JUVATAMA,Corporate,L,,INDONESIA,15760500,0,15760500,1.01
30-Jun-2026,MEDS,HETZER MEDICAL INDONESIA Tbk,JEMMY KURNIAWAN,Individual,L,INDONESIAN,INDONESIA,889570900,0,889570900,56.93
30-Jun-2026,MEDS,HETZER MEDICAL INDONESIA Tbk,PEGGY YOVIES,Individual,L,INDONESIAN,INDONESIA,34368000,0,34368000,2.2
30-Jun-2026,MEDS,HETZER MEDICAL INDONESIA Tbk,GHO JHONY GOZALY,Individual,L,INDONESIAN,INDONESIA,23355400,0,23355400,1.49
30-Jun-2026,MEGA,BANK MEGA Tbk,INDOFOOD CBP SUKSES MAKMUR Tbk,Corporate,L,,INDONESIA,711197946,0,711197946,3.03
30-Jun-2026,MEGA,BANK MEGA Tbk,PT. Prima Visualindo,Corporate,L,,INDONESIA,1149212192,0,1149212192,4.89
30-Jun-2026,MEGA,BANK MEGA Tbk,PT MEGAH ERARAHARJA,Corporate,L,,INDONESIA,1078810894,0,1078810894,4.59
30-Jun-2026,MEGA,BANK MEGA Tbk,INDOFOOD SUKSES MAKMUR TBK,Corporate,L,,INDONESIA,1007269590,0,1007269590,4.29
30-Jun-2026,MEGA,BANK MEGA Tbk,PT. SALIM CHEMICALS CORPORA,Corporate,L,,INDONESIA,396436114,0,396436114,1.69
30-Jun-2026,MEGA,BANK MEGA Tbk,PT LINTAS SEJAHTERA LANGGENG,Corporate,L,,INDONESIA,1057935164,0,1057935164,4.51
30-Jun-2026,MEGA,BANK MEGA Tbk,PT INSAN ASIA NUSANTARA,Corporate,L,,INDONESIA,993399206,0,993399206,4.23
30-Jun-2026,MEGA,BANK MEGA Tbk,PT MEGA CORPORA,Firm,L,,INDONESIA,13624447228,0,13624447228,58.02
30-Jun-2026,MEGA,BANK MEGA Tbk,WINDSOR INVESTMENT FUND LIMITED,Private Equity,F,,VANUATU,266149300,0,266149300,1.13
30-Jun-2026,MEGA,BANK MEGA Tbk,CHEMINVEST LIMITED,Corporate,F,,"VIRGIN ISLANDS, BRITISH",755966772,0,755966772,3.22
30-Jun-2026,MEGA,BANK MEGA Tbk,PT Indolife Pensiontama,Insurance,L,,INDONESIA,1148371842,0,1148371842,4.89
30-Jun-2026,MEGA,BANK MEGA Tbk,PT ASURANSI CENTRAL ASIA,Insurance,L,,INDONESIA,941450670,0,941450670,4.01
30-Jun-2026,MEJA,HARTA DJAYA KARYA Tbk,"HASKOJAYA ABADI,PT",Corporate,L,,INDONESIA,27315800,0,27315800,1.05
30-Jun-2026,MEJA,HARTA DJAYA KARYA Tbk,PT TRIPLE BERSAMA BERKAH,Corporate,L,,INDONESIA,1025319283,0,1025319283,39.31
30-Jun-2026,MEJA,HARTA DJAYA KARYA Tbk,DONNY HARTANTO,Individual,L,INDONESIAN,INDONESIA,89757765,0,89757765,3.44
30-Jun-2026,MEJA,HARTA DJAYA KARYA Tbk,EVAN ISKANDAR,Individual,L,INDONESIAN,INDONESIA,27698066,0,27698066,1.06
30-Jun-2026,MEJA,HARTA DJAYA KARYA Tbk,MARIA CHRISTINA S,Individual,L,INDONESIAN,INDONESIA,29292900,0,29292900,1.12
30-Jun-2026,MEJA,HARTA DJAYA KARYA Tbk,SUPIAN,Individual,L,INDONESIAN,INDONESIA,26773083,0,26773083,1.03
30-Jun-2026,MEJA,HARTA DJAYA KARYA Tbk,WILLIAM FEBRIAN ADIANTO,Individual,L,INDONESIAN,INDONESIA,36776333,0,36776333,1.41
30-Jun-2026,MENN,MENN TEKNOLOGI INDONESIA Tbk,PT KALIMANTAN INDAH KEDEPAN,Corporate,L,,INDONESIA,30872300,0,30872300,2.15
30-Jun-2026,MENN,MENN TEKNOLOGI INDONESIA Tbk,PT. NEGARA MAJU MAKMUR,Corporate,L,,INDONESIA,63038700,0,63038700,4.4
30-Jun-2026,MENN,MENN TEKNOLOGI INDONESIA Tbk,JORA NILAM JUDGE,Individual,L,INDONESIAN,INDONESIA,263500000,0,263500000,18.37
30-Jun-2026,MENN,MENN TEKNOLOGI INDONESIA Tbk,LINA JONI,Individual,L,INDONESIAN,INDONESIA,28000000,0,28000000,1.95
30-Jun-2026,MENN,MENN TEKNOLOGI INDONESIA Tbk,ARIEF SENTOSA,Individual,L,INDONESIAN,INDONESIA,20000000,0,20000000,1.39
30-Jun-2026,MENN,MENN TEKNOLOGI INDONESIA Tbk,DARVIN WIJAYA SUTANTO,Individual,L,INDONESIAN,INDONESIA,19800000,0,19800000,1.38
30-Jun-2026,MENN,MENN TEKNOLOGI INDONESIA Tbk,MUHAMAD SAMSUL ARIF,Individual,L,INDONESIAN,INDONESIA,14724500,0,14724500,1.03
30-Jun-2026,MENN,MENN TEKNOLOGI INDONESIA Tbk,DJONI,Individual,L,INDONESIAN,INDONESIA,70000000,0,70000000,4.88
30-Jun-2026,MENN,MENN TEKNOLOGI INDONESIA Tbk,LAURA JONI,Individual,L,INDONESIAN,INDONESIA,26500000,0,26500000,1.85
30-Jun-2026,MENN,MENN TEKNOLOGI INDONESIA Tbk,STEVEN,Individual,L,INDONESIAN,INDONESIA,30000000,0,30000000,2.09
30-Jun-2026,MENN,MENN TEKNOLOGI INDONESIA Tbk,ROBETH.J,Individual,L,INDONESIAN,INDONESIA,32975600,0,32975600,2.3
30-Jun-2026,MENN,MENN TEKNOLOGI INDONESIA Tbk,YENNY OVIANTI,Individual,L,INDONESIAN,INDONESIA,23500000,0,23500000,1.64
30-Jun-2026,MENN,MENN TEKNOLOGI INDONESIA Tbk,MICHAEL ANDY SUSANTO,Individual,L,INDONESIAN,INDONESIA,23000000,0,23000000,1.6
30-Jun-2026,MENN,MENN TEKNOLOGI INDONESIA Tbk,LORETTA JONI,Individual,L,INDONESIAN,INDONESIA,25000000,0,25000000,1.74
30-Jun-2026,MENN,MENN TEKNOLOGI INDONESIA Tbk,FLORENSIA KARTINI TEDJA,Individual,F,US,UNITED STATES,19500000,0,19500000,1.36
30-Jun-2026,MERI,MERRY RIANA EDUKASI Tbk,PT MERRY RIANA INDONESIA,Corporate,L,,,0,599999920,599999920,57.96
30-Jun-2026,MERI,MERRY RIANA EDUKASI Tbk,"TANCORP INVESTAMA MULIA, PT",Corporate,L,,INDONESIA,0,200000000,200000000,19.32
30-Jun-2026,MERK,MERCK Tbk,EMEDIA EXPORT COMPANY MBH,Firm,F,,GERMANY,56711920,0,56711920,12.66
30-Jun-2026,MERK,MERCK Tbk,CACEIS BANK/NON TREATY UCITS CLIENTS,Bank,F,,FRANCE,5335900,0,5335900,1.19
30-Jun-2026,MERK,MERCK Tbk,THERESIA SETYOWATI SUROSO,Individual,L,INDONESIAN,INDONESIA,11220000,0,11220000,2.5
30-Jun-2026,MERK,MERCK Tbk,MERCK HOLDING GMBH,,,,,0,331483000,331483000,73.99
30-Jun-2026,MERK,MERCK Tbk,CITIBANK NEW YORK S/A RAINBOW FUND LP,Partnership,F,,UNITED STATES,9668900,0,9668900,2.16
30-Jun-2026,META,NUSANTARA INFRASTRUCTURE Tbk,PT NUSANTARA INFRASTRUCTURE TBK - CPD010982852331,Corporate,L,,INDONESIA,385455000,0,385455000,2.18
30-Jun-2026,META,NUSANTARA INFRASTRUCTURE Tbk,PT METRO PACIFIC TOLLWAYS INDONESIA SERVICES,Corporate,L,,INDONESIA,17204056874,0,17204056874,97.14
30-Jun-2026,MFMI,MULTIFILING MITRA INDONESIA Tbk,IRON MOUNTAIN HONG KONG LIMITED,Investment Advisors,F,,HONG KONG,752632700,0,752632700,99.35
30-Jun-2026,MGLV,PANCA ANUGRAH WISESA Tbk,NEXTIER DATAMATE CENTER PT,Corporate,L,,INDONESIA,1500000000,0,1500000000,78.74
30-Jun-2026,MGLV,PANCA ANUGRAH WISESA Tbk,MANDALA TIMUR INVESRINDO PT,Corporate,L,,INDONESIA,32000000,0,32000000,1.68
30-Jun-2026,MGLV,PANCA ANUGRAH WISESA Tbk,ANDROMEDA TECHNOLOGY INVESTAMA PT,Corporate,L,,INDONESIA,48000000,0,48000000,2.52
30-Jun-2026,MGLV,PANCA ANUGRAH WISESA Tbk,CELERA MAKMOER INDONESIA PT,Corporate,L,,INDONESIA,42000000,0,42000000,2.2
30-Jun-2026,MGLV,PANCA ANUGRAH WISESA Tbk,"TRINUGRAHA THOHIR HARMONI, PT",Corporate,L,,INDONESIA,92500000,0,92500000,4.86
30-Jun-2026,MGLV,PANCA ANUGRAH WISESA Tbk,CITIBANK N.A.,Private Bank,F,,SINGAPORE,33500000,0,33500000,1.76
30-Jun-2026,MGLV,PANCA ANUGRAH WISESA Tbk,BANK OF SINGAPORE LIMITED,Private Bank,F,,SINGAPORE,33500000,0,33500000,1.76
30-Jun-2026,MGNA,MAGNA INVESTAMA MANDIRI Tbk,PT. VICTORIA INVESTAMA Tbk,Brokerage Firms,L,,INDONESIA,49013600,0,49013600,1.44
30-Jun-2026,MGNA,MAGNA INVESTAMA MANDIRI Tbk,PT. REGIS PRATAMA INDONESIA,Corporate,L,,INDONESIA,48000000,0,48000000,1.41
30-Jun-2026,MGNA,MAGNA INVESTAMA MANDIRI Tbk,PT Surya Cakra Multi Sarana,Corporate,L,,INDONESIA,36000000,0,36000000,1.06
30-Jun-2026,MGNA,MAGNA INVESTAMA MANDIRI Tbk,PT. BINTANG MITRA SEMESTARAYA TBK,Corporate,L,,INDONESIA,48070000,0,48070000,1.41
30-Jun-2026,MGNA,MAGNA INVESTAMA MANDIRI Tbk,PT. Askar Pelangi Abadi,Corporate,L,,INDONESIA,42500000,0,42500000,1.25
30-Jun-2026,MGNA,MAGNA INVESTAMA MANDIRI Tbk,PT Bhuwanatala Indah Permai Tbk,Corporate,L,,INDONESIA,2394283423,0,2394283423,70.19
30-Jun-2026,MGNA,MAGNA INVESTAMA MANDIRI Tbk,PT Dwimagna Kapital Indonesia,Corporate,L,,INDONESIA,42681300,0,42681300,1.25
30-Jun-2026,MGNA,MAGNA INVESTAMA MANDIRI Tbk,PT Prolestari Megapersada,Corporate,L,,INDONESIA,47500000,0,47500000,1.39
30-Jun-2026,MGNA,MAGNA INVESTAMA MANDIRI Tbk,Sutan Agri Resources Pte Ltd,Corporate,F,,SINGAPORE,170000000,0,170000000,4.98
30-Jun-2026,MGNA,MAGNA INVESTAMA MANDIRI Tbk,SAFIRE CAPITAL PTE.LTD.,Corporate,F,,SINGAPORE,180000000,0,180000000,5.28
30-Jun-2026,MGNA,MAGNA INVESTAMA MANDIRI Tbk,SUZANNA TANOJO,Individual,L,INDONESIAN,INDONESIA,49810000,0,49810000,1.46
30-Jun-2026,MGNA,MAGNA INVESTAMA MANDIRI Tbk,REKSA DANA PACIFIC EQUITY GROWTH FUND,Mutual Funds,L,,INDONESIA,60000000,0,60000000,1.76
30-Jun-2026,MGNA,MAGNA INVESTAMA MANDIRI Tbk,PT GMT INVESTAMA MANDIRI,Investment Advisors,L,,INDONESIA,70500000,0,70500000,2.07
30-Jun-2026,MGRO,MAHKOTA GROUP Tbk,PT MAHKOTA GLOBAL INVESTAMA,Corporate,L,,INDONESIA,2004749900,0,2004749900,56.4
30-Jun-2026,MGRO,MAHKOTA GROUP Tbk,PT. MAHKOTA GROUP,Corporate,L,,INDONESIA,63871300,0,63871300,1.8
30-Jun-2026,MGRO,MAHKOTA GROUP Tbk,MGI INTERNATIONAL HOLDINGS LTD,Corporate,F,,"VIRGIN ISLANDS, BRITISH",810000000,0,810000000,22.79
30-Jun-2026,MGRO,MAHKOTA GROUP Tbk,TONY,Individual,L,INDONESIAN,INDONESIA,86040700,0,86040700,2.42
30-Jun-2026,MGRO,MAHKOTA GROUP Tbk,"SURIYANTI, B.Sc",Individual,L,INDONESIAN,INDONESIA,47483400,0,47483400,1.34
30-Jun-2026,MGRO,MAHKOTA GROUP Tbk,JEO SOK CHING,Individual,L,INDONESIAN,INDONESIA,36937000,0,36937000,1.04
30-Jun-2026,MGRO,MAHKOTA GROUP Tbk,YOSIN ANGGUSTI,Individual,L,INDONESIAN,INDONESIA,37053400,0,37053400,1.04
30-Jun-2026,MGRO,MAHKOTA GROUP Tbk,"Wee Zhen Ting, Jaslin",Individual,F,SINGAPOREAN,SINGAPORE,47581200,0,47581200,1.34
30-Jun-2026,MGRO,MAHKOTA GROUP Tbk,MAYBANK SECURITIES PTE LTD,Brokerage Firms,F,,SINGAPORE,176000000,0,176000000,4.95
30-Jun-2026,MHKI,MULTI HANNA KREASINDO Tbk,PT. MULTI HANNA SINERGITAMA,Corporate,L,,INDONESIA,2947500000,0,2947500000,78.6
30-Jun-2026,MHKI,MULTI HANNA KREASINDO Tbk,SHAHABUDDIN,Individual,L,INDONESIAN,INDONESIA,49500000,0,49500000,1.32
30-Jun-2026,MICE,MULTI INDOCITRA Tbk,PT. HOKI INVESTASI SEJATI,Corporate,L,,INDONESIA,39546900,0,39546900,6.59
30-Jun-2026,MICE,MULTI INDOCITRA Tbk,UOB KAY HIAN CREDIT PTE LTD A/C PT BUANA GRAHA UTAMA,Corporate,L,,INDONESIA,290438118,0,290438118,48.41
30-Jun-2026,MICE,MULTI INDOCITRA Tbk,WELL GAIN FINANCE LIMITED,Corporate,F,,"VIRGIN ISLANDS, BRITISH",23444400,0,23444400,3.91
30-Jun-2026,MICE,MULTI INDOCITRA Tbk,PIGEON CORPORATION,Corporate,F,,JAPAN,11000000,0,11000000,1.83
30-Jun-2026,MICE,MULTI INDOCITRA Tbk,MASCOT RESOURCES LIMITED,Firm,F,,"VIRGIN ISLANDS, BRITISH",23444468,0,23444468,3.91
30-Jun-2026,MICE,MULTI INDOCITRA Tbk,FU DONG INVESTMENT LIMITED,Corporate,F,,"VIRGIN ISLANDS, BRITISH",23444468,0,23444468,3.91
30-Jun-2026,MICE,MULTI INDOCITRA Tbk,LUNTUNGAN HONORIS,Individual,L,INDONESIAN,,12500000,0,12500000,2.08
30-Jun-2026,MICE,MULTI INDOCITRA Tbk,SUKARTO BUJUNG,Individual,L,INDONESIAN,INDONESIA,69254400,0,69254400,11.54
30-Jun-2026,MICE,MULTI INDOCITRA Tbk,CASTLE CAPITAL HOLDINGS INC,Corporate,F,,BRITISH INDIAN OCEAN TERRITORY,23444400,0,23444400,3.91
30-Jun-2026,MICE,MULTI INDOCITRA Tbk,UOB KAY HIAN PTE LTD,Securities Company,F,,SINGAPORE,18384500,0,18384500,3.06
30-Jun-2026,MICE,MULTI INDOCITRA Tbk,MAYBANK SECURITIES PTE. LTD.,Investment Manager,F,,SINGAPORE,12876600,0,12876600,2.15
30-Jun-2026,MIDI,MIDI UTAMA INDONESIA Tbk,"SUMBER ALFARIA TRIJAYA, TBK",Corporate,L,,INDONESIA,25775473000,0,25775473000,77.09
30-Jun-2026,MIDI,MIDI UTAMA INDONESIA Tbk,ARISAIG ASIA FUND LIMITED,Investment Fund Selling Agent,F,,"VIRGIN ISLANDS, BRITISH",336172300,0,336172300,1.01
30-Jun-2026,MIDI,MIDI UTAMA INDONESIA Tbk,PT. PRUDENTIAL LIFE ASSURANCE,Insurance,L,,INDONESIA,439936194,0,439936194,1.32
30-Jun-2026,MIDI,MIDI UTAMA INDONESIA Tbk,GOVERNMENT OF NORWAY,Sovereign Wealth Fund,F,,NORWAY,402767800,0,402767800,1.2
30-Jun-2026,MIKA,MITRA KELUARGA KARYASEHAT Tbk,PT LADANG IRA PANEN,Corporate,L,,INDONESIA,503562400,0,503562400,3.62
30-Jun-2026,MIKA,MITRA KELUARGA KARYASEHAT Tbk,PT BINA ARTA CHARISMA,Private Bank,L,,INDONESIA,475394800,0,475394800,3.42
30-Jun-2026,MIKA,MITRA KELUARGA KARYASEHAT Tbk,PT KREASI INOVASI PROSANA,Firm,L,,INDONESIA,157100000,0,157100000,1.13
30-Jun-2026,MIKA,MITRA KELUARGA KARYASEHAT Tbk,PT GIRA SOLE PRIMA,Corporate,L,,INDONESIA,503870300,0,503870300,3.62
30-Jun-2026,MIKA,MITRA KELUARGA KARYASEHAT Tbk,PT DIPTANALA BAHANA,Corporate,L,,INDONESIA,481250300,0,481250300,3.46
30-Jun-2026,MIKA,MITRA KELUARGA KARYASEHAT Tbk,PT LUCASTA MURNING CEMERLANG,Private Equity,L,,INDONESIA,453060000,0,453060000,3.26
30-Jun-2026,MIKA,MITRA KELUARGA KARYASEHAT Tbk,PT GRIYA INSANI CAKRA SADAYA,Firm,L,,INDONESIA,8991740800,0,8991740800,64.65
30-Jun-2026,MIKA,MITRA KELUARGA KARYASEHAT Tbk,RUSTIYAN OEN,Individual,L,INDONESIAN,INDONESIA,181661600,0,181661600,1.31
30-Jun-2026,MIKA,MITRA KELUARGA KARYASEHAT Tbk,GOVERNMENT OF NORWAY,Sovereign Wealth Fund,F,,NORWAY,326356500,0,326356500,2.35
30-Jun-2026,MINA,SANURHASTA MITRA Tbk,PT SENTOSA BERSAMA MITRA,Corporate,L,,INDONESIA,127729400,0,127729400,1.3
30-Jun-2026,MINA,SANURHASTA MITRA Tbk,PT. BERLIAN TAMBANG INDONESIA,Corporate,L,,INDONESIA,109160800,0,109160800,1.11
30-Jun-2026,MINA,SANURHASTA MITRA Tbk,PT TIRTA ORISA YASA,Corporate,L,,INDONESIA,3000000000,0,3000000000,30.48
30-Jun-2026,MINA,SANURHASTA MITRA Tbk,PT TATA TIRTA DATUN,Corporate,L,,INDONESIA,240000000,0,240000000,2.44
30-Jun-2026,MINA,SANURHASTA MITRA Tbk,DJONI,Individual,L,INDONESIAN,INDONESIA,525000000,0,525000000,5.33
30-Jun-2026,MINA,SANURHASTA MITRA Tbk,HAPSORO,Individual,L,INDONESIAN,INDONESIA,1937224659,0,1937224659,19.68
30-Jun-2026,MINA,SANURHASTA MITRA Tbk,FIRMANSYAH THEJA,Individual,L,INDONESIAN,INDONESIA,201626800,0,201626800,2.05
30-Jun-2026,MINE,SINAR TERANG MANDIRI Tbk,PT. HARIMAS TUNGGAL PERKASA,Corporate,L,,INDONESIA,58107800,0,58107800,1.42
30-Jun-2026,MINE,SINAR TERANG MANDIRI Tbk,PT MITRA BERKARYA SUKSES SELALU,Corporate,L,,INDONESIA,3300000000,0,3300000000,80.79
30-Jun-2026,MINE,SINAR TERANG MANDIRI Tbk,BORNEO PRIMA PTE.LTD.,Corporate,F,,SINGAPORE,116919300,0,116919300,2.86
30-Jun-2026,MINE,SINAR TERANG MANDIRI Tbk,ARABELLA ENGELITA SUMENDAP,Individual,L,INDONESIAN,INDONESIA,75551400,0,75551400,1.85
30-Jun-2026,MINE,SINAR TERANG MANDIRI Tbk,SINJO JEFRY SUMENDAP,Individual,L,INDONESIAN,INDONESIA,172899000,0,172899000,4.23
30-Jun-2026,MINE,SINAR TERANG MANDIRI Tbk,CLARISSA BLANDINA SUMENDAP,Individual,L,INDONESIAN,INDONESIA,75551400,0,75551400,1.85
30-Jun-2026,MINE,SINAR TERANG MANDIRI Tbk,WESTGATE INVESTMENTS FUND,Mutual Funds,F,,SINGAPORE,59285895,0,59285895,1.45
30-Jun-2026,MIRA,MITRA INTERNATIONAL RESOURCES Tbk,"BENNY SETIAMIHARDJA, SE",Individual,L,,,85000000,0,85000000,2.15
30-Jun-2026,MIRA,MITRA INTERNATIONAL RESOURCES Tbk,"GUNUNG SINAR BERLIAN, PT",Corporate,L,,INDONESIA,116049300,0,116049300,2.93
30-Jun-2026,MIRA,MITRA INTERNATIONAL RESOURCES Tbk,PT. GANDA KARYA MAKMUR,Corporate,L,,INDONESIA,195000000,0,195000000,4.92
30-Jun-2026,MIRA,MITRA INTERNATIONAL RESOURCES Tbk,PT. MITRA MURNI EXPRESSINDO,Corporate,L,,INDONESIA,229491667,0,229491667,5.79
30-Jun-2026,MIRA,MITRA INTERNATIONAL RESOURCES Tbk,PT MEGA ALVITA,Corporate,L,,INDONESIA,146074200,0,146074200,3.69
30-Jun-2026,MIRA,MITRA INTERNATIONAL RESOURCES Tbk,PT FAC INTI INDONESIA,Corporate,L,,INDONESIA,102499000,0,102499000,2.59
30-Jun-2026,MIRA,MITRA INTERNATIONAL RESOURCES Tbk,"HALIM MITRADANA INTERNASIONAL, PT",Corporate,L,,INDONESIA,92507500,0,92507500,2.34
30-Jun-2026,MIRA,MITRA INTERNATIONAL RESOURCES Tbk,PT. INTI  KENCANA PRANAJATI,Investment Fund Selling Agent,L,,,462105014,0,462105014,11.67
30-Jun-2026,MIRA,MITRA INTERNATIONAL RESOURCES Tbk,PT. INTIPUTRA FIKASA,Corporate,L,,INDONESIA,48000000,0,48000000,1.21
30-Jun-2026,MIRA,MITRA INTERNATIONAL RESOURCES Tbk,DIANAWATI SALIM,Individual,L,INDONESIAN,INDONESIA,192380920,0,192380920,4.86
30-Jun-2026,MIRA,MITRA INTERNATIONAL RESOURCES Tbk,LEI SIE,Individual,L,INDONESIAN,INDONESIA,196000000,0,196000000,4.95
30-Jun-2026,MIRA,MITRA INTERNATIONAL RESOURCES Tbk,JIMMY SUGIARTO,Individual,L,INDONESIAN,INDONESIA,196000000,0,196000000,4.95
30-Jun-2026,MIRA,MITRA INTERNATIONAL RESOURCES Tbk,Alfo Jusuf Tjahaya,Individual,L,INDONESIAN,,51991800,0,51991800,1.31
30-Jun-2026,MIRA,MITRA INTERNATIONAL RESOURCES Tbk,IRENE THESMAN,Individual,L,INDONESIAN,,77676612,0,77676612,1.96
30-Jun-2026,MIRA,MITRA INTERNATIONAL RESOURCES Tbk,LINGGARWATA WIBISONO,Individual,L,INDONESIAN,INDONESIA,44583400,0,44583400,1.13
30-Jun-2026,MIRA,MITRA INTERNATIONAL RESOURCES Tbk,"INTI FIKASA SEKURITAS, PT",Securities Company,L,,INDONESIA,45066500,0,45066500,1.14
30-Jun-2026,MITI,MITRA INVESTINDO Tbk,PT. PRIME ASIA CAPITAL,Corporate,L,,INDONESIA,1693367137,0,1693367137,45.15
30-Jun-2026,MITI,MITRA INVESTINDO Tbk,BARUNA HARMONI INVESTAMA PT,Investment Advisors,L,,INDONESIA,59810400,0,59810400,1.59
30-Jun-2026,MITI,MITRA INVESTINDO Tbk,PT SUMBER SARI REJEKI,Corporate,L,,INDONESIA,55944100,0,55944100,1.49
30-Jun-2026,MITI,MITRA INVESTINDO Tbk,PT INTI BINA UTAMA,Corporate,L,,INDONESIA,1129824572,0,1129824572,30.12
30-Jun-2026,MITI,MITRA INVESTINDO Tbk,SAMALA SERASI UTAMA PT,Corporate,L,,INDONESIA,59440600,0,59440600,1.58
30-Jun-2026,MITI,MITRA INVESTINDO Tbk,ANDREAS TJAHJADI,Individual,L,INDONESIAN,INDONESIA,205526016,0,205526016,5.48
30-Jun-2026,MKAP,MULTIKARYA ASIA PASIFIK RAYA Tbk,PT. INTERNATIONAL SAWO RESOURCES,Corporate,L,,INDONESIA,0,2470000000,2470000000,76.0
30-Jun-2026,MKAP,MULTIKARYA ASIA PASIFIK RAYA Tbk,PT SOLUSI INVESTASI PRATAMA,Private Equity,L,,INDONESIA,158955000,0,158955000,4.89
30-Jun-2026,MKAP,MULTIKARYA ASIA PASIFIK RAYA Tbk,PT MANAJEMEN INVESTA GLOBAL,Corporate,L,,INDONESIA,157020000,0,157020000,4.83
30-Jun-2026,MKAP,MULTIKARYA ASIA PASIFIK RAYA Tbk,SANI HANDOKO,Individual,L,INDONESIAN,INDONESIA,78260800,0,78260800,2.41
30-Jun-2026,MKAP,MULTIKARYA ASIA PASIFIK RAYA Tbk,DJONI SUYANTO,Individual,L,INDONESIAN,INDONESIA,0,130000000,130000000,4.0
30-Jun-2026,MKNT,MITRA KOMUNIKASI NUSANTARA Tbk,PT. Askar Pelangi Abadi,Corporate,L,,INDONESIA,140275000,0,140275000,2.55
30-Jun-2026,MKNT,MITRA KOMUNIKASI NUSANTARA Tbk,PT MONJESS INVESTAMA,Corporate,L,,INDONESIA,1244823662,0,1244823662,22.63
30-Jun-2026,MKNT,MITRA KOMUNIKASI NUSANTARA Tbk,PT. SUN INTERNATIONAL CAPITAL,Corporate,L,,INDONESIA,343750300,0,343750300,6.25
30-Jun-2026,MKNT,MITRA KOMUNIKASI NUSANTARA Tbk,PT. MEGAH ANGKASA PERKASA,Corporate,L,,INDONESIA,259725000,0,259725000,4.72
30-Jun-2026,MKNT,MITRA KOMUNIKASI NUSANTARA Tbk,KINGSWOOD UNION CORPORATION,Private Equity,F,,SINGAPORE,174538200,0,174538200,3.17
30-Jun-2026,MKNT,MITRA KOMUNIKASI NUSANTARA Tbk,JULIANA,Individual,L,INDONESIAN,INDONESIA,127369000,0,127369000,2.32
30-Jun-2026,MKNT,MITRA KOMUNIKASI NUSANTARA Tbk,LAUW SUSANTO,Individual,L,INDONESIAN,INDONESIA,271177900,0,271177900,4.93
30-Jun-2026,MKNT,MITRA KOMUNIKASI NUSANTARA Tbk,JOHAN,Individual,L,INDONESIAN,INDONESIA,113327300,0,113327300,2.06
30-Jun-2026,MKNT,MITRA KOMUNIKASI NUSANTARA Tbk,MADIK BUJUNG,Individual,L,INDONESIAN,INDONESIA,101044600,0,101044600,1.84
30-Jun-2026,MKNT,MITRA KOMUNIKASI NUSANTARA Tbk,ALVIN WIBOWO,Individual,L,INDONESIAN,INDONESIA,68552700,0,68552700,1.25
30-Jun-2026,MKNT,MITRA KOMUNIKASI NUSANTARA Tbk,RADIUS ERWIN DA SILVA S. KOM,Individual,L,INDONESIAN,INDONESIA,67292900,0,67292900,1.22
30-Jun-2026,MKNT,MITRA KOMUNIKASI NUSANTARA Tbk,HERMAN HALIM,Individual,L,INDONESIAN,INDONESIA,226228500,0,226228500,4.11
30-Jun-2026,MKNT,MITRA KOMUNIKASI NUSANTARA Tbk,DARWIZIN,Individual,L,INDONESIAN,INDONESIA,58007500,0,58007500,1.05
30-Jun-2026,MKNT,MITRA KOMUNIKASI NUSANTARA Tbk,WITO KALIP,Individual,L,INDONESIAN,INDONESIA,143205700,0,143205700,2.6
30-Jun-2026,MKNT,MITRA KOMUNIKASI NUSANTARA Tbk,PT ASURANSI SIMAS JIWA,Insurance,L,,INDONESIA,275587200,0,275587200,5.01
30-Jun-2026,MKNT,MITRA KOMUNIKASI NUSANTARA Tbk,REKSA DANA NARADA SAHAM INDONESIA,Mutual Funds,L,,INDONESIA,167289600,0,167289600,3.04
30-Jun-2026,MKNT,MITRA KOMUNIKASI NUSANTARA Tbk,REKSA DANA NARADA CAMPURAN I,Mutual Funds,L,,INDONESIA,66436100,0,66436100,1.21
30-Jun-2026,MKNT,MITRA KOMUNIKASI NUSANTARA Tbk,REKSA DANA NARADA SAHAM INDONESIA II,Mutual Funds,L,,INDONESIA,181274300,0,181274300,3.3
30-Jun-2026,MKPI,METROPOLITAN KENTJANA Tbk,PT. PENTA COSMOPOLITAN,Corporate,L,,INDONESIA,7052000,63989550,71041550,7.49
30-Jun-2026,MKPI,METROPOLITAN KENTJANA Tbk,PT APRATIMA SEJAHTERA,Corporate,L,,INDONESIA,1006000,73852027,74858027,7.89
30-Jun-2026,MKPI,METROPOLITAN KENTJANA Tbk,PT DWITUNGGAL PERMATA,Corporate,L,,INDONESIA,0,74574027,74574027,7.86
30-Jun-2026,MKPI,METROPOLITAN KENTJANA Tbk,PT.Karuna Paramita Propertindo,Corporate,L,,INDONESIA,29000,449878650,449907650,47.45
30-Jun-2026,MKPI,METROPOLITAN KENTJANA Tbk,PT BUDITAMA NIRWANA,Corporate,L,,INDONESIA,67842027,0,67842027,7.15
30-Jun-2026,MKPI,METROPOLITAN KENTJANA Tbk,BOY BERNADI SADIKIN,Individual,L,INDONESIAN,INDONESIAN,0,18642759,18642759,1.97
30-Jun-2026,MKPI,METROPOLITAN KENTJANA Tbk,BENYAMIN IRWANSYAH SADIKIN,Individual,L,INDONESIAN,INDONESIA,0,18642756,18642756,1.97
30-Jun-2026,MKPI,METROPOLITAN KENTJANA Tbk,IRAWAN HERNADI SADIKIN,Individual,L,INDONESIAN,INDONESIA,0,18642756,18642756,1.97
30-Jun-2026,MKPI,METROPOLITAN KENTJANA Tbk,MEDYA LENGKEY S,Individual,L,INDONESIAN,INDONESIA,0,24857344,24857344,2.62
30-Jun-2026,MKPI,METROPOLITAN KENTJANA Tbk,EDDY TRISNADI SADIKIN,Individual,L,INDONESIAN,INDONESIA,0,18642756,18642756,1.97
30-Jun-2026,MKPI,METROPOLITAN KENTJANA Tbk,SOEKRISMAN,,,,,0,24856844,24856844,2.62
30-Jun-2026,MKPI,METROPOLITAN KENTJANA Tbk,"PANIN SEKURITAS Tbk, PT",Securities Company,L,,INDONESIA,29212000,0,29212000,3.08
30-Jun-2026,MKTR,MENTHOBI KARYATAMA RAYA Tbk,GLOBAL LASITA INDONESIA PT,Venture Capital,L,,INDONESIA,569348600,0,569348600,4.72
30-Jun-2026,MKTR,MENTHOBI KARYATAMA RAYA Tbk,WIJAYA KUSUMA INVESTASI PT,Corporate,L,,INDONESIA,555968400,0,555968400,4.61
30-Jun-2026,MKTR,MENTHOBI KARYATAMA RAYA Tbk,"Maktour Bangun Persada, PT",Corporate,L,,INDONESIA,0,938790000,938790000,7.78
30-Jun-2026,MKTR,MENTHOBI KARYATAMA RAYA Tbk,PT HIJAU BERKAH PERSADA,Corporate,L,,INDONESIA,396640800,0,396640800,3.29
30-Jun-2026,MKTR,MENTHOBI KARYATAMA RAYA Tbk,STANDARD CHARTERED BANK (SINGAPORE) LIMITED,Bank,F,,SINGAPORE,154500000,0,154500000,1.28
30-Jun-2026,MKTR,MENTHOBI KARYATAMA RAYA Tbk,H. MAWARDI,Individual,L,INDONESIAN,INDONESIA,359948200,0,359948200,2.98
30-Jun-2026,MKTR,MENTHOBI KARYATAMA RAYA Tbk,FUAD HASAN MASYHUR,Individual,L,INDONESIAN,INDONESIA,8276210000,0,8276210000,68.62
30-Jun-2026,MKTR,MENTHOBI KARYATAMA RAYA Tbk,IRFAH LESTARI,Individual,L,INDONESIAN,INDONESIA,440503800,0,440503800,3.65
30-Jun-2026,MLBI,MULTI BINTANG INDONESIA Tbk,HEINEKEN INTERNATIONAL B.V,Corporate,F,,NETHERLANDS,158800000,1723151000,1881951000,89.32
30-Jun-2026,MLBI,MULTI BINTANG INDONESIA Tbk,ALBIZIA ASEAN TENGGARA FUND,Mutual Funds,F,,CAYMAN ISLANDS,22793300,0,22793300,1.08
30-Jun-2026,MLIA,MULIA INDUSTRINDO Tbk,PT. MULIA GRAHAPERMAI,Corporate,L,,INDONESIA,1706693290,0,1706693290,25.8
30-Jun-2026,MLIA,MULIA INDUSTRINDO Tbk,"KAWAN ALAM BERSAMA,PT.",Corporate,L,,INDONESIA,121350000,3500000,124850000,1.89
30-Jun-2026,MLIA,MULIA INDUSTRINDO Tbk,PT MUTIARA MULTI MAKMUR,Corporate,L,,INDONESIA,68500000,0,68500000,1.04
30-Jun-2026,MLIA,MULIA INDUSTRINDO Tbk,PT. EKA GUNATAMA MANDIRI,Corporate,L,,INDONESIA,2741735320,0,2741735320,41.45
30-Jun-2026,MLIA,MULIA INDUSTRINDO Tbk,UNITED OVERSEAS BANK NOMINEES (PRIVATE) LIMITED,Private Bank,F,,SINGAPORE,321592500,0,321592500,4.86
30-Jun-2026,MLIA,MULIA INDUSTRINDO Tbk,SAVVY STAR RESOURCES LIMITED,Corporate,F,,"VIRGIN ISLANDS, BRITISH",310743500,0,310743500,4.7
30-Jun-2026,MLIA,MULIA INDUSTRINDO Tbk,COLOMBUS SUCCESS GROUP LIMITED,Corporate,F,,"VIRGIN ISLANDS, BRITISH",308470000,0,308470000,4.66
30-Jun-2026,MLIA,MULIA INDUSTRINDO Tbk,DELTASTAR INTERNATIONAL GROUP LIMITED,Corporate,F,,"VIRGIN ISLANDS, BRITISH",297449600,0,297449600,4.5
30-Jun-2026,MLIA,MULIA INDUSTRINDO Tbk,STANDARD CHARTERED BANK (SINGAPORE) LIMITED,Bank,F,,SINGAPORE,100000000,0,100000000,1.51
30-Jun-2026,MLIA,MULIA INDUSTRINDO Tbk,BELVIDERE RESOURCES LIMITED,Partnership,F,,"VIRGIN ISLANDS, BRITISH",214060400,0,214060400,3.24
30-Jun-2026,MLPL,MULTIPOLAR Tbk,PT INTI ANUGERAH PRATAMA,Corporate,L,,INDONESIA,0,5038581758,5038581758,32.13
30-Jun-2026,MLPL,MULTIPOLAR Tbk,TRIJAYA ANUGERAH PRATAMA,Investment Advisors,L,,INDONESIA,1552550000,0,1552550000,9.9
30-Jun-2026,MLPL,MULTIPOLAR Tbk,CONNERY ASIA LIMITED,Corporate,F,,"VIRGIN ISLANDS, BRITISH",258354000,0,258354000,1.65
30-Jun-2026,MLPL,MULTIPOLAR Tbk,UBS AG SINGAPORE BRANCH,Private Bank,F,,SINGAPORE,2521546248,0,2521546248,16.08
30-Jun-2026,MLPL,MULTIPOLAR Tbk,BANK OF SINGAPORE LIMITED,Private Bank,F,,SINGAPORE,429885500,0,429885500,2.74
30-Jun-2026,MLPL,MULTIPOLAR Tbk,WIDAYANTI DARMAWAN,Individual,L,INDONESIAN,INDONESIA,183568900,0,183568900,1.17
30-Jun-2026,MLPL,MULTIPOLAR Tbk,EFENDI,Individual,L,INDONESIAN,INDONESIA,348548200,0,348548200,2.22
30-Jun-2026,MLPT,MULTIPOLAR TECHNOLOGY Tbk,FIRST MEDIA TBK PT,Corporate,L,,INDONESIA,74379500,0,74379500,3.97
30-Jun-2026,MLPT,MULTIPOLAR TECHNOLOGY Tbk,"MULTIPOLAR,PT,TBK",Corporate,L,,INDONESIA,1592750000,0,1592750000,84.95
30-Jun-2026,MLPT,MULTIPOLAR TECHNOLOGY Tbk,"KHARISMA BUANA NUSANTARA, PT",Investment Advisors,L,,INDONESIA,78000000,0,78000000,4.16
30-Jun-2026,MLPT,MULTIPOLAR TECHNOLOGY Tbk,PT STAR PACIFIC TBK,Investment Advisors,L,,INDONESIA,19347400,0,19347400,1.03
30-Jun-2026,MLPT,MULTIPOLAR TECHNOLOGY Tbk,JGASIA CAPITAL GROUP PT,Corporate,L,,INDONESIA,37682500,0,37682500,2.01
30-Jun-2026,MLPT,MULTIPOLAR TECHNOLOGY Tbk,Resources Fortune LTD,Partnership,F,,BRITISH INDIAN OCEAN TERRITORY,31000000,0,31000000,1.65
30-Jun-2026,MMIX,MULTI MEDIKA INTERNASIONAL Tbk,PT RJL MITRA KAPITAL,Investment Advisors,L,,INDONESIA,186205000,0,186205000,3.88
30-Jun-2026,MMIX,MULTI MEDIKA INTERNASIONAL Tbk,MULTI INTI USAHA PT,Corporate,L,,INDONESIA,2724000000,0,2724000000,56.74
30-Jun-2026,MMIX,MULTI MEDIKA INTERNASIONAL Tbk,PT BANGUN BERKAH CEMERLANG,Corporate,L,,INDONESIA,101568250,0,101568250,2.12
30-Jun-2026,MMIX,MULTI MEDIKA INTERNASIONAL Tbk,ANGGARA HANS PRAWIRA,Individual,L,INDONESIAN,INDONESIA,72324348,0,72324348,1.51
30-Jun-2026,MMIX,MULTI MEDIKA INTERNASIONAL Tbk,SULAIMAN,Individual,L,INDONESIAN,INDONESIA,54054054,0,54054054,1.13
30-Jun-2026,MMIX,MULTI MEDIKA INTERNASIONAL Tbk,JACKY RAHARJA,Individual,L,INDONESIAN,INDONESIA,142818346,0,142818346,2.98
30-Jun-2026,MMIX,MULTI MEDIKA INTERNASIONAL Tbk,FENY DJOKO SUSANTO,Individual,L,INDONESIAN,INDONESIA,110622948,0,110622948,2.3
30-Jun-2026,MMIX,MULTI MEDIKA INTERNASIONAL Tbk,MENGKY MANGAREK,Individual,L,INDONESIAN,INDONESIA,288000000,0,288000000,6.0
30-Jun-2026,MMIX,MULTI MEDIKA INTERNASIONAL Tbk,ALLEN FELICIANO,Individual,L,INDONESIAN,INDONESIA,72000000,0,72000000,1.5
30-Jun-2026,MMIX,MULTI MEDIKA INTERNASIONAL Tbk,EVELINE NATALIA SUSANTO,Individual,L,INDONESIAN,INDONESIA,288000000,0,288000000,6.0
30-Jun-2026,MMIX,MULTI MEDIKA INTERNASIONAL Tbk,HILLARY JOSEPHINE,Individual,L,INDONESIAN,INDONESIA,72000000,0,72000000,1.5
30-Jun-2026,MMIX,MULTI MEDIKA INTERNASIONAL Tbk,PT TRIMEGAH SEKURITAS INDONESIA TBK,Securities Company,L,,INDONESIA,70000000,0,70000000,1.46
30-Jun-2026,MMIX,MULTI MEDIKA INTERNASIONAL Tbk,PT ERDHIKA ELIT SEKURITAS,Securities Company,L,,INDONESIA,124500000,0,124500000,2.59
30-Jun-2026,MMIX,MULTI MEDIKA INTERNASIONAL Tbk,PT OCBC SEKURITAS INDONESIA,Securities Company,L,,INDONESIA,156000000,0,156000000,3.25
30-Jun-2026,MMLP,MEGA MANUNGGAL PROPERTY Tbk,PT. INTIMANUNGGAL MULTI DEVELOPMENT,Corporate,L,,INDONESIA,131943000,0,131943000,1.92
30-Jun-2026,MMLP,MEGA MANUNGGAL PROPERTY Tbk,SAKA INDUSTRIAL ARJAYA,Corporate,L,,INDONESIA,6299185199,0,6299185199,91.44
30-Jun-2026,MNCN,MEDIA NUSANTARA CITRA Tbk,JABAR INDAH PROPERTINDO PT,Sole Proprietorship,L,,INDONESIA,234071100,0,234071100,1.56
30-Jun-2026,MNCN,MEDIA NUSANTARA CITRA Tbk,PT GLOBAL MEDIACOM TBK,Corporate,L,,INDONESIA,5781444856,0,5781444856,38.42
30-Jun-2026,MNCN,MEDIA NUSANTARA CITRA Tbk,PT MNC ASIA HOLDING TBK,Corporate,L,,INDONESIA,362618200,0,362618200,2.41
30-Jun-2026,MNCN,MEDIA NUSANTARA CITRA Tbk,PT PENDANAAN EFEK INDONESIA,Capital Market Supporting Institutions And Professions,L,,INDONESIA,706310600,0,706310600,4.69
30-Jun-2026,MNCN,MEDIA NUSANTARA CITRA Tbk,UNIVERSAL MEDIA HOLDINGS CORP,Investment Advisors,F,,CAYMAN ISLANDS,499954810,0,499954810,3.32
30-Jun-2026,MNCN,MEDIA NUSANTARA CITRA Tbk,TUNDRA SUSTAINABLE FRONTIER FUND,Mutual Funds,F,,SWEDEN,205547100,0,205547100,1.37
30-Jun-2026,MNCN,MEDIA NUSANTARA CITRA Tbk,SKAGEN KON-TIKI VERDIPAPIRFOND,Mutual Funds,F,,NORWAY,375640000,0,375640000,2.5
30-Jun-2026,MNCN,MEDIA NUSANTARA CITRA Tbk,HAMCO SICAV - GLOBAL VALUE FUND,Mutual Funds,F,,LUXEMBOURG,240731800,0,240731800,1.6
30-Jun-2026,MNCN,MEDIA NUSANTARA CITRA Tbk,BBH BOSTON S/A KOPERNIK GLOBAL ALL-CAP FUND,Mutual Funds,F,,UNITED STATES,389901100,0,389901100,2.59
30-Jun-2026,MNCN,MEDIA NUSANTARA CITRA Tbk,HEPTAGON FUND ICAV/ KOPERNIK GLOBAL ALL-CAP EQUITY FUND,Mutual Funds,F,,IRELAND,301602000,0,301602000,2.0
30-Jun-2026,MNCN,MEDIA NUSANTARA CITRA Tbk,"PANIN SEKURITAS Tbk, PT",Securities Company,L,,INDONESIA,296859490,0,296859490,1.97
30-Jun-2026,MOLI,MADUSARI MURNI INDAH Tbk,PT. SEJAHTERA INVESTAMA INDAH,Corporate,L,,INDONESIA,60443900,86949529,147393429,5.41
30-Jun-2026,MOLI,MADUSARI MURNI INDAH Tbk,PT CROPSCO PANEN INDONUSA,Corporate,L,,INDONESIA,1420466476,0,1420466476,52.15
30-Jun-2026,MOLI,MADUSARI MURNI INDAH Tbk,STANDARD CHARTERED BANK (SINGAPORE) LIMITED,Bank,F,,SINGAPORE,29015686,0,29015686,1.07
30-Jun-2026,MOLI,MADUSARI MURNI INDAH Tbk,Handjojo Rustanto,Individual,L,INDONESIAN,INDONESIAN,11430664,335299932,346730596,12.73
30-Jun-2026,MOLI,MADUSARI MURNI INDAH Tbk,"SANDOJO RUSTANTO, IR",Individual,L,INDONESIAN,INDONESIA,32003011,0,32003011,1.17
30-Jun-2026,MOLI,MADUSARI MURNI INDAH Tbk,INDRA WINARNO,Individual,L,INDONESIAN,INDONESIA,20797467,167857454,188654921,6.93
30-Jun-2026,MOLI,MADUSARI MURNI INDAH Tbk,HANDAYANI RUSTANTO,Individual,L,INDONESIAN,INDONESIA,148210138,0,148210138,5.44
30-Jun-2026,MOLI,MADUSARI MURNI INDAH Tbk,HENNY RUSTANTO,Individual,L,INDONESIAN,INDONESIA,20222884,167649965,187872849,6.9
30-Jun-2026,MORA,EKAMAS MORA REPUBLIK Tbk,PT GEMA LINTAS BENUA,Corporate,L,,INDONESIA,7135484421,0,7135484421,14.94
30-Jun-2026,MORA,EKAMAS MORA REPUBLIK Tbk,PT INNOVATE MAS INDONESIA,Firm,L,,INDONESIA,558063819,0,558063819,1.17
30-Jun-2026,MORA,EKAMAS MORA REPUBLIK Tbk,PT INNOVATE MAS UTAMA,Firm,L,,INDONESIA,23107224069,0,23107224069,48.37
30-Jun-2026,MORA,EKAMAS MORA REPUBLIK Tbk,PT CANDRAKARYA MULTIKREASI,Corporate,L,,INDONESIA,8510884260,0,8510884260,17.81
30-Jun-2026,MORA,EKAMAS MORA REPUBLIK Tbk,MORNING BRIGHT INVESTMENTS LIMITED,Private Equity,F,,"VIRGIN ISLANDS, BRITISH",510848200,0,510848200,1.07
30-Jun-2026,MORA,EKAMAS MORA REPUBLIK Tbk,OAKWELL WORLDWIDE INC.,Investment Advisors,F,,"VIRGIN ISLANDS, BRITISH",1163453110,0,1163453110,2.44
30-Jun-2026,MORA,EKAMAS MORA REPUBLIK Tbk,ARTEMIS WORLDWIDE INC,Investment Advisors,F,,"VIRGIN ISLANDS, BRITISH",612342700,0,612342700,1.28
30-Jun-2026,MORA,EKAMAS MORA REPUBLIK Tbk,CASCADEN INVESTMENT LIMITED,Investment Advisors,F,,"VIRGIN ISLANDS, BRITISH",1143000000,0,1143000000,2.39
30-Jun-2026,MORA,EKAMAS MORA REPUBLIK Tbk,BOQUETE GROUP S.A.,Investment Advisors,F,,"VIRGIN ISLANDS, BRITISH",1150000000,0,1150000000,2.41
30-Jun-2026,MORA,EKAMAS MORA REPUBLIK Tbk,CITIBANK HONG KONG S/A CITIBANK HK SA PBG CLIENTS HK,Private Bank,F,,HONG KONG,1141037800,0,1141037800,2.39
30-Jun-2026,MORA,EKAMAS MORA REPUBLIK Tbk,UOB KAY HIAN PTE LTD,Securities Company,F,,SINGAPORE,1175661800,0,1175661800,2.46
30-Jun-2026,MPIX,MITRA PEDAGANG INDONESIA Tbk,PT MADURA PRIMA INVESTAMA,Corporate,L,,INDONESIA,0,937500000,937500000,60.0
30-Jun-2026,MPIX,MITRA PEDAGANG INDONESIA Tbk,HENDRA SETIAWAN,Individual,L,INDONESIAN,INDONESIA,0,25000000,25000000,1.6
30-Jun-2026,MPIX,MITRA PEDAGANG INDONESIA Tbk,EMERSON LIM,Individual,L,INDONESIAN,INDONESIA,17373500,0,17373500,1.11
30-Jun-2026,MPIX,MITRA PEDAGANG INDONESIA Tbk,Abdul Muidz,Individual,L,INDONESIAN,INDONESIA,0,68750000,68750000,4.4
30-Jun-2026,MPIX,MITRA PEDAGANG INDONESIA Tbk,PAUL YOUNG,Individual,L,INDONESIAN,INDONESIA,47474400,0,47474400,3.04
30-Jun-2026,MPIX,MITRA PEDAGANG INDONESIA Tbk,DANIEL HADIBRATA,Individual,L,INDONESIAN,INDONESIA,16791500,0,16791500,1.07
30-Jun-2026,MPIX,MITRA PEDAGANG INDONESIA Tbk,RIO ADETYA RIZKY,Individual,L,INDONESIAN,INDONESIA,0,25000000,25000000,1.6
30-Jun-2026,MPMX,MITRA PINASTHIKA MUSTIKA Tbk,PERSADA CAPITAL INVESTAMA,Corporate,L,,INDONESIA,223150000,0,223150000,5.09
30-Jun-2026,MPMX,MITRA PINASTHIKA MUSTIKA Tbk,SARATOGA INVESTAMA SEDAYA TBK PT,Corporate,L,,INDONESIA,2530083541,0,2530083541,57.67
30-Jun-2026,MPMX,MITRA PINASTHIKA MUSTIKA Tbk,DANNY WALLA,Individual,L,INDONESIAN,INDONESIA,51978000,0,51978000,1.18
30-Jun-2026,MPMX,MITRA PINASTHIKA MUSTIKA Tbk,LILIANA S GUNAWAN,Individual,L,INDONESIAN,,52678000,0,52678000,1.2
30-Jun-2026,MPMX,MITRA PINASTHIKA MUSTIKA Tbk,"TOSSIN HIMAWAN, DRS",Individual,L,INDONESIAN,INDONESIA,72429700,0,72429700,1.65
30-Jun-2026,MPMX,MITRA PINASTHIKA MUSTIKA Tbk,"BUDI SETIADHARMA, SH",Individual,L,INDONESIAN,INDONESIA,65929300,0,65929300,1.5
30-Jun-2026,MPMX,MITRA PINASTHIKA MUSTIKA Tbk,REKSA DANA HPAM SYARIAH EKUITAS,Mutual Funds,L,,INDONESIA,86867200,0,86867200,1.98
30-Jun-2026,MPMX,MITRA PINASTHIKA MUSTIKA Tbk,THE NT TST CO S/A CIM INVESTMENT FUND ICAV,Mutual Funds,F,,IRELAND,145800000,0,145800000,3.32
30-Jun-2026,MPMX,MITRA PINASTHIKA MUSTIKA Tbk,GOVERNMENT OF NORWAY,Sovereign Wealth Fund,F,,NORWAY,45000000,0,45000000,1.03
30-Jun-2026,MPOW,MEGAPOWER MAKMUR Tbk,BINA PURI POWER SDN BHD,Corporate,F,,MALAYSIA,46568689,0,46568689,5.7
30-Jun-2026,MPOW,MEGAPOWER MAKMUR Tbk,OEI RONNY AL NG RONNY,Individual,L,INDONESIAN,INDONESIA,21877600,0,21877600,2.68
30-Jun-2026,MPOW,MEGAPOWER MAKMUR Tbk,LEE SUHARLIE,Individual,L,INDONESIAN,INDONESIA,37966400,0,37966400,4.65
30-Jun-2026,MPOW,MEGAPOWER MAKMUR Tbk,KANG JIMMI,Individual,L,INDONESIAN,INDONESIA,91651248,0,91651248,11.22
30-Jun-2026,MPOW,MEGAPOWER MAKMUR Tbk,HON TIAN KOK,Individual,F,MALAYSIAN,,26535000,0,26535000,3.25
30-Jun-2026,MPOW,MEGAPOWER MAKMUR Tbk,CHOO WING ONN,Individual,F,MALAYSIAN,,31971800,0,31971800,3.91
30-Jun-2026,MPOW,MEGAPOWER MAKMUR Tbk,ANG KIAM CHAI,Individual,F,MALAYSIAN,MALAYSIA,44934838,0,44934838,5.5
30-Jun-2026,MPOW,MEGAPOWER MAKMUR Tbk,MUHAMMAD NASHRI YONG BIN ABDULLAH,Individual,F,MALAYSIAN,MALAYSIA,21141300,0,21141300,2.59
30-Jun-2026,MPOW,MEGAPOWER MAKMUR Tbk,PHILLIP SECURITIES PTE LTD,Investment Manager,F,,SINGAPORE,366014114,0,366014114,44.8
30-Jun-2026,MPPA,MATAHARI PUTRA PRIMA Tbk,"MULTIPOLAR,PT,TBK",Corporate,L,,INDONESIA,6500845870,0,6500845870,50.14
30-Jun-2026,MPPA,MATAHARI PUTRA PRIMA Tbk,PT. BERLIAN TAMBANG INDONESIA,Corporate,L,,INDONESIA,201558500,0,201558500,1.55
30-Jun-2026,MPPA,MATAHARI PUTRA PRIMA Tbk,THREADMORE CAPITAL LTD,Corporate,F,,CAYMAN ISLANDS,286824700,0,286824700,2.21
30-Jun-2026,MPPA,MATAHARI PUTRA PRIMA Tbk,PANBRIDGE INVESTMENTS LTD,Corporate,F,,CAYMAN ISLANDS,250971600,0,250971600,1.94
30-Jun-2026,MPPA,MATAHARI PUTRA PRIMA Tbk,CONSILIUM FRONTIER EQUITY FUND LP,Partnership,F,,UNITED STATES,1148862825,0,1148862825,8.86
30-Jun-2026,MPRO,MAHA PROPERTI INDONESIA Tbk,PT. BINTANG EXPRESS SARANA,Corporate,L,,INDONESIA,1000000000,0,1000000000,10.06
30-Jun-2026,MPRO,MAHA PROPERTI INDONESIA Tbk,GALASCO INVESTMENTS LIMITED,Corporate,F,,"VIRGIN ISLANDS, BRITISH",404210000,0,404210000,4.07
30-Jun-2026,MPRO,MAHA PROPERTI INDONESIA Tbk,GRACE DEWI RIADY,Individual,L,INDONESIAN,INDONESIAN,0,845000000,845000000,8.5
30-Jun-2026,MPRO,MAHA PROPERTI INDONESIA Tbk,MICHAEL PUTRA WIJAYA,Individual,L,INDONESIAN,INDONESIA,0,422500000,422500000,4.25
30-Jun-2026,MPRO,MAHA PROPERTI INDONESIA Tbk,JANE DEWI TAHIR,Individual,L,INDONESIAN,INDONESIA,0,845000000,845000000,8.5
30-Jun-2026,MPRO,MAHA PROPERTI INDONESIA Tbk,JONATHAN TAHIR,Individual,L,INDONESIAN,INDONESIA,22652500,3380000000,3402652500,34.22
30-Jun-2026,MPRO,MAHA PROPERTI INDONESIA Tbk,TAHIR,Individual,L,INDONESIAN,INDONESIA,1079820263,0,1079820263,10.86
30-Jun-2026,MPRO,MAHA PROPERTI INDONESIA Tbk,VICTORIA TAHIR,Individual,L,INDONESIAN,INDONESIA,0,845000000,845000000,8.5
30-Jun-2026,MPRO,MAHA PROPERTI INDONESIA Tbk,UNITY RISE LIMITED,Partnership,F,,"VIRGIN ISLANDS, BRITISH",487182500,0,487182500,4.9
30-Jun-2026,MPRO,MAHA PROPERTI INDONESIA Tbk,WING HARVEST LIMITED,Private Equity,F,,"VIRGIN ISLANDS, BRITISH",487182500,0,487182500,4.9
30-Jun-2026,MPXL,MPX LOGISTICS INTERNATIONAL Tbk,PT BOLDE INDONESIA,Corporate,L,,INDONESIA,6200000,200000000,206200000,10.31
30-Jun-2026,MPXL,MPX LOGISTICS INTERNATIONAL Tbk,"MPX INDONESIA, PT",Corporate,L,,INDONESIA,67082700,0,67082700,3.35
30-Jun-2026,MPXL,MPX LOGISTICS INTERNATIONAL Tbk,james sigit chandra,Individual,L,INDONESIAN,INDONESIA,0,400000000,400000000,20.0
30-Jun-2026,MPXL,MPX LOGISTICS INTERNATIONAL Tbk,TJONG TJEN TJHING,Individual,L,INDONESIAN,INDONESIA,0,80000000,80000000,4.0
30-Jun-2026,MPXL,MPX LOGISTICS INTERNATIONAL Tbk,WIJAYA CANDERA,Individual,L,INDONESIAN,INDONESIA,14209900,400000000,414209900,20.71
30-Jun-2026,MPXL,MPX LOGISTICS INTERNATIONAL Tbk,YE HUN KI,Individual,L,INDONESIAN,INDONESIA,0,440000000,440000000,22.0
30-Jun-2026,MPXL,MPX LOGISTICS INTERNATIONAL Tbk,ANTON SETYO KRISTANTO,Individual,L,INDONESIAN,INDONESIA,30751900,0,30751900,1.54
30-Jun-2026,MPXL,MPX LOGISTICS INTERNATIONAL Tbk,AGUSTINUS KUSNADI,Individual,L,INDONESIAN,INDONESIA,25780000,0,25780000,1.29
30-Jun-2026,MPXL,MPX LOGISTICS INTERNATIONAL Tbk,HSIENNY CHANDRA,Individual,L,INDONESIAN,INDONESIA,58511400,0,58511400,2.93
30-Jun-2026,MPXL,MPX LOGISTICS INTERNATIONAL Tbk,PT DENKA LINTAS INDONESIA,,,,,0,80000000,80000000,4.0
30-Jun-2026,MRAT,MUSTIKA RATU Tbk,PT. CANDRAKIRANA INDAH PERMATA,Corporate,L,,INDONESIA,6555300,0,6555300,1.53
30-Jun-2026,MRAT,MUSTIKA RATU Tbk,PT Prima Solusi Investasi,Corporate,L,,INDONESIA,5197500,0,5197500,1.21
30-Jun-2026,MRAT,MUSTIKA RATU Tbk,ANGKASA PENJAMINAN INDONESIA,Corporate,L,,INDONESIA,6008800,0,6008800,1.4
30-Jun-2026,MRAT,MUSTIKA RATU Tbk,PT PENANAMAN MODAL INDONESIA,Corporate,L,,INDONESIA,8482900,0,8482900,1.98
30-Jun-2026,MRAT,MUSTIKA RATU Tbk,"MUSTIKA RATU INVESTAMA, PT",Corporate,L,,,0,304772000,304772000,71.21
30-Jun-2026,MRAT,MUSTIKA RATU Tbk,W I L S O N,Individual,L,INDONESIAN,INDONESIA,10934300,0,10934300,2.55
30-Jun-2026,MRAT,MUSTIKA RATU Tbk,TJOA KING HOK-HARTONO,Individual,L,INDONESIAN,INDONESIA,5356000,0,5356000,1.25
30-Jun-2026,MRAT,MUSTIKA RATU Tbk,SIAUW YUNUS SUBANDI,Individual,L,INDONESIAN,INDONESIA,6502600,0,6502600,1.52
30-Jun-2026,MRAT,MUSTIKA RATU Tbk,TJOA KING HOA,Individual,L,INDONESIAN,,5451200,0,5451200,1.27
30-Jun-2026,MRAT,MUSTIKA RATU Tbk,IR PUDJI HARIANTO,Individual,L,INDONESIAN,INDONESIA,6485600,0,6485600,1.52
30-Jun-2026,MREI,MASKAPAI REASURANSI INDONESIA Tbk,"SAKANUSA NIAGATAMA, PT",Corporate,L,,INDONESIA,5333333,0,5333333,1.03
30-Jun-2026,MREI,MASKAPAI REASURANSI INDONESIA Tbk,PT. GRAHA SENTOSA PERSADA,Corporate,L,,INDONESIA,106281536,0,106281536,20.53
30-Jun-2026,MREI,MASKAPAI REASURANSI INDONESIA Tbk,PT. SING LING PERKASA,Corporate,L,,INDONESIA,16006555,0,16006555,3.09
30-Jun-2026,MREI,MASKAPAI REASURANSI INDONESIA Tbk,PT. SELARAS DWIPANTARA PRIMAMUKTI,Corporate,L,,INDONESIA,20046871,0,20046871,3.87
30-Jun-2026,MREI,MASKAPAI REASURANSI INDONESIA Tbk,413 INVESTMENTS PTE LTD,Private Equity,F,,SINGAPORE,7743656,0,7743656,1.5
30-Jun-2026,MREI,MASKAPAI REASURANSI INDONESIA Tbk,STANDARD CHARTERED BANK SG S/A VP BANK A/C DIAMOND MILLENIUM LTD (ID005464400003),Private Bank,F,,"VIRGIN ISLANDS, BRITISH",25333333,0,25333333,4.89
30-Jun-2026,MREI,MASKAPAI REASURANSI INDONESIA Tbk,YLS SINGAPORE PTE LTD,Corporate,F,,SINGAPORE,18394678,0,18394678,3.55
30-Jun-2026,MREI,MASKAPAI REASURANSI INDONESIA Tbk,STANDARD CHARTERED BANK SG S/A VP BANK A/C SAPPHIRE LINK LTD (ID005464400008),Private Bank,F,,"VIRGIN ISLANDS, BRITISH",25800000,0,25800000,4.98
30-Jun-2026,MREI,MASKAPAI REASURANSI INDONESIA Tbk,DEUTSCHE BK AG (PRIVATE BANKING) SPORE WM CLIENT,Bank,F,,SINGAPORE,5800000,0,5800000,1.12
30-Jun-2026,MREI,MASKAPAI REASURANSI INDONESIA Tbk,LGT BANK AG,Private Bank,F,,LIECHTENSTEIN,22181657,0,22181657,4.28
30-Jun-2026,MREI,MASKAPAI REASURANSI INDONESIA Tbk,"UNION BANCAIRE PRIVEE, UBP SA SINGAPORE BRANCH",Private Bank,F,,SINGAPORE,6000890,0,6000890,1.16
30-Jun-2026,MREI,MASKAPAI REASURANSI INDONESIA Tbk,BANK JULIUS BAER & CO. LTD,Private Bank,F,,SINGAPORE,25866666,0,25866666,5.0
30-Jun-2026,MREI,MASKAPAI REASURANSI INDONESIA Tbk,BANK OF SINGAPORE LIMITED,Private Bank,F,,SINGAPORE,33819155,0,33819155,6.53
30-Jun-2026,MREI,MASKAPAI REASURANSI INDONESIA Tbk,CA INDOSUEZ (SWITZERLAND) SA,Bank,F,,SINGAPORE,25466666,0,25466666,4.92
30-Jun-2026,MREI,MASKAPAI REASURANSI INDONESIA Tbk,VP BANK LTD SINGAPORE BRANCH,Private Bank,F,,SINGAPORE,13850448,0,13850448,2.67
30-Jun-2026,MREI,MASKAPAI REASURANSI INDONESIA Tbk,DWIJANTO GONDOKUSUMO,Individual,L,INDONESIAN,INDONESIA,19490100,0,19490100,3.76
30-Jun-2026,MREI,MASKAPAI REASURANSI INDONESIA Tbk,GAN GEE PHO,Individual,F,SINGAPOREAN,SINGAPORE,17430971,0,17430971,3.37
30-Jun-2026,MREI,MASKAPAI REASURANSI INDONESIA Tbk,AJB BUMI PUTERA 1912,Insurance,L,,INDONESIA,76816535,0,76816535,14.84
30-Jun-2026,MSIE,MULTISARANA INTAN EDUKA Tbk,PERMATA HEALTH NUSANTARA,Corporate,L,,INDONESIA,21370300,0,21370300,1.46
30-Jun-2026,MSIE,MULTISARANA INTAN EDUKA Tbk,SUMINSEN,Individual,L,INDONESIAN,INDONESIA,44098800,0,44098800,3.02
30-Jun-2026,MSIE,MULTISARANA INTAN EDUKA Tbk,IVANA WIYONO,Individual,L,INDONESIAN,INDONESIA,39921300,0,39921300,2.73
30-Jun-2026,MSIE,MULTISARANA INTAN EDUKA Tbk,SUZANNA ROSA PRAWIROMARUTO,Individual,L,INDONESIAN,INDONESIA,0,440000000,440000000,30.14
30-Jun-2026,MSIE,MULTISARANA INTAN EDUKA Tbk,SWANDRIYANI HUDIANTO,Individual,L,INDONESIAN,INDONESIA,0,220000000,220000000,15.07
30-Jun-2026,MSIE,MULTISARANA INTAN EDUKA Tbk,IMANUEL HERMAN PRAWIROMARUTO,Individual,L,INDONESIAN,INDONESIA,0,440000000,440000000,30.14
30-Jun-2026,MSIE,MULTISARANA INTAN EDUKA Tbk,HANNA GABRIELLE,Individual,L,INDONESIAN,INDONESIA,39538400,0,39538400,2.71
30-Jun-2026,MSIN,MNC DIGITAL ENTERTAINMENT Tbk,MNC TOURISM INDONESIA TBK,Firm,L,,INDONESIA,894310500,0,894310500,1.47
30-Jun-2026,MSIN,MNC DIGITAL ENTERTAINMENT Tbk,PT MNC KAPITAL INDONESIA TBK,Investment Advisors,L,,INDONESIA,1743076668,0,1743076668,2.87
30-Jun-2026,MSIN,MNC DIGITAL ENTERTAINMENT Tbk,"MEDIA NUSANTARA CITRA, PT",Corporate,L,,INDONESIA,4671356580,30352382400,35023738980,57.72
30-Jun-2026,MSIN,MNC DIGITAL ENTERTAINMENT Tbk,PT GLOBAL MEDIACOM TBK,Corporate,L,,INDONESIA,4838173125,0,4838173125,7.97
30-Jun-2026,MSIN,MNC DIGITAL ENTERTAINMENT Tbk,PT MNC VISION NETWORKS,Corporate,L,,INDONESIA,653093365,0,653093365,1.08
30-Jun-2026,MSIN,MNC DIGITAL ENTERTAINMENT Tbk,SINGAPORE GOLD LIMITED,Corporate,F,,"VIRGIN ISLANDS, BRITISH",915851876,0,915851876,1.51
30-Jun-2026,MSIN,MNC DIGITAL ENTERTAINMENT Tbk,MNC INTERNATIONAL MIDDLE EAST LIMITED,Investment Advisors,F,,UNITED ARAB EMIRATES,1211620772,0,1211620772,2.0
30-Jun-2026,MSIN,MNC DIGITAL ENTERTAINMENT Tbk,BELLSTONES LIMITED,Partnership,F,,"VIRGIN ISLANDS, BRITISH",606761800,0,606761800,1.0
30-Jun-2026,MSIN,MNC DIGITAL ENTERTAINMENT Tbk,SANREMO VENTURES INC.,Partnership,F,,"VIRGIN ISLANDS, BRITISH",804712295,0,804712295,1.33
30-Jun-2026,MSIN,MNC DIGITAL ENTERTAINMENT Tbk,PT MNC Sekuritas,Securities Company,L,,INDONESIA,6020349200,0,6020349200,9.92
30-Jun-2026,MSJA,MULTI SPUNINDO JAYA Tbk,PT MULTI SPUNINDO JAYA TBK,Corporate,L,,INDONESIA,150128500,0,150128500,2.55
30-Jun-2026,MSJA,MULTI SPUNINDO JAYA Tbk,PT MAJU SELARAS JAYAMERTA,Corporate,L,,INDONESIA,625554244,3130000000,3755554244,63.84
30-Jun-2026,MSJA,MULTI SPUNINDO JAYA Tbk,LUNARDI BASUKI,Individual,L,INDONESIAN,INDONESIA,100000000,274000000,374000000,6.36
30-Jun-2026,MSJA,MULTI SPUNINDO JAYA Tbk,Michelle Tan,Individual,L,INDONESIAN,INDONESIA,171761600,0,171761600,2.92
30-Jun-2026,MSJA,MULTI SPUNINDO JAYA Tbk,SASONGKO BASUKI,Individual,L,INDONESIAN,INDONESIA,0,374000000,374000000,6.36
30-Jun-2026,MSJA,MULTI SPUNINDO JAYA Tbk,HARRY HERJANTO,,,,,0,374000000,374000000,6.36
30-Jun-2026,MSJA,MULTI SPUNINDO JAYA Tbk,HARTONO HERJANTO,,,,,0,374000000,374000000,6.36
30-Jun-2026,MSTI,MASTERSYSTEM INFOTAMA Tbk,JUPRI WIJAYA,Individual,L,INDONESIAN,INDONESIA,0,902673334,902673334,28.75
30-Jun-2026,MSTI,MASTERSYSTEM INFOTAMA Tbk,JOKO GUNAWAN,Individual,L,INDONESIAN,INDONESIA,0,862653332,862653332,27.48
30-Jun-2026,MSTI,MASTERSYSTEM INFOTAMA Tbk,EDDY ANTHONY,Individual,L,INDONESIAN,INDONESIA,0,902673334,902673334,28.75
30-Jun-2026,MSTI,MASTERSYSTEM INFOTAMA Tbk,PT. AIA FINANCIAL,Insurance,L,,INDONESIA,32583200,0,32583200,1.04
30-Jun-2026,MSTI,MASTERSYSTEM INFOTAMA Tbk,FIDELITY FUNDS,Mutual Funds,F,,LUXEMBOURG,40194500,0,40194500,1.28
30-Jun-2026,MSTI,MASTERSYSTEM INFOTAMA Tbk,"GSCO LLC S/A TRUFFLE HOUND GLOBAL VALUE, LLC",Hedge Fund,F,,UNITED STATES,50000000,0,50000000,1.59
30-Jun-2026,MSTI,MASTERSYSTEM INFOTAMA Tbk,GOVERNMENT OF NORWAY,Sovereign Wealth Fund,F,,NORWAY,45386800,0,45386800,1.45
30-Jun-2026,MTDL,METRODATA ELECTRONICS Tbk,PT AMB FINANSIAL INDONESIA,Corporate,L,,INDONESIA,285000000,0,285000000,2.32
30-Jun-2026,MTDL,METRODATA ELECTRONICS Tbk,CIPUTRA CORPORA. PT,Corporate,L,,INDONESIA,1000000,4444968890,4445968890,36.21
30-Jun-2026,MTDL,METRODATA ELECTRONICS Tbk,PT. HOKI INVESTASI SEJATI,Corporate,L,,INDONESIA,308651000,0,308651000,2.51
30-Jun-2026,MTDL,METRODATA ELECTRONICS Tbk,PT BAR INVESTAMA OPTIMA,Investment Advisors,L,,INDONESIA,300000000,0,300000000,2.44
30-Jun-2026,MTDL,METRODATA ELECTRONICS Tbk,PANGOLIN INV MANAG PTE LTD-PANGOLIN ASIA FUND,Investment Advisors,F,,CAYMAN ISLANDS,789322840,0,789322840,6.43
30-Jun-2026,MTDL,METRODATA ELECTRONICS Tbk,BOEDIMAN SOEKRISMAN,Individual,L,INDONESIAN,INDONESIA,457981795,0,457981795,3.73
30-Jun-2026,MTDL,METRODATA ELECTRONICS Tbk,SURONO SUBEKTI,Individual,L,INDONESIAN,INDONESIA,376058500,0,376058500,3.06
30-Jun-2026,MTDL,METRODATA ELECTRONICS Tbk,HJ. INNA DJUWITA S.,Individual,L,INDONESIAN,INDONESIA,264621565,0,264621565,2.16
30-Jun-2026,MTDL,METRODATA ELECTRONICS Tbk,IWAN PUTRA BRASALI,Individual,L,INDONESIAN,INDONESIA,418423665,0,418423665,3.41
30-Jun-2026,MTDL,METRODATA ELECTRONICS Tbk,MEDYA LENGKEY S,Individual,L,INDONESIAN,INDONESIA,2038120505,0,2038120505,16.6
30-Jun-2026,MTDL,METRODATA ELECTRONICS Tbk,SUKARTO BUJUNG,Individual,L,INDONESIAN,INDONESIA,317206300,0,317206300,2.58
30-Jun-2026,MTDL,METRODATA ELECTRONICS Tbk,FIDELITY FUNDS,Mutual Funds,F,,LUXEMBOURG,133069500,0,133069500,1.08
30-Jun-2026,MTDL,METRODATA ELECTRONICS Tbk,VERDIPAPIRFONDET ODIN EMERGING MARKETS,Mutual Funds,F,,NORWAY,278500000,0,278500000,2.27
30-Jun-2026,MTEL,DAYAMITRA TELEKOMUNIKASI Tbk,PT MALEO INVESTASI INDONESIA,Corporate,L,,INDONESIA,4993349700,0,4993349700,5.98
30-Jun-2026,MTEL,DAYAMITRA TELEKOMUNIKASI Tbk,PT DAYAMITRA TELEKOMUNIKASI TBK,Corporate,L,,INDONESIA,2760845900,0,2760845900,3.3
30-Jun-2026,MTEL,DAYAMITRA TELEKOMUNIKASI Tbk,TELKOM INDONESIA (PERSERO) TBK,Corporate,L,,INDONESIA,0,60021928043,60021928043,71.83
30-Jun-2026,MTEL,DAYAMITRA TELEKOMUNIKASI Tbk,FIRST ABU DHABI BANK,Bank,F,,UNITED ARAB EMIRATES,1655592500,0,1655592500,1.98
30-Jun-2026,MTEL,DAYAMITRA TELEKOMUNIKASI Tbk,GOVERNMENT OF SINGAPORE,Government,F,,SINGAPORE,4450091300,0,4450091300,5.33
30-Jun-2026,MTEL,DAYAMITRA TELEKOMUNIKASI Tbk,ABU DHABI INVESTMENT AUTHORITY,Sovereign Wealth Fund,F,,UNITED ARAB EMIRATES,3468164504,0,3468164504,4.15
30-Jun-2026,MTFN,CAPITALINC INVESTMENT Tbk,"GADING DANALESTARI, PT",Corporate,L,,INDONESIA,494000100,0,494000100,1.55
30-Jun-2026,MTFN,CAPITALINC INVESTMENT Tbk,"PIONEER INVESTMENTS, PT",Corporate,L,,INDONESIA,1288231734,0,1288231734,4.05
30-Jun-2026,MTFN,CAPITALINC INVESTMENT Tbk,"Dwi Daya Investama, PT",Corporate,L,,INDONESIA,1641109500,0,1641109500,5.15
30-Jun-2026,MTFN,CAPITALINC INVESTMENT Tbk,PETROMINE ENERGY TRADING,Corporate,L,,INDONESIA,350483000,0,350483000,1.1
30-Jun-2026,MTFN,CAPITALINC INVESTMENT Tbk,DMS INVESTAMA PT,Corporate,L,,INDONESIA,767500000,0,767500000,2.41
30-Jun-2026,MTFN,CAPITALINC INVESTMENT Tbk,PT. DWINA NATURA,Corporate,L,,INDONESIA,2936841273,0,2936841273,9.22
30-Jun-2026,MTFN,CAPITALINC INVESTMENT Tbk,PT. Madani Capital Investment,Private Equity,L,,INDONESIA,328439603,0,328439603,1.03
30-Jun-2026,MTFN,CAPITALINC INVESTMENT Tbk,PT BIOFUEL INDO SUMATRA,Corporate,L,,INDONESIA,562500000,0,562500000,1.77
30-Jun-2026,MTFN,CAPITALINC INVESTMENT Tbk,UNITED GOLD CAPITAL LTD,Corporate,F,,"VIRGIN ISLANDS, BRITISH",1450000000,0,1450000000,4.55
30-Jun-2026,MTFN,CAPITALINC INVESTMENT Tbk,BFC SPV LIMITED,Corporate,F,,MALAYSIA,522612765,0,522612765,1.64
30-Jun-2026,MTFN,CAPITALINC INVESTMENT Tbk,DBS BANK LTD.,Bank,F,,SINGAPORE,400000000,0,400000000,1.26
30-Jun-2026,MTFN,CAPITALINC INVESTMENT Tbk,SILVIA DAISY NILASARI. L,Individual,L,INDONESIAN,,345700000,0,345700000,1.09
30-Jun-2026,MTFN,CAPITALINC INVESTMENT Tbk,TAN ILLYANA WIJAYA,Individual,L,INDONESIAN,INDONESIA,465092200,0,465092200,1.46
30-Jun-2026,MTFN,CAPITALINC INVESTMENT Tbk,PERUSAHAAN PERSEROAN (PERSERO) PT ASABRI,State Owned Enterprises,L,,INDONESIA,351312600,0,351312600,1.1
30-Jun-2026,MTFN,CAPITALINC INVESTMENT Tbk,REKSA DANA OSO FLORES EQUITY FUND,Mutual Funds,L,,INDONESIA,503559000,0,503559000,1.58
30-Jun-2026,MTFN,CAPITALINC INVESTMENT Tbk,EXPRESS PROFITABLE INVESTMENT LTD,Partnership,F,,"VIRGIN ISLANDS, BRITISH",6720000000,0,6720000000,21.1
30-Jun-2026,MTFN,CAPITALINC INVESTMENT Tbk,ROULETTE CAPITAL INVESTMENTS LTD,Partnership,F,,"VIRGIN ISLANDS, BRITISH",2967658727,0,2967658727,9.32
30-Jun-2026,MTFN,CAPITALINC INVESTMENT Tbk,DPPK JIWASRAYA,Pension Funds,L,,INDONESIA,403450000,0,403450000,1.27
30-Jun-2026,MTLA,METROPOLITAN LAND Tbk,PT DWITUNGGAL PERMATA,Corporate,L,,INDONESIA,202634375,0,202634375,2.65
30-Jun-2026,MTLA,METROPOLITAN LAND Tbk,PT. Gemaindah Intikarya,Corporate,L,,INDONESIA,126422300,0,126422300,1.65
30-Jun-2026,MTLA,METROPOLITAN LAND Tbk,PT. Ciputra Nusantara,Corporate,L,,INDONESIA,1148268950,0,1148268950,15.0
30-Jun-2026,MTLA,METROPOLITAN LAND Tbk,PT. Ciputra Internasional,Corporate,L,,INDONESIA,202634375,0,202634375,2.65
30-Jun-2026,MTLA,METROPOLITAN LAND Tbk,PT. Metropolitan Persada Internasional,Corporate,L,,INDONESIA,62500000,2803980370,2866480370,37.45
30-Jun-2026,MTLA,METROPOLITAN LAND Tbk,NANDA WIDYA,Individual,L,INDONESIAN,INDONESIA,14373214,66692130,81065344,1.06
30-Jun-2026,MTLA,METROPOLITAN LAND Tbk,GRACE DEWI BRASALI,Individual,L,INDONESIAN,INDONESIA,156642900,0,156642900,2.05
30-Jun-2026,MTLA,METROPOLITAN LAND Tbk,HENOCH WEYLIM,Individual,L,INDONESIAN,INDONESIA,169337000,0,169337000,2.21
30-Jun-2026,MTLA,METROPOLITAN LAND Tbk,FENZA SOFYAN,Individual,L,INDONESIAN,INDONESIA,312500000,0,312500000,4.08
30-Jun-2026,MTLA,METROPOLITAN LAND Tbk,IWAN PUTRA BRASALI,Individual,L,INDONESIAN,INDONESIA,156250000,0,156250000,2.04
30-Jun-2026,MTLA,METROPOLITAN LAND Tbk,MAGNUS JAYA,Individual,L,INDONESIAN,INDONESIA,248877051,0,248877051,3.25
30-Jun-2026,MTLA,METROPOLITAN LAND Tbk,PT Indolife Pensiontama,Insurance,L,,INDONESIA,294915000,0,294915000,3.85
30-Jun-2026,MTLA,METROPOLITAN LAND Tbk,"INDOPERKASA SUKSESJAYA REASURANSI, PT",Insurance,L,,INDONESIA,79843600,0,79843600,1.04
30-Jun-2026,MTLA,METROPOLITAN LAND Tbk,REKSA DANA NET DANA BERIMBANG,Mutual Funds,L,,INDONESIA,80196000,0,80196000,1.05
30-Jun-2026,MTLA,METROPOLITAN LAND Tbk,PT YULIE SEKURITAS INDONESIA TBK,Securities Company,L,,INDONESIA,553900961,0,553900961,7.24
30-Jun-2026,MTLA,METROPOLITAN LAND Tbk,PT NIKKO SEKURITAS INDONESIA,Securities Company,L,,INDONESIA,85695000,0,85695000,1.12
30-Jun-2026,MTLA,METROPOLITAN LAND Tbk,MAYBANK SECURITIES PTE. LTD.,Investment Manager,F,,SINGAPORE,216900000,0,216900000,2.83
30-Jun-2026,MTMH,MURNI SADAR Tbk,"SURYA TENGGARA BUANA, PT",Investment Advisors,L,,INDONESIA,74220400,0,74220400,3.59
30-Jun-2026,MTMH,MURNI SADAR Tbk,CHINA PARADISE H.K. LIMITED,Corporate,F,,HONG KONG,80884400,0,80884400,3.91
30-Jun-2026,MTMH,MURNI SADAR Tbk,JACQUELINE SITORUS,Individual,L,INDONESIAN,INDONESIA,0,437500000,437500000,21.15
30-Jun-2026,MTMH,MURNI SADAR Tbk,ANDY INDIGO,Individual,L,INDONESIAN,INDONESIA,0,425000000,425000000,20.55
30-Jun-2026,MTMH,MURNI SADAR Tbk,BERTHA,Individual,L,INDONESIAN,INDONESIA,0,31249470,31249470,1.51
30-Jun-2026,MTMH,MURNI SADAR Tbk,TJHIN TEN CHUN,Individual,L,INDONESIAN,INDONESIA,0,62440000,62440000,3.02
30-Jun-2026,MTMH,MURNI SADAR Tbk,THIO IDA,Individual,L,INDONESIAN,INDONESIA,0,93689470,93689470,4.53
30-Jun-2026,MTMH,MURNI SADAR Tbk,SUMATERA TEKNINDO PT,,L,,,0,673458910,673458910,32.56
30-Jun-2026,MTMH,MURNI SADAR Tbk,ZICO TRUST (S) LTD,Private Equity,F,,SINGAPORE,82449300,0,82449300,3.99
30-Jun-2026,MTPS,META EPSI Tbk,PT. ANUGERAH PERKASA SEMESTA,Corporate,L,,INDONESIA,385279328,328196672,713476000,34.22
30-Jun-2026,MTPS,META EPSI Tbk,"CENTRAL ENERGI PRATAMA, PT",Corporate,L,,,0,744329000,744329000,35.7
30-Jun-2026,MTPS,META EPSI Tbk,PERUSAHAAN PERSEROAN (PERSERO) PT ASABRI,State Owned Enterprises,L,,INDONESIA,104794200,0,104794200,5.03
30-Jun-2026,MTPS,META EPSI Tbk,REKSA DANA MINNA PADI PASOPATI SAHAM,Mutual Funds,L,,INDONESIA,23728079,0,23728079,1.14
30-Jun-2026,MTPS,META EPSI Tbk,REKSA DANA MINNA PADI PRINGGONDANI SAHAM,Mutual Funds,L,,INDONESIA,36790732,0,36790732,1.76
30-Jun-2026,MTPS,META EPSI Tbk,REKSA DANA EMCO MANTAP,Mutual Funds,L,,INDONESIA,40904900,0,40904900,1.96
30-Jun-2026,MTRA,MITRA PEMUDA Tbk,"MITRA PERMATA ECON,PT",Corporate,L,,INDONESIA,27066900,0,27066900,3.52
30-Jun-2026,MTRA,MITRA PEMUDA Tbk,BUDIJANTO SIMIN,Individual,L,INDONESIAN,,35865000,0,35865000,4.66
30-Jun-2026,MTRA,MITRA PEMUDA Tbk,DEWI KURNIAWATI,Individual,L,INDONESIAN,,28697500,0,28697500,3.73
30-Jun-2026,MTRA,MITRA PEMUDA Tbk,LILI TANNIS,Individual,L,INDONESIAN,,32797300,0,32797300,4.26
30-Jun-2026,MTRA,MITRA PEMUDA Tbk,"MITRA DITOSAM INDONESIA, PT",,,,,0,594000000,594000000,77.14
30-Jun-2026,MTRA,MITRA PEMUDA Tbk,DBS VICKERS SECS SINGAPORE (PTE) LTD A/C CLIENTS,Securities Company,F,,SINGAPORE,17874100,0,17874100,2.32
30-Jun-2026,MTSM,"METRO REALTY Tbk, PT","YAKIN WISKON, PT",Corporate,L,,,0,80396044,80396044,34.53
30-Jun-2026,MTSM,"METRO REALTY Tbk, PT","SURYASAKTI BUDIMARKARTI, PT",Corporate,L,,INDONESIA,15271872,0,15271872,6.56
30-Jun-2026,MTSM,"METRO REALTY Tbk, PT",PT PERKASA MAKMUR AMARA,Corporate,L,,INDONESIA,44674876,0,44674876,19.19
30-Jun-2026,MTSM,"METRO REALTY Tbk, PT",PT GROGOL INDAH,Corporate,L,,INDONESIA,4804476,10000,4814476,2.07
30-Jun-2026,MTSM,"METRO REALTY Tbk, PT",BARA PTE LTD,Corporate,F,,,0,48131932,48131932,20.67
30-Jun-2026,MTSM,"METRO REALTY Tbk, PT",VALENCIA VENLY,Individual,L,INDONESIAN,INDONESIA,4068096,0,4068096,1.75
30-Jun-2026,MTSM,"METRO REALTY Tbk, PT",WINDY WILLIAM,Individual,L,INDONESIAN,,4450056,0,4450056,1.91
30-Jun-2026,MTSM,"METRO REALTY Tbk, PT","PAN MALAYAN SECURITIES PTE, LTD",,,,,0,5174400,5174400,2.22
30-Jun-2026,MTSM,"METRO REALTY Tbk, PT","GHO TIE TENG, MR",,,,,0,3303600,3303600,1.42
30-Jun-2026,MTSM,"METRO REALTY Tbk, PT",KADIT DEVELOPMENT LIMITED,,,,,0,7472800,7472800,3.21
30-Jun-2026,MTSM,"METRO REALTY Tbk, PT",GOH YEOK BENG,,,,,0,3057200,3057200,1.31
30-Jun-2026,MTWI,MALACCA TRUST WUWUNGAN INSURANCE Tbk,"PT. BATAVIA PROSPERINDO INTERNASIONAL, TBK",Corporate,L,,INDONESIA,2512097613,0,2512097613,85.9
30-Jun-2026,MTWI,MALACCA TRUST WUWUNGAN INSURANCE Tbk,PT ILTHABI REKATAMA,Corporate,L,,INDONESIA,50477502,0,50477502,1.73
30-Jun-2026,MTWI,MALACCA TRUST WUWUNGAN INSURANCE Tbk,VIENTJE HARIJANTO,Individual,L,INDONESIAN,INDONESIA,146082496,0,146082496,5.0
30-Jun-2026,MTWI,MALACCA TRUST WUWUNGAN INSURANCE Tbk,HARJANTO,Individual,L,INDONESIAN,INDONESIA,37034758,0,37034758,1.27
30-Jun-2026,MTWI,MALACCA TRUST WUWUNGAN INSURANCE Tbk,UOB KAY HIAN PTE LTD,Securities Company,F,,SINGAPORE,89769200,0,89769200,3.07
30-Jun-2026,MUTU,MUTUAGUNG LESTARI Tbk,MARINA LOGISTIK SEJAHTERA PT,Corporate,L,,INDONESIA,129629600,0,129629600,3.75
30-Jun-2026,MUTU,MUTUAGUNG LESTARI Tbk,PT. AFDA EKSELENSI LINTAS DUNIA,Corporate,L,,INDONESIA,230000000,0,230000000,6.66
30-Jun-2026,MUTU,MUTUAGUNG LESTARI Tbk,BARUNA HARMONI INVESTAMA PT,Investment Advisors,L,,INDONESIA,47537100,0,47537100,1.38
30-Jun-2026,MUTU,MUTUAGUNG LESTARI Tbk,BUMI HIJAU SEDAYA PT,Corporate,L,,INDONESIA,41237100,0,41237100,1.19
30-Jun-2026,MUTU,MUTUAGUNG LESTARI Tbk,PT BARUNA BINA UTAMA,Corporate,L,,,0,880000000,880000000,25.49
30-Jun-2026,MUTU,MUTUAGUNG LESTARI Tbk,SAMALA SERASI UTAMA PT,Corporate,L,,INDONESIA,103092700,0,103092700,2.99
30-Jun-2026,MUTU,MUTUAGUNG LESTARI Tbk,INTERRA RESOURCES INDONESIA INVESTMENT PT,Corporate,L,,INDONESIA,81958800,0,81958800,2.37
30-Jun-2026,MUTU,MUTUAGUNG LESTARI Tbk,PT SENTRA MUTU HANDAL,Corporate,L,,,0,990000000,990000000,28.68
30-Jun-2026,MUTU,MUTUAGUNG LESTARI Tbk,LEONARD TANUBRATA,Individual,L,INDONESIAN,INDONESIA,35618600,0,35618600,1.03
30-Jun-2026,MUTU,MUTUAGUNG LESTARI Tbk,SUDIRMAN SIMANGUNSONG,Individual,L,INDONESIAN,INDONESIA,100354200,0,100354200,2.91
30-Jun-2026,MUTU,MUTUAGUNG LESTARI Tbk,CINDY LAWRENCIA,Individual,L,INDONESIAN,INDONESIA,107000000,0,107000000,3.1
30-Jun-2026,MYOH,SAMINDO RESOURCES Tbk,PT. STI INDONESIA,Corporate,L,,INDONESIA,100000000,0,100000000,4.53
30-Jun-2026,MYOH,SAMINDO RESOURCES Tbk,ENER-MINE GLOBAL CO.LTD,Corporate,F,,"KOREA, REPUBLIC OF",71579750,0,71579750,3.24
30-Jun-2026,MYOH,SAMINDO RESOURCES Tbk,ENGKI WIBOWO,Individual,L,INDONESIAN,INDONESIA,42222500,0,42222500,1.91
30-Jun-2026,MYOH,SAMINDO RESOURCES Tbk,JENNY QUANTERO,Individual,L,INDONESIAN,INDONESIA,34796250,0,34796250,1.58
30-Jun-2026,MYOH,SAMINDO RESOURCES Tbk,LOW TUCK KWONG,Individual,L,INDONESIAN,INDONESIA,312776250,0,312776250,14.18
30-Jun-2026,MYOH,SAMINDO RESOURCES Tbk,REKSA DANA SUCORINVEST MAXI FUND,Mutual Funds,L,,INDONESIA,29137000,0,29137000,1.32
30-Jun-2026,MYOH,SAMINDO RESOURCES Tbk,REKSA DANA SUCORINVEST EQUITY FUND,Mutual Funds,L,,INDONESIA,76001200,0,76001200,3.44
30-Jun-2026,MYOH,SAMINDO RESOURCES Tbk,REKSA DANA SUCORINVEST SHARIA EQUITY FUND,Mutual Funds,L,,INDONESIA,73350700,0,73350700,3.32
30-Jun-2026,MYOH,SAMINDO RESOURCES Tbk,REKSA DANA SUCORINVEST DANA SEHAT BERIMBANG,Mutual Funds,L,,INDONESIA,22201400,0,22201400,1.01
30-Jun-2026,MYOH,SAMINDO RESOURCES Tbk,ST INTERNATIONAL CORPORATION,Venture Capital,F,,"KOREA, REPUBLIC OF",1302479275,0,1302479275,59.03
30-Jun-2026,MYOR,MAYORA INDAH Tbk,PT MAYORA INDAH TBK,Corporate,L,,INDONESIA,332015500,0,332015500,1.48
30-Jun-2026,MYOR,MAYORA INDAH Tbk,PT. PRUDENTIAL LIFE ASSURANCE,Insurance,L,,INDONESIA,237197525,0,237197525,1.06
30-Jun-2026,MYOR,MAYORA INDAH Tbk,FIDELITY FUNDS,Mutual Funds,F,,LUXEMBOURG,316151900,0,316151900,1.41
30-Jun-2026,MYOR,MAYORA INDAH Tbk,UNITA BRANINDO,,,,,0,7363121900,7363121900,32.93
30-Jun-2026,MYOR,MAYORA INDAH Tbk,MAYORA DHANA UTAMA,,,,,0,5844349525,5844349525,26.14
30-Jun-2026,MYOR,MAYORA INDAH Tbk,JOGI HENDRA ATMADJA,,,,,0,5638834400,5638834400,25.22
30-Jun-2026,MYOR,MAYORA INDAH Tbk,GOVERNMENT OF NORWAY,Sovereign Wealth Fund,F,,NORWAY,345652975,0,345652975,1.55
30-Jun-2026,MYTX,ASIA PACIFIC INVESTAMA Tbk,"PRIMA GRAHA HIBURAN,PT",Corporate,L,,INDONESIA,1434131954,0,1434131954,18.51
30-Jun-2026,MYTX,ASIA PACIFIC INVESTAMA Tbk,INDAH JAYA INVESTAMA PT,Investment Fund Selling Agent,L,,INDONESIA,5662429162,0,5662429162,73.09
30-Jun-2026,MYTX,ASIA PACIFIC INVESTAMA Tbk,MOESAROPAH  LIEM,Individual,L,INDONESIAN,INDONESIA,151945640,0,151945640,1.96
30-Jun-2026,NAIK,ADIWARNA ANUGERAH ABADI Tbk,PT RJL MITRA KAPITAL,Investment Advisors,L,,INDONESIA,72750000,0,72750000,2.19
30-Jun-2026,NAIK,ADIWARNA ANUGERAH ABADI Tbk,PT. ADIWARNA ANUGERAH INVESTAMA,Corporate,L,,INDONESIA,1749383600,0,1749383600,52.54
30-Jun-2026,NAIK,ADIWARNA ANUGERAH ABADI Tbk,JOHANNES,Individual,L,INDONESIAN,INDONESIA,322808200,0,322808200,9.7
30-Jun-2026,NAIK,ADIWARNA ANUGERAH ABADI Tbk,ERNAWATI,Individual,L,INDONESIAN,INDONESIA,342808200,0,342808200,10.3
30-Jun-2026,NANO,NANOTECH INDONESIA GLOBAL Tbk,"NANOTECH INVESTAMA SEDAYA, PT",Investment Advisors,L,,INDONESIA,2035727987,0,2035727987,47.5
30-Jun-2026,NANO,NANOTECH INDONESIA GLOBAL Tbk,PT SOFTBANK VENTURA INDONESIA,Venture Capital,L,,INDONESIA,225000000,0,225000000,5.25
30-Jun-2026,NANO,NANOTECH INDONESIA GLOBAL Tbk,PT ALIBABA INVESTAMA INDONESIA,Peer To Peer Lending,L,,INDONESIA,67585800,0,67585800,1.58
30-Jun-2026,NANO,NANOTECH INDONESIA GLOBAL Tbk,SAFARI ASIA LIMITED,Financial Institutional,F,,HONG KONG,150000000,0,150000000,3.5
30-Jun-2026,NANO,NANOTECH INDONESIA GLOBAL Tbk,SIAUW YUNUS SUBANDI,Individual,L,INDONESIAN,INDONESIA,85634600,0,85634600,2.0
30-Jun-2026,NASA,ANDALAN PERKASA ABADI  Tbk,PT. Sejahtera Mahkota Persada,Corporate,L,,INDONESIA,325935000,0,325935000,2.96
30-Jun-2026,NASA,ANDALAN PERKASA ABADI  Tbk,PT ZED UTAMA PERSADA,Firm,L,,INDONESIA,167405100,0,167405100,1.52
30-Jun-2026,NASA,ANDALAN PERKASA ABADI  Tbk,"CAPITAL GLOBAL FINANCIAL, PT",Private Equity,L,,INDONESIA,547410000,0,547410000,4.97
30-Jun-2026,NASA,ANDALAN PERKASA ABADI  Tbk,PT TIRTA CITRA SOLUSI,Corporate,L,,INDONESIA,215000000,0,215000000,1.95
30-Jun-2026,NASA,ANDALAN PERKASA ABADI  Tbk,PT PACIFIC INDOCORPORA INDONESIA,Corporate,L,,INDONESIA,331028600,0,331028600,3.01
30-Jun-2026,NASA,ANDALAN PERKASA ABADI  Tbk,PT Sinar Cemerlang Jayaraya,Corporate,L,,INDONESIA,4700600000,0,4700600000,42.71
30-Jun-2026,NASA,ANDALAN PERKASA ABADI  Tbk,PT ABADI USAHA JAYARAYA,Corporate,L,,INDONESIA,431775000,0,431775000,3.92
30-Jun-2026,NASA,ANDALAN PERKASA ABADI  Tbk,PT INIGO GLOBAL CAPITAL,Venture Capital,L,,INDONESIA,327000000,0,327000000,2.97
30-Jun-2026,NASA,ANDALAN PERKASA ABADI  Tbk,PT. NILA BANYU PERMAI,Firm,L,,INDONESIA,204400000,0,204400000,1.86
30-Jun-2026,NASA,ANDALAN PERKASA ABADI  Tbk,Rudy Purnomo,Individual,L,INDONESIAN,INDONESIA,304500000,0,304500000,2.77
30-Jun-2026,NASA,ANDALAN PERKASA ABADI  Tbk,DANNY NUGROHO,Individual,L,INDONESIAN,INDONESIA,478149000,0,478149000,4.34
30-Jun-2026,NASA,ANDALAN PERKASA ABADI  Tbk,PERUSAHAAN PERSEROAN (PERSERO) PT ASABRI,State Owned Enterprises,L,,INDONESIA,258823128,0,258823128,2.35
30-Jun-2026,NASA,ANDALAN PERKASA ABADI  Tbk,REKSA DANA FOSTER EQUITY FUND,Mutual Funds,L,,INDONESIA,403310000,0,403310000,3.66
30-Jun-2026,NASA,ANDALAN PERKASA ABADI  Tbk,REKSA DANA GEMILANG DANA SAHAM INDONESIA,Mutual Funds,L,,INDONESIA,540446700,0,540446700,4.91
30-Jun-2026,NASA,ANDALAN PERKASA ABADI  Tbk,REKSA DANA EMCO MANTAP,Mutual Funds,L,,INDONESIA,113529200,0,113529200,1.03
30-Jun-2026,NASA,ANDALAN PERKASA ABADI  Tbk,PT PACIFIC CAPITAL INVESTMENT,Investment Manager,L,,INDONESIA,115935000,0,115935000,1.05
30-Jun-2026,NASI,WAHANA INTI MAKMUR Tbk,WAHANA KREASI INVESTAMA PT,Corporate,L,,,0,18288000,18288000,2.27
30-Jun-2026,NASI,WAHANA INTI MAKMUR Tbk,PT. MODIS CIPTA KREASI,Corporate,L,,INDONESIA,9000000,207080000,216080000,26.76
30-Jun-2026,NASI,WAHANA INTI MAKMUR Tbk,SURYA NURPATRIA NUSA,Individual,L,INDONESIAN,INDONESIA,11176200,0,11176200,1.38
30-Jun-2026,NASI,WAHANA INTI MAKMUR Tbk,PIERO MUSTAFA,Individual,L,INDONESIAN,INDONESIA,0,341016000,341016000,42.24
30-Jun-2026,NASI,WAHANA INTI MAKMUR Tbk,WILLIAM ANTO,Individual,L,INDONESIAN,INDONESIA,9116800,0,9116800,1.13
30-Jun-2026,NASI,WAHANA INTI MAKMUR Tbk,HARTARTO CIPUTRA,Individual,L,INDONESIAN,INDONESIA,44865500,0,44865500,5.56
30-Jun-2026,NATO,OLYMPUS STRATEGIC INDONESIA Tbk,PT BATAVIA DANA MAXIMA,Corporate,L,,INDONESIA,374650000,0,374650000,4.68
30-Jun-2026,NATO,OLYMPUS STRATEGIC INDONESIA Tbk,PT MERCURY STRATEGIC INDONESIA,Corporate,L,,INDONESIA,2150000000,0,2150000000,26.87
30-Jun-2026,NATO,OLYMPUS STRATEGIC INDONESIA Tbk,PT SUKSES MAKMUR JAYAPRATAMA,Corporate,L,,INDONESIA,603663399,0,603663399,7.54
30-Jun-2026,NATO,OLYMPUS STRATEGIC INDONESIA Tbk,PT SIMAS PRIMA MAKSIMA,Corporate,L,,INDONESIA,375000000,0,375000000,4.69
30-Jun-2026,NATO,OLYMPUS STRATEGIC INDONESIA Tbk,PT SETIABUDI DANA PROTEKSI,Corporate,L,,INDONESIA,372294000,0,372294000,4.65
30-Jun-2026,NATO,OLYMPUS STRATEGIC INDONESIA Tbk,PT CIPTA DINAMIKA ANDALAN,Corporate,L,,INDONESIA,383730900,0,383730900,4.8
30-Jun-2026,NATO,OLYMPUS STRATEGIC INDONESIA Tbk,PT BNP PESONA PRIMA,Corporate,L,,INDONESIA,373560000,0,373560000,4.67
30-Jun-2026,NATO,OLYMPUS STRATEGIC INDONESIA Tbk,WELLINGTON INVESTMENTS PTE.LTD,Investment Advisors,F,,SINGAPORE,365602664,0,365602664,4.57
30-Jun-2026,NATO,OLYMPUS STRATEGIC INDONESIA Tbk,AEGON INVESTMENT PTE LTD,Investment Advisors,F,,SINGAPORE,370960000,0,370960000,4.64
30-Jun-2026,NATO,OLYMPUS STRATEGIC INDONESIA Tbk,COLUMBIA GLOBAL PARTNERS PTE LTD,Corporate,F,,SINGAPORE,393638048,0,393638048,4.92
30-Jun-2026,NATO,OLYMPUS STRATEGIC INDONESIA Tbk,ASIAWIDE ( H.K.) LIMITED,Corporate,F,,HONG KONG,372857300,0,372857300,4.66
30-Jun-2026,NATO,OLYMPUS STRATEGIC INDONESIA Tbk,QUANTUM SUMMIT LIMITED,Corporate,F,,HONG KONG,382000000,0,382000000,4.77
30-Jun-2026,NATO,OLYMPUS STRATEGIC INDONESIA Tbk,BLUE NOVA HOLDINGS LIMITED,Corporate,F,,HONG KONG,375000000,0,375000000,4.69
30-Jun-2026,NATO,OLYMPUS STRATEGIC INDONESIA Tbk,VOYA INVESTMENT MANAGEMENT PTE.LTD,Investment Advisors,F,,SINGAPORE,250000000,0,250000000,3.12
30-Jun-2026,NATO,OLYMPUS STRATEGIC INDONESIA Tbk,PT ASURANSI SIMAS JIWA,Insurance,L,,INDONESIA,100054550,0,100054550,1.25
30-Jun-2026,NAYZ,HASSANA BOGA SEJAHTERA TBK,PT. Asia Intrainvesta,Corporate,L,,INDONESIA,1456000000,0,1456000000,57.1
30-Jun-2026,NAYZ,HASSANA BOGA SEJAHTERA TBK,IRMAN,Individual,L,INDONESIAN,INDONESIA,330563000,0,330563000,12.96
30-Jun-2026,NAYZ,HASSANA BOGA SEJAHTERA TBK,AHMAD RAFI ASHRAFUSADAT,Individual,L,INDONESIAN,INDONESIA,47322106,0,47322106,1.86
30-Jun-2026,NAYZ,HASSANA BOGA SEJAHTERA TBK,ERIC HERMAWAN,Individual,L,INDONESIAN,INDONESIA,31315700,0,31315700,1.23
30-Jun-2026,NAYZ,HASSANA BOGA SEJAHTERA TBK,ADVANCE OPPORTUNITIES FUND,Corporate,F,,CAYMAN ISLANDS,32999300,0,32999300,1.29
30-Jun-2026,NCKL,TRIMEGAH BANGUN PERSADA Tbk,HARITA JAYARAYA,Corporate,L,,INDONESIA,1034000000,49310432000,50344432000,79.79
30-Jun-2026,NCKL,TRIMEGAH BANGUN PERSADA Tbk,BANGKOK BANK PUBLIC COMPANY LIMITED,Bank,F,,THAILAND,1498389500,0,1498389500,2.37
30-Jun-2026,NCKL,TRIMEGAH BANGUN PERSADA Tbk,GLENCORE INTERNATIONAL INVESTMENTS LTD.,Corporate,F,,BERMUDA,3963201100,0,3963201100,6.28
30-Jun-2026,NELY,PELAYARAN NELLY DWI PUTRI Tbk,"HASKOJAYA ABADI,PT",Corporate,L,,INDONESIA,1970091600,0,1970091600,83.83
30-Jun-2026,NELY,PELAYARAN NELLY DWI PUTRI Tbk,NOAH SHIPPING PTE LTD,Corporate,F,,SINGAPORE,188508800,0,188508800,8.02
30-Jun-2026,NELY,PELAYARAN NELLY DWI PUTRI Tbk,WILLIAM GOMEZ,Individual,L,INDONESIAN,INDONESIA,28540000,0,28540000,1.21
30-Jun-2026,NEST,ESTA INDONESIA Tbk,PT BUMI ABADI INDONESIA,Corporate,L,,INDONESIA,150125000,0,150125000,3.65
30-Jun-2026,NEST,ESTA INDONESIA Tbk,PT. Tilsoft Solusindo Indonesia,Corporate,L,,INDONESIA,82525000,0,82525000,2.01
30-Jun-2026,NEST,ESTA INDONESIA Tbk,PT ARUNA JAYA INVESTAMA,Corporate,L,,INDONESIA,50000000,0,50000000,1.22
30-Jun-2026,NEST,ESTA INDONESIA Tbk,CIELO SUKSES SEJAHTERA PT,Corporate,L,,INDONESIA,62854200,0,62854200,1.53
30-Jun-2026,NEST,ESTA INDONESIA Tbk,XIAMEN YAN PALACE BIRD'S NEST INDUSTRY CO LTD,Corporate,F,,CHINA,205625000,0,205625000,5.0
30-Jun-2026,NEST,ESTA INDONESIA Tbk,CITIBANK N.A.,Private Bank,F,,SINGAPORE,206000000,0,206000000,5.01
30-Jun-2026,NEST,ESTA INDONESIA Tbk,HOO ANTON SISWANTO,Individual,L,INDONESIAN,INDONESIA,3104246700,0,3104246700,75.48
30-Jun-2026,NEST,ESTA INDONESIA Tbk,CHEN WENBIAO,Individual,F,MALAYSIAN,MALAYSIA,58041900,0,58041900,1.41
30-Jun-2026,NETV,MDTV MEDIA TECHNOLOGIES Tbk,PT MD PICTURES TBK,Corporate,L,,INDONESIA,0,33109887166,33109887166,80.05
30-Jun-2026,NETV,MDTV MEDIA TECHNOLOGIES Tbk,PT TELADAN INVESTAMA,Corporate,L,,INDONESIA,1173190499,0,1173190499,2.84
30-Jun-2026,NETV,MDTV MEDIA TECHNOLOGIES Tbk,PT PILAR JAYA INVESTAMA,Corporate,L,,INDONESIA,417595791,0,417595791,1.01
30-Jun-2026,NETV,MDTV MEDIA TECHNOLOGIES Tbk,PT. KARYA MEDIA INVESTINDO,Corporate,L,,INDONESIA,3309636706,0,3309636706,8.0
30-Jun-2026,NETV,MDTV MEDIA TECHNOLOGIES Tbk,PT SINERGI LINTAS MEDIA,Corporate,L,,INDONESIA,1084087994,0,1084087994,2.62
30-Jun-2026,NFCX,NFC INDONESIA Tbk,PT. KRESNA ASSET MANAGEMENT S/A PT. M CASH INTEGRASI TBK,Corporate,L,,INDONESIA,341953100,0,341953100,51.29
30-Jun-2026,NFCX,NFC INDONESIA Tbk,PT. 1 INTI DOT COM,Corporate,L,,INDONESIA,77655700,0,77655700,11.65
30-Jun-2026,NFCX,NFC INDONESIA Tbk,PT SOTERIA WICAKSANA INVESTAMA,Firm,L,,INDONESIA,8279700,0,8279700,1.24
30-Jun-2026,NFCX,NFC INDONESIA Tbk,PT KEJORA DIGITAL INVESTAMA,Firm,L,,INDONESIA,9832200,0,9832200,1.47
30-Jun-2026,NFCX,NFC INDONESIA Tbk,PT KARYA KARUNIA PERSADA,Firm,L,,INDONESIA,16706200,0,16706200,2.51
30-Jun-2026,NFCX,NFC INDONESIA Tbk,PT. MANDIRI TERANG HARAPAN,Private Equity,L,,INDONESIA,14630800,0,14630800,2.19
30-Jun-2026,NFCX,NFC INDONESIA Tbk,PT GRIYA INSANI CAKRA SADAYA,Firm,L,,INDONESIA,6830000,0,6830000,1.02
30-Jun-2026,NFCX,NFC INDONESIA Tbk,BANK OF SINGAPORE LIMITED,Private Bank,F,,SINGAPORE,40290920,0,40290920,6.04
30-Jun-2026,NFCX,NFC INDONESIA Tbk,RUSTIYAN OEN,Individual,L,INDONESIAN,INDONESIA,11393700,0,11393700,1.71
30-Jun-2026,NFCX,NFC INDONESIA Tbk,ISENTA HIOE,Individual,L,INDONESIAN,INDONESIA,9129800,0,9129800,1.37
30-Jun-2026,NFCX,NFC INDONESIA Tbk,SANNY NANANG,Individual,L,INDONESIAN,INDONESIA,23930000,0,23930000,3.59
30-Jun-2026,NFCX,NFC INDONESIA Tbk,NINIK KUSUMOWATI TJAHJONO,Individual,L,INDONESIAN,INDONESIA,10347600,0,10347600,1.55
30-Jun-2026,NICE,ADHI KARTIKO PRATAMA Tbk,"ENERGY BATTERY INDONESIA, PT",Corporate,L,,INDONESIA,4231395615,0,4231395615,69.57
30-Jun-2026,NICE,ADHI KARTIKO PRATAMA Tbk,PT DELTA EMAS FORTUNA,Corporate,L,,INDONESIA,98011500,0,98011500,1.61
30-Jun-2026,NICE,ADHI KARTIKO PRATAMA Tbk,SUNGAI MAS MINERALS PT,Corporate,L,,INDONESIA,634220385,0,634220385,10.43
30-Jun-2026,NICE,ADHI KARTIKO PRATAMA Tbk,PT INDO TAMBANGRAYA MEGAH TBK,Corporate,L,,INDONESIA,585000000,0,585000000,9.62
30-Jun-2026,NICE,ADHI KARTIKO PRATAMA Tbk,PT CELEBES MINERAL SEJAHTERA,Corporate,L,,INDONESIA,286087300,0,286087300,4.7
30-Jun-2026,NICK,CHARNIC CAPITAL Tbk,PT. OKANSA INDONESIA,Corporate,L,,INDONESIA,113164000,0,113164000,17.38
30-Jun-2026,NICK,CHARNIC CAPITAL Tbk,PT OKANSA FUJI SHOSHA,Corporate,L,,INDONESIA,19912800,0,19912800,3.06
30-Jun-2026,NICK,CHARNIC CAPITAL Tbk,PT. INDOVEST CENTRAL,Corporate,L,,INDONESIA,375088800,0,375088800,57.6
30-Jun-2026,NICK,CHARNIC CAPITAL Tbk,PT. PROSPERINDO UTAMA,Corporate,L,,INDONESIA,10738400,0,10738400,1.65
30-Jun-2026,NICK,CHARNIC CAPITAL Tbk,BANK JULIUS BAER AND CO. LTD. HONG KONG,Private Bank,F,,HONG KONG,31500000,0,31500000,4.84
30-Jun-2026,NICK,CHARNIC CAPITAL Tbk,ARIOSTA,Individual,L,INDONESIAN,INDONESIA,8504500,0,8504500,1.31
30-Jun-2026,NICK,CHARNIC CAPITAL Tbk,FREDDY SANTOSO,Individual,L,INDONESIAN,INDONESIA,22105000,0,22105000,3.39
30-Jun-2026,NICK,CHARNIC CAPITAL Tbk,Phillip Securities (Hong Kong) Limited,Securities Company,F,,CHINA,28299400,0,28299400,4.35
30-Jun-2026,NICK,CHARNIC CAPITAL Tbk,BOOM SECURITIES (H.K.) LIMITED,Securities Company,F,,HONG KONG,32354300,0,32354300,4.97
30-Jun-2026,NICL,PAM MINERAL Tbk,"Pam Metalindo, PT",Corporate,L,,INDONESIA,0,4597500000,4597500000,43.23
30-Jun-2026,NICL,PAM MINERAL Tbk,SANSAN,Individual,L,INDONESIAN,INDONESIA,183532200,0,183532200,1.73
30-Jun-2026,NICL,PAM MINERAL Tbk,DIANITA,Individual,L,INDONESIAN,INDONESIA,387618800,0,387618800,3.64
30-Jun-2026,NICL,PAM MINERAL Tbk,LEONARDUS SUTARMAN,Individual,L,INDONESIAN,INDONESIA,109282400,0,109282400,1.03
30-Jun-2026,NICL,PAM MINERAL Tbk,VERONICA PUDJIATI LIAS,Individual,L,INDONESIAN,INDONESIA,386217000,0,386217000,3.63
30-Jun-2026,NICL,PAM MINERAL Tbk,DYAH CITRA IMI,Individual,L,INDONESIAN,INDONESIA,173283100,0,173283100,1.63
30-Jun-2026,NICL,PAM MINERAL Tbk,ROBBY WIDJAJA,Individual,L,INDONESIAN,INDONESIA,328935700,0,328935700,3.09
30-Jun-2026,NICL,PAM MINERAL Tbk,PT ARTHA PERDANA INVESTAMA,,,,,0,3065000000,3065000000,28.82
30-Jun-2026,NIKL,PELAT TIMAH NUSANTARA Tbk,PT. KRAKATAU STEEL (PERSERO) TBK.,State Owned Enterprises,L,,INDONESIA,380100,507096150,507476250,20.11
30-Jun-2026,NIKL,PELAT TIMAH NUSANTARA Tbk,NIPPON STEEL CORPORATION,Corporate,F,,JAPAN,883172500,0,883172500,35.0
30-Jun-2026,NIKL,PELAT TIMAH NUSANTARA Tbk,NIPPON STEEL TRADING CORPORATION,Corporate,F,,JAPAN,126167500,0,126167500,5.0
30-Jun-2026,NIKL,PELAT TIMAH NUSANTARA Tbk,NOMURA SINGAPORE LIMITED S/A METAL ONE CORPORATION,Corporate,F,,JAPAN,126167500,0,126167500,5.0
30-Jun-2026,NIKL,PELAT TIMAH NUSANTARA Tbk,"MITSUI + CO., LTD.",Corporate,F,,JAPAN,252335000,0,252335000,10.0
30-Jun-2026,NIKL,PELAT TIMAH NUSANTARA Tbk,PERUSAHAAN PERSEROAN (PERSERO) PT ASABRI,State Owned Enterprises,L,,INDONESIA,260152600,0,260152600,10.31
30-Jun-2026,NINE,TECHNO9 INDONESIA Tbk,POH HOLDINGS PTE LTD,Investment Advisors,F,,SINGAPORE,773352631,0,773352631,35.85
30-Jun-2026,NINE,TECHNO9 INDONESIA Tbk,EDDY SUSANTO,Individual,L,INDONESIAN,INDONESIA,27916400,0,27916400,1.29
30-Jun-2026,NINE,TECHNO9 INDONESIA Tbk,LINA JONI,Individual,L,INDONESIAN,INDONESIA,22500000,0,22500000,1.04
30-Jun-2026,NINE,TECHNO9 INDONESIA Tbk,DJONI,Individual,L,INDONESIAN,INDONESIA,110000000,0,110000000,5.1
30-Jun-2026,NINE,TECHNO9 INDONESIA Tbk,SURYANI,Individual,L,INDONESIAN,INDONESIA,22288800,0,22288800,1.03
30-Jun-2026,NINE,TECHNO9 INDONESIA Tbk,ANTON SURYA DJOJO,Individual,L,INDONESIAN,INDONESIA,22397500,0,22397500,1.04
30-Jun-2026,NINE,TECHNO9 INDONESIA Tbk,HEDDY KANDOU,Individual,L,INDONESIAN,INDONESIA,25432663,0,25432663,1.18
30-Jun-2026,NIRO,CITY RETAIL DEVELOPMENTS Tbk,PT ORION GLOBAL DEVELOPMENT,Corporate,L,,INDONESIA,16703543680,0,16703543680,75.25
30-Jun-2026,NIRO,CITY RETAIL DEVELOPMENTS Tbk,PT CAPITAL LIFE INDONESIA,Insurance,L,,INDONESIA,873400000,0,873400000,3.93
30-Jun-2026,NIRO,CITY RETAIL DEVELOPMENTS Tbk,"BHINNEKA LIFE INDONESIA, PT",Insurance,L,,INDONESIA,870674200,0,870674200,3.92
30-Jun-2026,NIRO,CITY RETAIL DEVELOPMENTS Tbk,REKSA DANA SUCORINVEST EQUITY PRIMA FUND,Mutual Funds,L,,INDONESIA,540414200,0,540414200,2.43
30-Jun-2026,NIRO,CITY RETAIL DEVELOPMENTS Tbk,REKSA DANA SUCORINVEST EQUITY FUND,Mutual Funds,L,,INDONESIA,393886400,0,393886400,1.77
30-Jun-2026,NIRO,CITY RETAIL DEVELOPMENTS Tbk,REKSA DANA CAPITAL BALANCED FUND,Mutual Funds,L,,INDONESIA,247000000,0,247000000,1.11
30-Jun-2026,NIRO,CITY RETAIL DEVELOPMENTS Tbk,REKSA DANA CAPITAL EQUITY FUND,Mutual Funds,L,,INDONESIA,238463800,0,238463800,1.07
30-Jun-2026,NISP,BANK OCBC NISP Tbk,PT SURYASONO SENTOSA,Corporate,L,,INDONESIA,394398298,0,394398298,1.72
30-Jun-2026,NISP,BANK OCBC NISP Tbk,PT UDAYAWIRA UTAMA,Corporate,L,,INDONESIA,368544300,0,368544300,1.61
30-Jun-2026,NISP,BANK OCBC NISP Tbk,OCBC OVERSEAS INVESTMENTS PTE. LTD,Investment Advisors,F,,SINGAPORE,19521391224,0,19521391224,85.08
30-Jun-2026,NOBU,BANK NATIONALNOBU Tbk,"GRAHAPUTRA MANDIRIKHARISMA, PT.",Corporate,L,,INDONESIA,164266625,0,164266625,2.2
30-Jun-2026,NOBU,BANK NATIONALNOBU Tbk,PT. PRIMA CAKRAWALA SENTOSA,Venture Capital,L,,INDONESIA,1560467012,0,1560467012,20.87
30-Jun-2026,NOBU,BANK NATIONALNOBU Tbk,PT STAR PACIFIC TBK,Investment Advisors,L,,INDONESIA,621621621,0,621621621,8.31
30-Jun-2026,NOBU,BANK NATIONALNOBU Tbk,"MDS RETAILING TBK, PT",Corporate,L,,INDONESIA,655500000,0,655500000,8.77
30-Jun-2026,NOBU,BANK NATIONALNOBU Tbk,"PUTERA MULIA INDONESIA, PT",Corporate,L,,INDONESIA,261960685,74784439,336745124,4.5
30-Jun-2026,NOBU,BANK NATIONALNOBU Tbk,"HANWHA LIFE INSURANCE CO., LTD.",Insurance,F,,"KOREA, REPUBLIC OF",2991377559,0,2991377559,40.0
30-Jun-2026,NOBU,BANK NATIONALNOBU Tbk,OCBC SECURITIES PRIVATE LIMITED,Securities Company,F,,SINGAPORE,516348700,0,516348700,6.9
30-Jun-2026,NPGF,NUSA PALAPA GEMILANG Tbk,PT NEBULA PERSADA GEMILANG,Corporate,L,,INDONESIA,777466592,0,777466592,23.99
30-Jun-2026,NPGF,NUSA PALAPA GEMILANG Tbk,PT ATMAJA MAKMUR GEMILANG,Corporate,L,,INDONESIA,1814722048,0,1814722048,56.01
30-Jun-2026,NPGF,NUSA PALAPA GEMILANG Tbk,RHANA NABILLA,Individual,L,INDONESIAN,INDONESIA,38248700,0,38248700,1.18
30-Jun-2026,NPGF,NUSA PALAPA GEMILANG Tbk,HERMAN HALIM,Individual,L,INDONESIAN,INDONESIA,41202700,0,41202700,1.27
30-Jun-2026,NPGF,NUSA PALAPA GEMILANG Tbk,FARIAL EKO YUSWARA,Individual,L,INDONESIAN,INDONESIA,37249300,0,37249300,1.15
30-Jun-2026,NRCA,NUSA RAYA CIPTA Tbk,"NUSIRA PUTERA, PT",Corporate,L,,INDONESIA,40000000,0,40000000,1.6
30-Jun-2026,NRCA,NUSA RAYA CIPTA Tbk,"SURYA SEMESTA INTERNUSA TBK, PT",Corporate,L,,INDONESIA,1596200300,0,1596200300,63.94
30-Jun-2026,NRCA,NUSA RAYA CIPTA Tbk,SARATOGA INVESTAMA SEDAYA TBK PT,Corporate,L,,INDONESIA,149362700,0,149362700,5.98
30-Jun-2026,NRCA,NUSA RAYA CIPTA Tbk,DAVID SURYADHI,Individual,L,INDONESIAN,,46000000,0,46000000,1.84
30-Jun-2026,NRCA,NUSA RAYA CIPTA Tbk,"DENNY  HARTONO, SH",Individual,L,INDONESIAN,INDONESIA,33977900,0,33977900,1.36
30-Jun-2026,NRCA,NUSA RAYA CIPTA Tbk,IR.HADIWINARTO CHRISTANTO,Individual,L,INDONESIAN,INDONESIA,61352500,0,61352500,2.46
30-Jun-2026,NRCA,NUSA RAYA CIPTA Tbk,VONNY WIDJAJANTI SUTIOSO,Individual,L,INDONESIAN,INDONESIA,32529600,0,32529600,1.3
30-Jun-2026,NRCA,NUSA RAYA CIPTA Tbk,"EDDY PURWANA WIKANTA, IR",Individual,L,INDONESIAN,INDONESIA,59152500,0,59152500,2.37
30-Jun-2026,NSSS,NUSANTARA SAWIT SEJAHTERA Tbk,SAMUEL INTERNATIONAL,Corporate,L,,INDONESIA,2544333400,0,2544333400,10.69
30-Jun-2026,NSSS,NUSANTARA SAWIT SEJAHTERA Tbk,PT NUSANTARA MAKMUR LESTARI,Corporate,L,,INDONESIA,2262160000,0,2262160000,9.5
30-Jun-2026,NSSS,NUSANTARA SAWIT SEJAHTERA Tbk,PT MITRA AGRO DHARMA UNGGUL,Private Bank,L,,INDONESIA,341000000,0,341000000,1.43
30-Jun-2026,NSSS,NUSANTARA SAWIT SEJAHTERA Tbk,PARADISO RESOURCES LTD,Corporate,F,,"VIRGIN ISLANDS, BRITISH",470806212,0,470806212,1.98
30-Jun-2026,NSSS,NUSANTARA SAWIT SEJAHTERA Tbk,RICARDO HANDOKO,Individual,L,INDONESIAN,INDONESIA,682284750,0,682284750,2.87
30-Jun-2026,NSSS,NUSANTARA SAWIT SEJAHTERA Tbk,EUNICE M SATYONO,Individual,L,INDONESIAN,INDONESIA,340375499,0,340375499,1.43
30-Jun-2026,NSSS,NUSANTARA SAWIT SEJAHTERA Tbk,KURNIADI PATRIAWAN,Individual,L,INDONESIAN,INDONESIA,489098500,0,489098500,2.05
30-Jun-2026,NSSS,NUSANTARA SAWIT SEJAHTERA Tbk,IR. TEGUH PATRIAWAN,Individual,L,INDONESIAN,INDONESIA,2784929500,0,2784929500,11.7
30-Jun-2026,NSSS,NUSANTARA SAWIT SEJAHTERA Tbk,"TIMBUL THOMAS LUBIS, SH",Individual,L,INDONESIAN,INDONESIA,457505800,0,457505800,1.92
30-Jun-2026,NSSS,NUSANTARA SAWIT SEJAHTERA Tbk,R.ARIFIAN SURYAWIJAYA,Individual,L,INDONESIAN,INDONESIA,278908900,0,278908900,1.17
30-Jun-2026,NSSS,NUSANTARA SAWIT SEJAHTERA Tbk,PT SAMUEL SEKURITAS INDONESIA,Securities Company,L,,INDONESIA,9897868500,0,9897868500,41.58
30-Jun-2026,NTBK,NUSATAMA BERKAH Tbk,PT. REBORN CAPITAL,Brokerage Firms,L,,INDONESIA,1400000000,0,1400000000,51.85
30-Jun-2026,NTBK,NUSATAMA BERKAH Tbk,WULAN LUKITA DEWI,Individual,L,INDONESIAN,INDONESIA,45000000,0,45000000,1.67
30-Jun-2026,NTBK,NUSATAMA BERKAH Tbk,FITRADITYO HARJUNO,Individual,L,INDONESIAN,INDONESIA,52922100,0,52922100,1.96
30-Jun-2026,NTBK,NUSATAMA BERKAH Tbk,IR BAMBANG SUSILO,Individual,L,INDONESIAN,INDONESIA,102029000,0,102029000,3.78
30-Jun-2026,NTBK,NUSATAMA BERKAH Tbk,"LIA MARLIANA, SE",Individual,L,INDONESIAN,INDONESIA,51632800,0,51632800,1.91
30-Jun-2026,NTBK,NUSATAMA BERKAH Tbk,M T SURIANDARINI,Individual,L,INDONESIAN,INDONESIA,49588400,0,49588400,1.84
30-Jun-2026,NTBK,NUSATAMA BERKAH Tbk,RAFITYA RAHISA,Individual,L,INDONESIAN,INDONESIA,48726300,0,48726300,1.8
30-Jun-2026,NUSA,SINERGI MEGAH INTERNUSA Tbk,PT PESONA ALAM MUTIARA,Corporate,L,,INDONESIA,260000000,0,260000000,3.38
30-Jun-2026,NUSA,SINERGI MEGAH INTERNUSA Tbk,"BANK DANAMON INDONESIA Tbk, PT - REGISTRAR",Bank,L,,INDONESIA,199698002,0,199698002,2.59
30-Jun-2026,NUSA,SINERGI MEGAH INTERNUSA Tbk,RUSNI KOK,Individual,L,INDONESIAN,INDONESIA,166500000,0,166500000,2.16
30-Jun-2026,NUSA,SINERGI MEGAH INTERNUSA Tbk,Jonathan Subroto,Individual,L,INDONESIAN,INDONESIA,129194700,0,129194700,1.68
30-Jun-2026,NUSA,SINERGI MEGAH INTERNUSA Tbk,INGGRID HENTIANA,Individual,L,INDONESIAN,INDONESIA,359380000,0,359380000,4.67
30-Jun-2026,NUSA,SINERGI MEGAH INTERNUSA Tbk,ROGER MORRISON - IDD261285351363,Individual,L,INDONESIAN,INDONESIA,80000000,0,80000000,1.04
30-Jun-2026,NUSA,SINERGI MEGAH INTERNUSA Tbk,JOCELYN JOSEPHINE,Individual,L,INDONESIAN,INDONESIA,102370000,0,102370000,1.33
30-Jun-2026,NUSA,SINERGI MEGAH INTERNUSA Tbk,PERUSAHAAN PERSEROAN (PERSERO) PT ASABRI,State Owned Enterprises,L,,INDONESIA,328104990,0,328104990,4.26
30-Jun-2026,NUSA,SINERGI MEGAH INTERNUSA Tbk,REKSA DANA SAHAM EMCO PESONA,Mutual Funds,L,,INDONESIA,202008800,0,202008800,2.62
30-Jun-2026,NUSA,SINERGI MEGAH INTERNUSA Tbk,Reksa Dana Victoria Equity Maxima,Mutual Funds,L,,INDONESIA,142000000,0,142000000,1.84
30-Jun-2026,NUSA,SINERGI MEGAH INTERNUSA Tbk,REKSA DANA EMCO MANTAP,Mutual Funds,L,,INDONESIA,307268800,0,307268800,3.99
30-Jun-2026,NUSA,SINERGI MEGAH INTERNUSA Tbk,ZICO TRUST (S) LTD AS TRUSTEE OF PROMETHEA STRATEGIC FUND,,,,,0,352100000,352100000,4.57
30-Jun-2026,NUSA,SINERGI MEGAH INTERNUSA Tbk,JAKSA AGUNG MUDA BIDANG TINDAK PIDANA KHUSUS KEJAKSAAN REPUBLIK INDONESIA KEJAKSAAN REPUBLIK INDONESIA,Government,L,,INDONESIA,2927061900,0,2927061900,38.01
30-Jun-2026,NUSA,SINERGI MEGAH INTERNUSA Tbk,PT. VICTORIA MANAJEMEN INVESTASI,Investment Manager,L,,INDONESIA,112278466,0,112278466,1.46
30-Jun-2026,NUSA,SINERGI MEGAH INTERNUSA Tbk,PT WANTEG SEKURITAS,Securities Company,L,,INDONESIA,194150500,0,194150500,2.52
30-Jun-2026,NUSA,SINERGI MEGAH INTERNUSA Tbk,PT Yuanta Sekuritas Indonesia,Securities Company,L,,INDONESIA,99911300,0,99911300,1.3
30-Jun-2026,NUSA,SINERGI MEGAH INTERNUSA Tbk,PT Shinhan Sekuritas Indonesia,Securities Company,L,,INDONESIA,142129800,0,142129800,1.85
30-Jun-2026,NZIA,NUSANTARA ALMAZIA Tbk,PT ARTHA ERA PRIMAYASA,Corporate,L,,INDONESIA,106497800,0,106497800,4.85
30-Jun-2026,NZIA,NUSANTARA ALMAZIA Tbk,PT SINAR PRIMA KOLABORASI,Corporate,L,,INDONESIA,72855300,0,72855300,3.32
30-Jun-2026,NZIA,NUSANTARA ALMAZIA Tbk,PT HARAPAN MAJU GLOBAL,Corporate,L,,INDONESIA,90000000,0,90000000,4.1
30-Jun-2026,NZIA,NUSANTARA ALMAZIA Tbk,ARDHIANTO YUDHATAMA SETIANTO,Individual,L,INDONESIAN,INDONESIA,41000000,0,41000000,1.87
30-Jun-2026,NZIA,NUSANTARA ALMAZIA Tbk,RICHARD RACHMADI WIRIAHARDJA,,,,,0,977980000,977980000,44.5
30-Jun-2026,NZIA,NUSANTARA ALMAZIA Tbk,"RISTIA BINTANG MAHKOTA SEJATI TBK, PT",,,,,0,758000000,758000000,34.49
30-Jun-2026,OASA,MAHARAKSA BIRU ENERGI Tbk,"Maharaksa Biru Indonesia, PT",Corporate,L,,INDONESIA,317361000,0,317361000,5.0
30-Jun-2026,OASA,MAHARAKSA BIRU ENERGI Tbk,"Maharaksa Biru Nusantara, PT",Corporate,L,,INDONESIA,126944400,0,126944400,2.0
30-Jun-2026,OASA,MAHARAKSA BIRU ENERGI Tbk,PT TRUKINDO PERSADA SEJAHTERA,Firm,L,,INDONESIA,119175123,0,119175123,1.88
30-Jun-2026,OASA,MAHARAKSA BIRU ENERGI Tbk,AND INDONESIA KAPITAL PT.,Private Equity,L,,INDONESIA,332567000,0,332567000,5.24
30-Jun-2026,OASA,MAHARAKSA BIRU ENERGI Tbk,"KALILA MUTIARA NUSANTARA, PT",Corporate,L,,INDONESIA,300000000,0,300000000,4.73
30-Jun-2026,OASA,MAHARAKSA BIRU ENERGI Tbk,PT. GRAHA ADIKA NIAGA,Corporate,L,,INDONESIA,231108700,0,231108700,3.64
30-Jun-2026,OASA,MAHARAKSA BIRU ENERGI Tbk,UBS AG SINGAPORE BRANCH,Private Bank,F,,SINGAPORE,84006397,0,84006397,1.32
30-Jun-2026,OASA,MAHARAKSA BIRU ENERGI Tbk,JOS PARENGKUAN,Individual,L,INDONESIAN,INDONESIA,105687500,0,105687500,1.67
30-Jun-2026,OASA,MAHARAKSA BIRU ENERGI Tbk,INDRA RAHMAT ADHYANTO,Individual,L,INDONESIAN,INDONESIA,73053070,0,73053070,1.15
30-Jun-2026,OASA,MAHARAKSA BIRU ENERGI Tbk,DODIANTO PITOJO,Individual,L,INDONESIAN,INDONESIA,71591173,0,71591173,1.13
30-Jun-2026,OASA,MAHARAKSA BIRU ENERGI Tbk,"GAFUR SULISTYO UMAR,IR,MBA",Individual,L,INDONESIAN,INDONESIA,2237506593,0,2237506593,35.25
30-Jun-2026,OASA,MAHARAKSA BIRU ENERGI Tbk,PRIMO CIPTO PUDJIANTO,Individual,L,INDONESIAN,INDONESIA,63590155,0,63590155,1.0
30-Jun-2026,OASA,MAHARAKSA BIRU ENERGI Tbk,OCBC SECURITIES PRIVATE LIMITED,Securities Company,F,,SINGAPORE,285994180,0,285994180,4.51
30-Jun-2026,OBAT,BRIGIT BIOFARMAKA TEKNOLOGI Tbk,PT ADELLE AND SHAWN,Corporate,L,,INDONESIA,12048700,0,12048700,1.77
30-Jun-2026,OBAT,BRIGIT BIOFARMAKA TEKNOLOGI Tbk,PT PRAKARSA TANI SEJATI,Corporate,L,,INDONESIA,8500900,0,8500900,1.25
30-Jun-2026,OBAT,BRIGIT BIOFARMAKA TEKNOLOGI Tbk,JASON KAMADI,Individual,L,INDONESIAN,INDONESIA,9651200,0,9651200,1.42
30-Jun-2026,OBAT,BRIGIT BIOFARMAKA TEKNOLOGI Tbk,MACHMUD LUTFI HUZAIN,Individual,L,INDONESIAN,INDONESIA,0,215000000,215000000,31.6
30-Jun-2026,OBAT,BRIGIT BIOFARMAKA TEKNOLOGI Tbk,NARNO RAHARJO,Individual,L,INDONESIAN,INDONESIA,0,21500000,21500000,3.16
30-Jun-2026,OBAT,BRIGIT BIOFARMAKA TEKNOLOGI Tbk,SURONO SUBEKTI,Individual,L,INDONESIAN,INDONESIA,98781300,0,98781300,14.52
30-Jun-2026,OBAT,BRIGIT BIOFARMAKA TEKNOLOGI Tbk,JUNINGSIH SUTJIONO,Individual,L,INDONESIAN,INDONESIA,7350000,0,7350000,1.08
30-Jun-2026,OBAT,BRIGIT BIOFARMAKA TEKNOLOGI Tbk,AMEI LISA DITA KARINA,Individual,L,INDONESIAN,INDONESIA,0,193500000,193500000,28.44
30-Jun-2026,OBMD,OBM DRILCHEM Tbk,PT. SURYAPRANA NUTRISINDO,Corporate,L,,INDONESIA,63988900,0,63988900,7.94
30-Jun-2026,OBMD,OBM DRILCHEM Tbk,PT INDOTEK DRILING SOLUSI,Corporate,L,,INDONESIA,0,411600000,411600000,51.07
30-Jun-2026,OBMD,OBM DRILCHEM Tbk,IR.RYANTO HUSODO,Individual,L,INDONESIAN,INDONESIA,34200500,0,34200500,4.24
30-Jun-2026,OBMD,OBM DRILCHEM Tbk,IVAN REZKA WINATA,Individual,L,INDONESIAN,INDONESIA,10749800,0,10749800,1.33
30-Jun-2026,OBMD,OBM DRILCHEM Tbk,HENDRA,Individual,L,INDONESIAN,INDONESIA,21375300,0,21375300,2.65
30-Jun-2026,OBMD,OBM DRILCHEM Tbk,MOHAMAD ASAD,Individual,L,INDONESIAN,INDONESIA,91422200,0,91422200,11.34
30-Jun-2026,OCAP,ONIX CAPITAL Tbk,"ONIX CAPITAL TBK, PT",Investment Advisors,L,,INDONESIA,15940100,0,15940100,5.83
30-Jun-2026,OCAP,ONIX CAPITAL Tbk,DJAJUSMAN SURYOWIJONO,Individual,L,INDONESIAN,INDONESIA,95625000,0,95625000,35.0
30-Jun-2026,OCAP,ONIX CAPITAL Tbk,HARDJANTO A.,Individual,L,INDONESIAN,,21843000,0,21843000,8.0
30-Jun-2026,OCAP,ONIX CAPITAL Tbk,KARNA  BRATA LESMANA,Individual,L,INDONESIAN,INDONESIA,11615000,0,11615000,4.25
30-Jun-2026,OCAP,ONIX CAPITAL Tbk,UOB KAY HIAN (HONG KONG) LTD,Securities Company,F,,HONG KONG,122948000,0,122948000,45.0
30-Jun-2026,OILS,INDO OIL PERKASA Tbk,PT MANDALINDO PUTRA PERKASA,Corporate,L,,,0,217255500,217255500,47.85
30-Jun-2026,OILS,INDO OIL PERKASA Tbk,PT MAGMUS TEKNOLOGI NUSANTARA,Firm,L,,INDONESIA,9000000,0,9000000,1.98
30-Jun-2026,OILS,INDO OIL PERKASA Tbk,YONATHAN WIDAKDO SUTANTO,Individual,L,INDONESIAN,INDONESIA,0,17348900,17348900,3.82
30-Jun-2026,OILS,INDO OIL PERKASA Tbk,JOHAN WIDAKDO LIEM,Individual,L,INDONESIAN,INDONESIA,17348900,0,17348900,3.82
30-Jun-2026,OILS,INDO OIL PERKASA Tbk,WILLY WIDJAJA,Individual,L,INDONESIAN,INDONESIA,5907400,0,5907400,1.3
30-Jun-2026,OILS,INDO OIL PERKASA Tbk,SULASTRI,Individual,L,INDONESIAN,INDONESIAN,0,32184100,32184100,7.09
30-Jun-2026,OKAS,ANCORA INDONESIA RESOURCES Tbk,PT DUA USAHA KARYA NEGERI,Corporate,L,,INDONESIA,71020100,0,71020100,2.99
30-Jun-2026,OKAS,ANCORA INDONESIA RESOURCES Tbk,PT. MULTI BERKAT ENERGI,Corporate,L,,INDONESIA,918304978,0,918304978,38.69
30-Jun-2026,OKAS,ANCORA INDONESIA RESOURCES Tbk,BANQUE PICTET AND CIE SA BURGUNDY ASSETS CORP,Corporate,F,,"VIRGIN ISLANDS, BRITISH",194996613,0,194996613,8.22
30-Jun-2026,OKAS,ANCORA INDONESIA RESOURCES Tbk,DEUTSCHE BK AG (PRIVATE BANKING) SPORE WM CLIENT,Bank,F,,SINGAPORE,30872761,0,30872761,1.3
30-Jun-2026,OKAS,ANCORA INDONESIA RESOURCES Tbk,BANQUE PICTET AND CIE SA,Bank,F,,SWITZERLAND,39315627,0,39315627,1.66
30-Jun-2026,OKAS,ANCORA INDONESIA RESOURCES Tbk,RICHARD,Individual,L,INDONESIAN,INDONESIA,25714300,0,25714300,1.08
30-Jun-2026,OKAS,ANCORA INDONESIA RESOURCES Tbk,ALPHONSUS A  DHARMAWAN,Individual,L,INDONESIAN,INDONESIA,37939500,0,37939500,1.6
30-Jun-2026,OKAS,ANCORA INDONESIA RESOURCES Tbk,ISLAND SPICE INVESTMENTS LIMITED,,,,,0,607521388,607521388,25.6
30-Jun-2026,OLIV,OSCAR MITRA SUKSES SEJAHTERA Tbk,PT OLIVE POWER INVEST,Corporate,L,,INDONESIA,1290407112,0,1290407112,67.91
30-Jun-2026,OLIV,OSCAR MITRA SUKSES SEJAHTERA Tbk,ZHIQIANG ZHENG,Individual,F,CHINESE,INDONESIA,22074800,0,22074800,1.16
30-Jun-2026,OLIV,OSCAR MITRA SUKSES SEJAHTERA Tbk,HAIJUN WEI,Individual,F,CHINESE,CHINA,27573000,0,27573000,1.45
30-Jun-2026,OLIV,OSCAR MITRA SUKSES SEJAHTERA Tbk,TIE LI,Individual,F,CHINESE,INDONESIA,74678000,0,74678000,3.93
30-Jun-2026,OMED,JAYAMAS MEDICA INDUSTRI Tbk,"VENTURA INOVASI PERTAMA, PT",Investment Advisors,L,,INDONESIA,452941100,0,452941100,1.67
30-Jun-2026,OMED,JAYAMAS MEDICA INDUSTRI Tbk,ANAK GUNUNG SENTOSA PT,Corporate,L,,INDONESIA,284423800,0,284423800,1.05
30-Jun-2026,OMED,JAYAMAS MEDICA INDUSTRI Tbk,INTISUMBER HASILSEMPURNA,Corporate,L,,INDONESIA,0,22540000000,22540000000,83.3
30-Jun-2026,OMED,JAYAMAS MEDICA INDUSTRI Tbk,PT PUNCAK SEGAR ABADI,Investment Advisors,L,,INDONESIA,424420900,0,424420900,1.57
30-Jun-2026,OMED,JAYAMAS MEDICA INDUSTRI Tbk,"EFG BANK AG, SINGAPORE BRANCH A/C CLIENTS",Private Bank,F,,SINGAPORE,1350000000,0,1350000000,4.99
30-Jun-2026,OMED,JAYAMAS MEDICA INDUSTRI Tbk,ASIAN DEVELOPMENT BANK (ADB),International Organization,F,,PHILIPPINES,928258000,0,928258000,3.43
30-Jun-2026,OMRE,INDONESIA PRIMA PROPERTY Tbk,PT BINA MAKMUR,Corporate,L,,INDONESIA,68358000,0,68358000,2.32
30-Jun-2026,OMRE,INDONESIA PRIMA PROPERTY Tbk,"MANNING DEVELOPMENT, PT.",Corporate,L,,INDONESIA,1014040019,0,1014040019,34.43
30-Jun-2026,OMRE,INDONESIA PRIMA PROPERTY Tbk,PT. KMI WIRE AND CABLE TBK,Corporate,L,,INDONESIA,121360000,0,121360000,4.12
30-Jun-2026,OMRE,INDONESIA PRIMA PROPERTY Tbk,PT. POLYCHEM INDONESIA TBK,Corporate,L,,INDONESIA,98348400,0,98348400,3.34
30-Jun-2026,OMRE,INDONESIA PRIMA PROPERTY Tbk,"MITRA ADIPERKASA, TBK, PT",Corporate,L,,INDONESIA,80757200,0,80757200,2.74
30-Jun-2026,OMRE,INDONESIA PRIMA PROPERTY Tbk,"AGUNG OMETRACO MUDA, PT",Corporate,L,,INDONESIA,73661071,0,73661071,2.5
30-Jun-2026,OMRE,INDONESIA PRIMA PROPERTY Tbk,PT SATYA MULIA GEMA GEMILANG,Corporate,L,,INDONESIA,78297203,0,78297203,2.66
30-Jun-2026,OMRE,INDONESIA PRIMA PROPERTY Tbk,FIRST PACIFIC CAPITAL GROUP LIMITED,Venture Capital,F,,CHINA,1295522972,0,1295522972,43.99
30-Jun-2026,OPMS,OPTIMA PRIMA METAL SINERGI Tbk,PT. OPTIMA PRIMA METAL SINERGI TBK,Corporate,L,,INDONESIA,162920500,0,162920500,16.29
30-Jun-2026,OPMS,OPTIMA PRIMA METAL SINERGI Tbk,"ASIAN PERKASA INDOSTEEL, PT",Corporate,L,,,0,597900000,597900000,59.79
30-Jun-2026,OPMS,OPTIMA PRIMA METAL SINERGI Tbk,"HARRY PRAPTOYO, S.HUT, MP",Individual,L,INDONESIAN,INDONESIA,11623500,0,11623500,1.16
30-Jun-2026,PACK,ABADI NUSANTARA HIJAU INVESTAMA Tbk,PT ECO ENERGI PERKASA,Corporate,L,,INDONESIA,13135904682,0,13135904682,40.57
30-Jun-2026,PACK,ABADI NUSANTARA HIJAU INVESTAMA Tbk,DBS BANK LTD.,Bank,F,,SINGAPORE,1298074100,0,1298074100,4.01
30-Jun-2026,PACK,ABADI NUSANTARA HIJAU INVESTAMA Tbk,PROVIDENTIA WEALTH MANAGEMENT LTD,Capital Market Supporting Institutions And Professions,F,,SINGAPORE,1750480600,0,1750480600,5.41
30-Jun-2026,PACK,ABADI NUSANTARA HIJAU INVESTAMA Tbk,SAMSUDIN ANDI ARSYAD,Individual,L,INDONESIAN,INDONESIA,6836867700,0,6836867700,21.11
30-Jun-2026,PACK,ABADI NUSANTARA HIJAU INVESTAMA Tbk,HARISTO,Individual,L,INDONESIAN,INDONESIA,365031927,0,365031927,1.13
30-Jun-2026,PACK,ABADI NUSANTARA HIJAU INVESTAMA Tbk,UOB KAY HIAN PTE LTD,Securities Company,F,,SINGAPORE,801236000,0,801236000,2.47
30-Jun-2026,PADA,PERSONEL ALIH DAYA Tbk,PT SINERGI INTI ANDALAN PRIMA TBK,Corporate,L,,INDONESIA,1687455000,0,1687455000,53.57
30-Jun-2026,PADA,PERSONEL ALIH DAYA Tbk,SUKARDI,Individual,L,INDONESIAN,INDONESIA,45795500,0,45795500,1.45
30-Jun-2026,PADA,PERSONEL ALIH DAYA Tbk,KOPERASI PEGAWAI PT INDOSAT TBK (KOPINDOSAT),Cooperatives,L,,INDONESIA,562545000,0,562545000,17.86
30-Jun-2026,PADI,MINNA PADI INVESTAMA SEKURITAS Tbk,PT SENTOSA BERSAMA MITRA,Corporate,L,,INDONESIA,528498200,0,528498200,4.67
30-Jun-2026,PADI,MINNA PADI INVESTAMA SEKURITAS Tbk,EVELINE LISTIJOSUPUTRO,Individual,L,INDONESIAN,,125339991,0,125339991,1.11
30-Jun-2026,PADI,MINNA PADI INVESTAMA SEKURITAS Tbk,PAULUS ANDRIE HERMAWAN,Individual,L,INDONESIAN,INDONESIA,190500025,0,190500025,1.68
30-Jun-2026,PADI,MINNA PADI INVESTAMA SEKURITAS Tbk,IRENE RIA MOERDANI,Individual,L,INDONESIAN,INDONESIA,130066500,0,130066500,1.15
30-Jun-2026,PADI,MINNA PADI INVESTAMA SEKURITAS Tbk,FIRMANSYAH THEJA,Individual,L,INDONESIAN,INDONESIA,330464100,0,330464100,2.92
30-Jun-2026,PADI,MINNA PADI INVESTAMA SEKURITAS Tbk,JULIANINGSIH TAN,Individual,L,INDONESIAN,,353384900,0,353384900,3.13
30-Jun-2026,PADI,MINNA PADI INVESTAMA SEKURITAS Tbk,YENNY EKAWATI,Individual,L,INDONESIAN,,245165760,0,245165760,2.17
30-Jun-2026,PALM,PROVIDENT INVESTASI BERSAMA Tbk,PT TEKNOLOGI RISET GLOBAL INVESTAMA,Corporate,L,,INDONESIA,289349300,0,289349300,1.84
30-Jun-2026,PALM,PROVIDENT INVESTASI BERSAMA Tbk,PT PROVIDENT CAPITAL INDONESIA,Private Equity,L,,INDONESIA,9127783531,0,9127783531,58.02
30-Jun-2026,PALM,PROVIDENT INVESTASI BERSAMA Tbk,GARIBALDI THOHIR,Individual,L,INDONESIAN,INDONESIA,3130434288,0,3130434288,19.9
30-Jun-2026,PALM,PROVIDENT INVESTASI BERSAMA Tbk,HARDI WIJAYA LIONG,Individual,L,INDONESIAN,INDONESIA,837580961,0,837580961,5.32
30-Jun-2026,PALM,PROVIDENT INVESTASI BERSAMA Tbk,WINATO KARTONO,Individual,L,INDONESIAN,INDONESIA,1225080353,0,1225080353,7.79
30-Jun-2026,PALM,PROVIDENT INVESTASI BERSAMA Tbk,CAUDLE GAVIN ARNOLD,Individual,F,AUSTRALIAN,SINGAPORE,462292456,0,462292456,2.94
30-Jun-2026,PALM,PROVIDENT INVESTASI BERSAMA Tbk,GAVIN ARNOLD CAUDLE,Individual,F,AUSTRALIAN,SINGAPORE,266982764,0,266982764,1.7
30-Jun-2026,PAMG,BIMA SAKTI PERTIWI Tbk,PT VARASH SADDAN NUSANTARA,Corporate,L,,INDONESIA,48519800,0,48519800,1.55
30-Jun-2026,PAMG,BIMA SAKTI PERTIWI Tbk,NI MADE PUTRI UMBARAWATI   SE,Individual,L,INDONESIAN,INDONESIA,72365300,0,72365300,2.32
30-Jun-2026,PAMG,BIMA SAKTI PERTIWI Tbk,I GUSTI AYU PUTU INTAN PURNAMASARI,Individual,L,INDONESIAN,INDONESIA,46384400,0,46384400,1.48
30-Jun-2026,PAMG,BIMA SAKTI PERTIWI Tbk,DEWA PUTU RIPA WAHYUDI,Individual,L,INDONESIAN,INDONESIA,86278800,0,86278800,2.76
30-Jun-2026,PAMG,BIMA SAKTI PERTIWI Tbk,NI KADEK DEWI SUSANTI,Individual,L,INDONESIAN,INDONESIA,118455900,0,118455900,3.79
30-Jun-2026,PAMG,BIMA SAKTI PERTIWI Tbk,CHRISTOPHER SUMASTO TJIA,Individual,L,INDONESIAN,INDONESIA,2132397200,0,2132397200,68.24
30-Jun-2026,PAMG,BIMA SAKTI PERTIWI Tbk,NATALIA SUMASTO TJIA,Individual,L,INDONESIAN,INDONESIA,0,100000000,100000000,3.2
30-Jun-2026,PAMG,BIMA SAKTI PERTIWI Tbk,NI LUH PUTU PREMAYANI,Individual,L,INDONESIAN,INDONESIA,35337900,0,35337900,1.13
30-Jun-2026,PAMG,BIMA SAKTI PERTIWI Tbk,I PUTU EKA SURYAWAN,Individual,L,INDONESIAN,INDONESIA,107501700,0,107501700,3.44
30-Jun-2026,PANI,PANTAI INDAH KAPUK DUA Tbk,MULTI ARTHA PRATAMA PT,Corporate,L,,INDONESIA,61629435,15172407659,15234037094,83.75
30-Jun-2026,PANI,PANTAI INDAH KAPUK DUA Tbk,TREASURE VENTURE INVESTMENT,Private Equity,F,,CAYMAN ISLANDS,503866600,0,503866600,2.77
30-Jun-2026,PANI,PANTAI INDAH KAPUK DUA Tbk,RCEP GROWTH INVESTMENT SPC,Private Equity,F,,CAYMAN ISLANDS,507585400,0,507585400,2.79
30-Jun-2026,PANI,PANTAI INDAH KAPUK DUA Tbk,LAT YA ROAD LIMITED,Private Equity,F,,"VIRGIN ISLANDS, BRITISH",214353104,0,214353104,1.18
30-Jun-2026,PANR,PANORAMA SENTRAWISATA Tbk,PT PANORAMA TIRTA ANUGERAH,Corporate,L,,INDONESIA,622927623,0,622927623,44.9
30-Jun-2026,PANR,PANORAMA SENTRAWISATA Tbk,"WEHA INVESTAMA,PT",Corporate,L,,INDONESIA,28100300,0,28100300,2.03
30-Jun-2026,PANR,PANORAMA SENTRAWISATA Tbk,PT. SENTRA ANUGRAH NUSANTARA,Venture Capital,L,,INDONESIA,67483550,0,67483550,4.86
30-Jun-2026,PANR,PANORAMA SENTRAWISATA Tbk,"INFINITI CIPTA TEKNOLOGI, PT",Corporate,L,,INDONESIA,55196225,0,55196225,3.98
30-Jun-2026,PANR,PANORAMA SENTRAWISATA Tbk,PT. AMAN DHITYA INVESTAMA,Corporate,L,,INDONESIA,62424050,0,62424050,4.5
30-Jun-2026,PANR,PANORAMA SENTRAWISATA Tbk,PT GOLDEN SPICE,Corporate,L,,INDONESIA,67393975,0,67393975,4.86
30-Jun-2026,PANR,PANORAMA SENTRAWISATA Tbk,"PANORAMA INVESTAMA,PT",Corporate,L,,INDONESIA,23707309,0,23707309,1.71
30-Jun-2026,PANR,PANORAMA SENTRAWISATA Tbk,SATRIJANTO TIRTAWISATA,Individual,L,INDONESIAN,INDONESIA,120116300,0,120116300,8.66
30-Jun-2026,PANR,PANORAMA SENTRAWISATA Tbk,RAMAJANTO TIRTAWISATA,Individual,L,INDONESIAN,INDONESIA,94800953,0,94800953,6.83
30-Jun-2026,PANR,PANORAMA SENTRAWISATA Tbk,BUDIJANTO  TIRTAWISATA,Individual,L,INDONESIAN,INDONESIA,96718700,0,96718700,6.97
30-Jun-2026,PANR,PANORAMA SENTRAWISATA Tbk,DHARMAYANTO TIRTAWISATA,Individual,L,INDONESIAN,INDONESIA,89247800,0,89247800,6.43
30-Jun-2026,PANS,PANIN SEKURITAS Tbk,PT. PATRIA INVESTAMA,Corporate,L,,INDONESIA,17408600,0,17408600,2.42
30-Jun-2026,PANS,PANIN SEKURITAS Tbk,PT. PATRIA NUSA ADAMAS,Private Equity,L,,INDONESIA,216000000,0,216000000,30.0
30-Jun-2026,PANS,PANIN SEKURITAS Tbk,"BANK PAN INDONESIA TBK, PT",Bank,L,,INDONESIA,51200000,157600000,208800000,29.0
30-Jun-2026,PANS,PANIN SEKURITAS Tbk,SYLVIA INDRASARI NUGROHO,Individual,L,INDONESIAN,INDONESIA,8867200,0,8867200,1.23
30-Jun-2026,PANS,PANIN SEKURITAS Tbk,JEMIMA WILISJATI SATYONO,Individual,L,INDONESIAN,INDONESIA,7680000,0,7680000,1.07
30-Jun-2026,PANS,PANIN SEKURITAS Tbk,JULIUS DHARMA LIMAN,Individual,L,INDONESIAN,INDONESIA,9660300,0,9660300,1.34
30-Jun-2026,PANS,PANIN SEKURITAS Tbk,ESTHER ANGELINE SALIHIN,Individual,L,INDONESIAN,INDONESIA,15012500,0,15012500,2.09
30-Jun-2026,PANS,PANIN SEKURITAS Tbk,KOESMAN HERMAWAN,Individual,L,INDONESIAN,INDONESIA,14511950,0,14511950,2.02
30-Jun-2026,PANS,PANIN SEKURITAS Tbk,WIDAYANTI DARMAWAN,Individual,L,INDONESIAN,INDONESIA,11369500,0,11369500,1.58
30-Jun-2026,PANS,PANIN SEKURITAS Tbk,IR. KRISTINA MINTO,Individual,L,INDONESIAN,INDONESIA,15214700,0,15214700,2.11
30-Jun-2026,PANS,PANIN SEKURITAS Tbk,NITA WULANSARI NUGROHO,Individual,L,INDONESIAN,INDONESIA,8700000,0,8700000,1.21
30-Jun-2026,PANS,PANIN SEKURITAS Tbk,LI KWONG WING,Individual,L,INDONESIAN,INDONESIA,24350000,0,24350000,3.38
30-Jun-2026,PANS,PANIN SEKURITAS Tbk,ONG MOIJ ING,Individual,L,INDONESIAN,INDONESIA,7318300,0,7318300,1.02
30-Jun-2026,PANS,PANIN SEKURITAS Tbk,HENDRAWAN DANUSAPUTRA,Individual,L,INDONESIAN,INDONESIA,16000000,0,16000000,2.22
30-Jun-2026,PANS,PANIN SEKURITAS Tbk,REKSA DANA PANIN DANA MAKSIMA,Mutual Funds,L,,INDONESIA,14415260,0,14415260,2.0
30-Jun-2026,PANS,PANIN SEKURITAS Tbk,FOURTON KOMODO INDONESIA EQUITY INVESTMENT FUND,Mutual Funds,F,,FINLAND,9991600,0,9991600,1.39
30-Jun-2026,PANS,PANIN SEKURITAS Tbk,"PANIN SEKURITAS Tbk, PT",Securities Company,L,,INDONESIA,8571200,0,8571200,1.19
30-Jun-2026,PART,CIPTA PERDANA LANCAR Tbk,"PRESISI MITRA LANCAR, PT",Corporate,L,,INDONESIA,98821900,0,98821900,3.51
30-Jun-2026,PART,CIPTA PERDANA LANCAR Tbk,"TETSU TEKNOLOGI INDONESIA, PT",Corporate,L,,INDONESIA,41125700,0,41125700,1.46
30-Jun-2026,PART,CIPTA PERDANA LANCAR Tbk,"ANUGERAH STEEL MANDIRI, PT",Corporate,L,,INDONESIA,60687200,0,60687200,2.15
30-Jun-2026,PART,CIPTA PERDANA LANCAR Tbk,"CIPTA INVESTAMA LANCAR, PT",Corporate,L,,INDONESIA,0,1496000000,1496000000,53.08
30-Jun-2026,PART,CIPTA PERDANA LANCAR Tbk,SAHRI AENUL AUTHOR JAMALI,Individual,L,INDONESIAN,INDONESIA,32423500,0,32423500,1.15
30-Jun-2026,PART,CIPTA PERDANA LANCAR Tbk,ABDUL GOPAR,Individual,L,INDONESIAN,INDONESIA,31229400,0,31229400,1.11
30-Jun-2026,PART,CIPTA PERDANA LANCAR Tbk,RITA OKTAVIA,Individual,L,INDONESIAN,INDONESIA,32984400,0,32984400,1.17
30-Jun-2026,PART,CIPTA PERDANA LANCAR Tbk,HELEN ARYA RUSNAYATI B.,Individual,L,INDONESIAN,INDONESIA,31425100,0,31425100,1.11
30-Jun-2026,PART,CIPTA PERDANA LANCAR Tbk,SYAMSIAH,Individual,L,INDONESIAN,INDONESIA,0,54400000,54400000,1.93
30-Jun-2026,PART,CIPTA PERDANA LANCAR Tbk,HAMIM,Individual,L,INDONESIAN,INDONESIA,0,272000000,272000000,9.65
30-Jun-2026,PART,CIPTA PERDANA LANCAR Tbk,NENDEN WIDIASTUTI,Individual,L,INDONESIAN,INDONESIA,0,217600000,217600000,7.72
30-Jun-2026,PBID,PANCA BUDI IDAMAN Tbk,PT. ALPHEN INTERNASIONAL CORPORINDO,Corporate,L,,INDONESIA,5600000000,0,5600000000,74.67
30-Jun-2026,PBID,PANCA BUDI IDAMAN Tbk,DJONNY TASLIM,Individual,L,INDONESIAN,INDONESIA,627037600,0,627037600,8.36
30-Jun-2026,PBID,PANCA BUDI IDAMAN Tbk,VICKY TASLIM,Individual,L,INDONESIAN,INDONESIA,116468800,0,116468800,1.55
30-Jun-2026,PBID,PANCA BUDI IDAMAN Tbk,ROBBY TASLIM,Individual,L,INDONESIAN,INDONESIA,116468800,0,116468800,1.55
30-Jun-2026,PBID,PANCA BUDI IDAMAN Tbk,VONNY TJANDRA,Individual,L,INDONESIAN,INDONESIA,126600000,0,126600000,1.69
30-Jun-2026,PBRX,PAN BROTHERS Tbk,PT GANDA SAWIT UTAMA,Corporate,L,,INDONESIA,1063962475,0,1063962475,4.95
30-Jun-2026,PBRX,PAN BROTHERS Tbk,"TRISETIJO MANUNGGAL UTAMA, PT",Corporate,L,,INDONESIA,6674891359,0,6674891359,31.07
30-Jun-2026,PBRX,PAN BROTHERS Tbk,BURLINGHAM INTERNATIONAL LTD.,Corporate,F,,"VIRGIN ISLANDS, BRITISH",3866456000,0,3866456000,18.0
30-Jun-2026,PBRX,PAN BROTHERS Tbk,GLOBALONE ASSET MANAGEMENT CO LTD,Investment Advisors,F,,"KOREA, REPUBLIC OF",512542801,0,512542801,2.39
30-Jun-2026,PBRX,PAN BROTHERS Tbk,UBS AG SINGAPORE BRANCH,Private Bank,F,,SINGAPORE,758310555,0,758310555,3.53
30-Jun-2026,PBRX,PAN BROTHERS Tbk,LILY SWANDAYANI,Individual,L,INDONESIAN,INDONESIA,285190200,0,285190200,1.33
30-Jun-2026,PBRX,PAN BROTHERS Tbk,TJOMO TJENGUNDORO.TJENG,Individual,L,INDONESIAN,INDONESIA,284271200,0,284271200,1.32
30-Jun-2026,PBRX,PAN BROTHERS Tbk,ADRIAN WINARDI,Individual,L,INDONESIAN,INDONESIA,250392800,0,250392800,1.17
30-Jun-2026,PBRX,PAN BROTHERS Tbk,DARWIZIN,Individual,L,INDONESIAN,INDONESIA,285123600,0,285123600,1.33
30-Jun-2026,PBRX,PAN BROTHERS Tbk,DARWIN INDIGO,Individual,F,SINGAPOREAN,SINGAPORE,420958666,0,420958666,1.96
30-Jun-2026,PBSA,PARAMITA BANGUN SARANA Tbk,PT PARAMITA ADHI PERKASA,Corporate,L,,INDONESIA,33954600,0,33954600,1.13
30-Jun-2026,PBSA,PARAMITA BANGUN SARANA Tbk,PT ASCEND BANGUN PERSADA,Corporate,L,,INDONESIA,1384709700,0,1384709700,46.16
30-Jun-2026,PBSA,PARAMITA BANGUN SARANA Tbk,PT SIGMA MUTIARA,Corporate,L,,INDONESIA,1126900900,0,1126900900,37.56
30-Jun-2026,PBSA,PARAMITA BANGUN SARANA Tbk,BANK OF SINGAPORE LIMITED,Private Bank,F,,SINGAPORE,126606000,0,126606000,4.22
30-Jun-2026,PBSA,PARAMITA BANGUN SARANA Tbk,UOB KAY HIAN PTE LTD,Securities Company,F,,SINGAPORE,80156600,0,80156600,2.67
30-Jun-2026,PCAR,PRIMA CAKRAWALA ABADI Tbk,PT PESONA ALAM MUTIARA,Corporate,L,,INDONESIA,14355700,0,14355700,1.23
30-Jun-2026,PCAR,PRIMA CAKRAWALA ABADI Tbk,"KEMILAU BINTANG INVESTAMA, PT",Private Equity,L,,INDONESIA,58363000,0,58363000,5.0
30-Jun-2026,PCAR,PRIMA CAKRAWALA ABADI Tbk,PT BAHARI ISTANA ALKAUSAR,Corporate,L,,INDONESIA,58360000,0,58360000,5.0
30-Jun-2026,PCAR,PRIMA CAKRAWALA ABADI Tbk,PT POOL ADVISTA INDONESIA Tbk,Corporate,L,,INDONESIA,24472300,0,24472300,2.1
30-Jun-2026,PCAR,PRIMA CAKRAWALA ABADI Tbk,Sylvia,Individual,L,INDONESIAN,INDONESIA,26004000,0,26004000,2.23
30-Jun-2026,PCAR,PRIMA CAKRAWALA ABADI Tbk,BUDIANTO M KURNIAWAN,Individual,L,INDONESIAN,INDONESIA,29065400,0,29065400,2.49
30-Jun-2026,PCAR,PRIMA CAKRAWALA ABADI Tbk,ARIEF PRANOTO,Individual,L,INDONESIAN,INDONESIA,42052400,0,42052400,3.6
30-Jun-2026,PCAR,PRIMA CAKRAWALA ABADI Tbk,SURYA CAHAYA PRIMA,Individual,L,INDONESIAN,INDONESIA,12057000,0,12057000,1.03
30-Jun-2026,PCAR,PRIMA CAKRAWALA ABADI Tbk,INDRAJAYA BUSIRI,Individual,L,INDONESIAN,INDONESIA,13000000,0,13000000,1.11
30-Jun-2026,PCAR,PRIMA CAKRAWALA ABADI Tbk,HEROWIRATNO GUNAWAN,Individual,L,INDONESIAN,INDONESIA,49684200,0,49684200,4.26
30-Jun-2026,PCAR,PRIMA CAKRAWALA ABADI Tbk,PERUSAHAAN PERSEROAN (PERSERO) PT ASABRI,State Owned Enterprises,L,,INDONESIA,305535018,0,305535018,26.19
30-Jun-2026,PCAR,PRIMA CAKRAWALA ABADI Tbk,REKSA DANA TREASURE SAHAM MANTAP,Mutual Funds,L,,INDONESIA,20175600,0,20175600,1.73
30-Jun-2026,PCAR,PRIMA CAKRAWALA ABADI Tbk,REKSADANA SYARIAH DMI DANA SAHAM SYARIAH,Mutual Funds,L,,INDONESIA,15049800,0,15049800,1.29
30-Jun-2026,PCAR,PRIMA CAKRAWALA ABADI Tbk,Reksa Dana Pan Arcadia Dana Saham Bertumbuh,Exchange Traded Funds,L,,INDONESIA,28028100,0,28028100,2.4
30-Jun-2026,PCAR,PRIMA CAKRAWALA ABADI Tbk,REKSA DANA SYARIAH TREASURE SAHAM BERKAH SYARIAH,Mutual Funds,L,,INDONESIA,21700000,0,21700000,1.86
30-Jun-2026,PCAR,PRIMA CAKRAWALA ABADI Tbk,REKSA DANA TF SUPER MAXXI,Mutual Funds,L,,INDONESIA,23825300,0,23825300,2.04
30-Jun-2026,PCAR,PRIMA CAKRAWALA ABADI Tbk,REKSA DANA SYARIAH AURORA SHARIA EQUITY,Mutual Funds,L,,INDONESIA,31495000,0,31495000,2.7
30-Jun-2026,PCAR,PRIMA CAKRAWALA ABADI Tbk,Reksa Dana Syariah Pan Arcadia Ekuitas Syariah Progresif,Mutual Funds,L,,INDONESIA,24409009,0,24409009,2.09
30-Jun-2026,PDES,DESTINASI TIRTA NUSANTARA Tbk,PT. CARTERA INVESTAMA INDONESIA,Investment Advisors,L,,INDONESIA,22675800,0,22675800,3.17
30-Jun-2026,PDES,DESTINASI TIRTA NUSANTARA Tbk,"WEHA INVESTAMA,PT",Corporate,L,,INDONESIA,11413500,0,11413500,1.6
30-Jun-2026,PDES,DESTINASI TIRTA NUSANTARA Tbk,PT PANORAMA SENTRAWISATA TBK,Corporate,L,,INDONESIA,472998700,0,472998700,66.15
30-Jun-2026,PDES,DESTINASI TIRTA NUSANTARA Tbk,PT. SENTRA ANUGRAH NUSANTARA,Venture Capital,L,,INDONESIA,27434500,0,27434500,3.84
30-Jun-2026,PDES,DESTINASI TIRTA NUSANTARA Tbk,"INFINITI CIPTA TEKNOLOGI, PT",Corporate,L,,INDONESIA,13129600,0,13129600,1.84
30-Jun-2026,PDES,DESTINASI TIRTA NUSANTARA Tbk,PT. AMAN DHITYA INVESTAMA,Corporate,L,,INDONESIA,47501000,0,47501000,6.64
30-Jun-2026,PDES,DESTINASI TIRTA NUSANTARA Tbk,PT GOLDEN SPICE,Corporate,L,,INDONESIA,47500900,0,47500900,6.64
30-Jun-2026,PDES,DESTINASI TIRTA NUSANTARA Tbk,SUNYOTO,Individual,L,INDONESIAN,INDONESIA,7387700,0,7387700,1.03
30-Jun-2026,PDES,DESTINASI TIRTA NUSANTARA Tbk,SATRIJANTO TIRTAWISATA,Individual,L,INDONESIAN,INDONESIA,24905000,0,24905000,3.48
30-Jun-2026,PDES,DESTINASI TIRTA NUSANTARA Tbk,RAMAJANTO TIRTAWISATA,Individual,L,INDONESIAN,INDONESIA,12000000,0,12000000,1.68
30-Jun-2026,PDES,DESTINASI TIRTA NUSANTARA Tbk,MIRAWATI ISKANDAR,Individual,L,INDONESIAN,,12500000,0,12500000,1.75
30-Jun-2026,PDPP,PRIMADAYA PLASTISINDO Tbk,PT VERITAS INTI AMERTA,Corporate,L,,INDONESIA,75304644,0,75304644,2.46
30-Jun-2026,PDPP,PRIMADAYA PLASTISINDO Tbk,WILSON  CAHYADI LIAUW,Individual,L,INDONESIAN,INDONESIA,143253077,0,143253077,4.68
30-Jun-2026,PDPP,PRIMADAYA PLASTISINDO Tbk,SUGIANTO KUSUMA,Individual,L,INDONESIAN,INDONESIA,153067129,0,153067129,5.0
30-Jun-2026,PDPP,PRIMADAYA PLASTISINDO Tbk,CHIU TIN SZE,Individual,L,INDONESIAN,INDONESIA,76533500,0,76533500,2.5
30-Jun-2026,PDPP,PRIMADAYA PLASTISINDO Tbk,TIRTO ANGESTY,Individual,L,INDONESIAN,INDONESIA,1224536826,0,1224536826,40.0
30-Jun-2026,PDPP,PRIMADAYA PLASTISINDO Tbk,KANG TANLI,Individual,L,INDONESIAN,INDONESIA,31446300,0,31446300,1.03
30-Jun-2026,PDPP,PRIMADAYA PLASTISINDO Tbk,CHANG AI HSIANG,Individual,L,INDONESIAN,INDONESIA,76533500,0,76533500,2.5
30-Jun-2026,PDPP,PRIMADAYA PLASTISINDO Tbk,YU LIN CHAN,Individual,F,TAIWANESE,INDONESIA,244907365,0,244907365,8.0
30-Jun-2026,PDPP,PRIMADAYA PLASTISINDO Tbk,SU MEI TSAI LIU,Individual,F,TAIWANESE,INDONESIA,244907300,0,244907300,8.0
30-Jun-2026,PDPP,PRIMADAYA PLASTISINDO Tbk,MENG CHUN TSAI,Individual,F,TAIWANESE,INDONESIA,244907430,0,244907430,8.0
30-Jun-2026,PDPP,PRIMADAYA PLASTISINDO Tbk,LEE BEE TENG,Individual,F,MALAYSIAN,INDONESIA,153067120,0,153067120,5.0
30-Jun-2026,PDPP,PRIMADAYA PLASTISINDO Tbk,LIM KIM GUAN,Individual,F,MALAYSIAN,INDONESIA,336747730,0,336747730,11.0
30-Jun-2026,PEGE,PANCA GLOBAL KAPITAL Tbk,PT ANUGERAH INTI KARISMA,Corporate,L,,INDONESIA,69367900,0,69367900,2.45
30-Jun-2026,PEGE,PANCA GLOBAL KAPITAL Tbk,PT. MANDIRI TERANG HARAPAN,Private Equity,L,,INDONESIA,256833500,0,256833500,9.06
30-Jun-2026,PEGE,PANCA GLOBAL KAPITAL Tbk,RR CAPITAL GROUP PTE. LTD,Private Equity,F,,SINGAPORE,1201726600,0,1201726600,42.41
30-Jun-2026,PEGE,PANCA GLOBAL KAPITAL Tbk,DANIEL OWEN LIE,Individual,L,INDONESIAN,INDONESIA,30476500,0,30476500,1.08
30-Jun-2026,PEGE,PANCA GLOBAL KAPITAL Tbk,HELENA LIE,Individual,L,INDONESIAN,INDONESIA,29902800,0,29902800,1.06
30-Jun-2026,PEGE,PANCA GLOBAL KAPITAL Tbk,NINIK KUSUMOWATI TJAHJONO,Individual,L,INDONESIAN,INDONESIA,30041400,0,30041400,1.06
30-Jun-2026,PEGE,PANCA GLOBAL KAPITAL Tbk,TRISNO LIMANTO,Individual,L,INDONESIAN,INDONESIA,536725020,0,536725020,18.94
30-Jun-2026,PEGE,PANCA GLOBAL KAPITAL Tbk,RUDY RAMLAN S,Individual,L,INDONESIAN,INDONESIA,135306000,0,135306000,4.78
30-Jun-2026,PEGE,PANCA GLOBAL KAPITAL Tbk,CHITRA ARDIAWATI,Individual,L,INDONESIAN,INDONESIA,48824200,0,48824200,1.72
30-Jun-2026,PEHA,PHAPROS Tbk,PT KIMIA FARMA (PERSERO) TBK,State Owned Enterprises,L,,INDONESIA,476901860,0,476901860,56.77
30-Jun-2026,PEHA,PHAPROS Tbk,DRA SRI WAHYUNINGSIH APTH,Individual,L,INDONESIAN,INDONESIA,22677400,0,22677400,2.7
30-Jun-2026,PEHA,PHAPROS Tbk,DRS.MASRIZAL.A.S.,Individual,L,INDONESIAN,INDONESIA,88097550,0,88097550,10.49
30-Jun-2026,PEVE,PENTA VALENT Tbk,PT BEMEROCA UNITI ABADI HARMONI,Corporate,L,,INDONESIA,23879900,0,23879900,1.35
30-Jun-2026,PEVE,PENTA VALENT Tbk,PT. MULIA PRIMA TUNGGAL,Firm,L,,INDONESIA,87000000,0,87000000,4.93
30-Jun-2026,PEVE,PENTA VALENT Tbk,TANCORP MEGA BUANA PT,Corporate,L,,INDONESIA,700000000,712500000,1412500000,80.0
30-Jun-2026,PEVE,PENTA VALENT Tbk,FRANXISCUS AFAT ADINATA NURSALIM,Individual,L,INDONESIAN,INDONESIA,28250000,0,28250000,1.6
30-Jun-2026,PEVE,PENTA VALENT Tbk,REKSA DANA SAM INDONESIA EQUITY FUND,Mutual Funds,L,,INDONESIA,25562500,0,25562500,1.45
30-Jun-2026,PGAS,PERUSAHAAN GAS NEGARA (PERSERO) Tbk,PT PERTAMINA (PERSERO),Corporate,L,,INDONESIA,0,13809038755,13809038755,56.96
30-Jun-2026,PGAS,PERUSAHAAN GAS NEGARA (PERSERO) Tbk,PETROLIAM NASIONAL BERHAD (PETRONAS),Corporate,F,,MALAYSIA,307260500,0,307260500,1.27
30-Jun-2026,PGAS,PERUSAHAAN GAS NEGARA (PERSERO) Tbk,DJS KETENAGAKERJAAN PROGRAM JAMINAN HARI TUA,State Owned Enterprises,L,,INDONESIA,606218800,0,606218800,2.5
30-Jun-2026,PGAS,PERUSAHAAN GAS NEGARA (PERSERO) Tbk,DJS KETENAGAKERJAAN PROGRAM JAMINAN PENSIUN,State Owned Enterprises,L,,INDONESIA,329247700,0,329247700,1.36
30-Jun-2026,PGAS,PERUSAHAAN GAS NEGARA (PERSERO) Tbk,"PANIN SEKURITAS Tbk, PT",Securities Company,L,,INDONESIA,446315588,0,446315588,1.84
30-Jun-2026,PGEO,PERTAMINA GEOTHERMAL ENERGY Tbk,PT TANAM INVESTASI INDONESIA,Corporate,L,,INDONESIA,2069807000,0,2069807000,4.94
30-Jun-2026,PGEO,PERTAMINA GEOTHERMAL ENERGY Tbk,"PERTAMINA POWER INDONESIA, PT",Corporate,L,,,0,28568460000,28568460000,68.18
30-Jun-2026,PGEO,PERTAMINA GEOTHERMAL ENERGY Tbk,PT. PERTAMINA DANA VENTURA,Corporate,L,,INDONESIA,0,2477682000,2477682000,5.91
30-Jun-2026,PGEO,PERTAMINA GEOTHERMAL ENERGY Tbk,MASDAR INDONESIA SOLAR HOLDINGS RSC LIMITED,Corporate,F,,UNITED ARAB EMIRATES,6209421300,0,6209421300,14.82
30-Jun-2026,PGJO,BAHTERA BUMI RAYA Tbk,PT BATU INVESTASI INDONESIA,Corporate,L,,INDONESIA,654987850,0,654987850,82.3
30-Jun-2026,PGJO,BAHTERA BUMI RAYA Tbk,AYINUER AIHAIMAITI,Individual,F,CHINESE,CHINA,18402200,0,18402200,2.31
30-Jun-2026,PGJO,BAHTERA BUMI RAYA Tbk,YAHUI MO,Individual,F,CHINESE,CHINA,33185300,0,33185300,4.17
30-Jun-2026,PGLI,PEMBANGUNAN GRAHA LESTARI INDAH Tbk,PT NICTYFRANK HUTAMA ARTA,Corporate,L,,INDONESIA,7835213,0,7835213,1.61
30-Jun-2026,PGLI,PEMBANGUNAN GRAHA LESTARI INDAH Tbk,CV. SOLUSI CUAN MAJU,Commanditaire Vennootschap (CV) Or Limited Partnership,L,,INDONESIA,11500000,0,11500000,2.36
30-Jun-2026,PGLI,PEMBANGUNAN GRAHA LESTARI INDAH Tbk,PT.ALAMI LESTARI INVESTINDO,Investment Advisors,L,,INDONESIA,228500000,0,228500000,46.82
30-Jun-2026,PGLI,PEMBANGUNAN GRAHA LESTARI INDAH Tbk,JAEGOPAL HUTAPEA,Individual,L,INDONESIAN,INDONESIA,124400000,0,124400000,25.49
30-Jun-2026,PGLI,PEMBANGUNAN GRAHA LESTARI INDAH Tbk,JULIANA GRACE MAMORA,Individual,L,INDONESIAN,INDONESIA,21910000,0,21910000,4.49
30-Jun-2026,PGLI,PEMBANGUNAN GRAHA LESTARI INDAH Tbk,THENDRA CRISNANDA,Individual,L,INDONESIAN,INDONESIA,6647700,0,6647700,1.36
30-Jun-2026,PGLI,PEMBANGUNAN GRAHA LESTARI INDAH Tbk,HENDRA SUSANTO,Individual,L,INDONESIAN,INDONESIA,9350000,0,9350000,1.92
30-Jun-2026,PGLI,PEMBANGUNAN GRAHA LESTARI INDAH Tbk,BRYAN JAYA RAFLI SJAHPUTRA,Individual,L,INDONESIAN,INDONESIA,8000000,0,8000000,1.64
30-Jun-2026,PGLI,PEMBANGUNAN GRAHA LESTARI INDAH Tbk,ANIMAN HUTAPEA,Individual,L,INDONESIAN,,18000000,0,18000000,3.69
30-Jun-2026,PGUN,PRADIKSI GUNATAMA Tbk,PT BARAMEGA CITRA MULIA PERSADA,Corporate,L,,INDONESIA,900000250,0,900000250,15.69
30-Jun-2026,PGUN,PRADIKSI GUNATAMA Tbk,PT ARAYA AGRO LESTARI,Corporate,L,,INDONESIA,3100300,2202567596,2205667896,38.44
30-Jun-2026,PGUN,PRADIKSI GUNATAMA Tbk,PT CITRA AGRO RAYA,Corporate,L,,INDONESIA,0,2194718786,2194718786,38.25
30-Jun-2026,PGUN,PRADIKSI GUNATAMA Tbk,PT CAKRA BUMI LESTARI,Corporate,L,,INDONESIA,157463800,0,157463800,2.74
30-Jun-2026,PGUN,PRADIKSI GUNATAMA Tbk,PT KUASA ALAM GEMILANG,Corporate,L,,INDONESIA,207887700,0,207887700,3.62
30-Jun-2026,PGUN,PRADIKSI GUNATAMA Tbk,HARIONO,Individual,L,INDONESIAN,INDONESIA,68237250,0,68237250,1.19
30-Jun-2026,PICO,PELANGI INDAH CANINDO Tbk,PT SARANAMULIA MAHARDHIKA,Private Equity,L,,INDONESIA,182093745,0,182093745,32.04
30-Jun-2026,PICO,PELANGI INDAH CANINDO Tbk,PT. CITRAJAYA PERKASAMULIA,Corporate,L,,INDONESIA,208315040,0,208315040,36.65
30-Jun-2026,PICO,PELANGI INDAH CANINDO Tbk,LIE LIAN TIE,Individual,L,INDONESIAN,,17750322,0,17750322,3.12
30-Jun-2026,PICO,PELANGI INDAH CANINDO Tbk,TIO WIDIYANTO,Individual,L,INDONESIAN,INDONESIA,7390700,0,7390700,1.3
30-Jun-2026,PIPA,MULTI MAKMUR LEMINDO Tbk,PT MORRIS CAPITAL INDONESIA,Investment Advisors,L,,INDONESIA,1710331400,0,1710331400,49.92
30-Jun-2026,PIPA,MULTI MAKMUR LEMINDO Tbk,HANIFAH LATIFAH,Individual,L,INDONESIAN,INDONESIA,44000018,0,44000018,1.28
30-Jun-2026,PIPA,MULTI MAKMUR LEMINDO Tbk,SUSYANALIEF,Individual,L,INDONESIAN,INDONESIA,52574282,0,52574282,1.53
30-Jun-2026,PIPA,MULTI MAKMUR LEMINDO Tbk,WILLIAM SUTIOSO,Individual,L,INDONESIAN,INDONESIA,107046100,0,107046100,3.12
30-Jun-2026,PIPA,MULTI MAKMUR LEMINDO Tbk,PITORIS SIMBOLON,Individual,L,INDONESIAN,INDONESIA,58300000,0,58300000,1.7
30-Jun-2026,PJAA,PEMBANGUNAN JAYA ANCOL Tbk,PT. PEMBANGUNAN JAYA,State Owned Enterprises,L,,INDONESIA,100000,287999999,288099999,18.01
30-Jun-2026,PJAA,PEMBANGUNAN JAYA ANCOL Tbk,TRISNA MULIADI,Individual,L,INDONESIAN,INDONESIA,27366500,0,27366500,1.71
30-Jun-2026,PJAA,PEMBANGUNAN JAYA ANCOL Tbk,PEMERINTA1H DAERAH DKI JAKARTA,,,,,0,1151999999,1151999999,72.0
30-Jun-2026,PJHB,PELAYARAN JAYA HIDUP BARU Tbk,NIXEN SAMUEL GOZALI,Individual,L,INDONESIAN,INDONESIAN,0,144000000,144000000,7.5
30-Jun-2026,PJHB,PELAYARAN JAYA HIDUP BARU Tbk,ADELIA ARYNI SETYAWAN [MEY MAN,Individual,L,INDONESIAN,INDONESIA,0,244800000,244800000,12.75
30-Jun-2026,PJHB,PELAYARAN JAYA HIDUP BARU Tbk,MONICA CHANDRASA,Individual,L,INDONESIAN,INDONESIA,0,43200000,43200000,2.25
30-Jun-2026,PJHB,PELAYARAN JAYA HIDUP BARU Tbk,HERO GOZALI,Individual,L,INDONESIAN,INDONESIA,0,720000000,720000000,37.49
30-Jun-2026,PJHB,PELAYARAN JAYA HIDUP BARU Tbk,NISIEN IMANUELLA GOZALI,Individual,L,INDONESIAN,INDONESIAN,0,144000000,144000000,7.5
30-Jun-2026,PJHB,PELAYARAN JAYA HIDUP BARU Tbk,GO SIOE BIE,Individual,L,INDONESIAN,INDONESIA,0,144000000,144000000,7.5
30-Jun-2026,PKPK,PARAGON KARYA PERKASA Tbk,PT. DELI PUTRA BANGSA,PermanentEstablishment,L,,INDONESIA,900000000,0,900000000,75.0
30-Jun-2026,PLAN,PLANET PROPERINDO JAYA Tbk,ANTONYO HARTONO TANUJAYA,Individual,L,INDONESIAN,INDONESIA,0,25537500,25537500,2.85
30-Jun-2026,PLAN,PLANET PROPERINDO JAYA Tbk,USMAN,Individual,L,INDONESIAN,INDONESIA,17814700,0,17814700,1.99
30-Jun-2026,PLAN,PLANET PROPERINDO JAYA Tbk,ROY OCTAVIAN,Individual,L,INDONESIAN,INDONESIA,30046100,0,30046100,3.35
30-Jun-2026,PLAN,PLANET PROPERINDO JAYA Tbk,"WAHANA TATA BANGUN, PT",,L,,,0,599462500,599462500,66.85
30-Jun-2026,PLAS,POLARIS INVESTAMA TBK,"BUANA CIPTA PERMAI, PT",Corporate,L,,INDONESIA,0,57960000,57960000,4.89
30-Jun-2026,PLAS,POLARIS INVESTAMA TBK,"MILLENIUM PENATA FUTURES, PT",Corporate,L,,INDONESIA,18500000,0,18500000,1.56
30-Jun-2026,PLAS,POLARIS INVESTAMA TBK,PT. Kencana Langit Biru,Corporate,L,,INDONESIA,58457700,0,58457700,4.94
30-Jun-2026,PLAS,POLARIS INVESTAMA TBK,PT. GRAHA NUSA ADIPRANA,Corporate,L,,INDONESIA,0,99259500,99259500,8.38
30-Jun-2026,PLAS,POLARIS INVESTAMA TBK,PT GASA PERDANA CIPTADAYA,Corporate,L,,INDONESIA,0,57220000,57220000,4.83
30-Jun-2026,PLAS,POLARIS INVESTAMA TBK,PT MALAKA JAYA MULIA,Corporate,L,,INDONESIA,0,53435500,53435500,4.51
30-Jun-2026,PLAS,POLARIS INVESTAMA TBK,PT RAGAM KARYA BUMI NUSA,Corporate,L,,INDONESIA,0,58274500,58274500,4.92
30-Jun-2026,PLAS,POLARIS INVESTAMA TBK,PT Tunas Persada Cemerlangl,Corporate,L,,INDONESIA,0,58178000,58178000,4.91
30-Jun-2026,PLAS,POLARIS INVESTAMA TBK,"BANK CIMB NIAGA TBK, PT",Bank,L,,INDONESIA,13923300,0,13923300,1.18
30-Jun-2026,PLAS,POLARIS INVESTAMA TBK,NOMURA PB NOMINEES LTD.,Financial Institutional,F,,UNITED KINGDOM,50000000,0,50000000,4.22
30-Jun-2026,PLAS,POLARIS INVESTAMA TBK,"UBS AG, LONDON",Bank,F,,SWITZERLAND,100500000,0,100500000,8.49
30-Jun-2026,PLAS,POLARIS INVESTAMA TBK,KHOLINA,Individual,L,INDONESIAN,INDONESIA,15000000,0,15000000,1.27
30-Jun-2026,PLAS,POLARIS INVESTAMA TBK,PT. ASURANSI JIWA IFG,Insurance,L,,INDONESIA,39503874,0,39503874,3.34
30-Jun-2026,PLAS,POLARIS INVESTAMA TBK,Reksa Dana Millenium Dynamic Equity Fund,Mutual Funds,L,,INDONESIA,15060794,0,15060794,1.27
30-Jun-2026,PLAS,POLARIS INVESTAMA TBK,REKSA DANA OSO FLORES EQUITY FUND,Mutual Funds,L,,INDONESIA,15318000,0,15318000,1.29
30-Jun-2026,PLAS,POLARIS INVESTAMA TBK,REKSA DANA AURORA SMC EQUITY,Mutual Funds,L,,INDONESIA,29083200,0,29083200,2.46
30-Jun-2026,PLAS,POLARIS INVESTAMA TBK,REKSA DANA MILLENIUM EQUITY GROWTH FUND,Mutual Funds,L,,INDONESIA,41002365,0,41002365,3.46
30-Jun-2026,PLAS,POLARIS INVESTAMA TBK,JAKSA AGUNG MUDA BIDANG TINDAK PIDANA KHUSUS KEJAKSAAN REPUBLIK INDONESIA KEJAKSAAN REPUBLIK INDONESIA,Government,L,,INDONESIA,35062335,0,35062335,2.96
30-Jun-2026,PLAS,POLARIS INVESTAMA TBK,PT. CAPITAL ASSET MANAGEMENT,Investment Manager,L,,INDONESIA,12845000,0,12845000,1.08
30-Jun-2026,PLAS,POLARIS INVESTAMA TBK,PT PT.ANDALAN ARTHA ADVISINDO SEKURITAS,Securities Company,L,,INDONESIA,15735000,0,15735000,1.33
30-Jun-2026,PLAS,POLARIS INVESTAMA TBK,MAYBANK SECURITIES PTE. LTD.,Investment Manager,F,,SINGAPORE,54100000,0,54100000,4.57
30-Jun-2026,PLIN,PLAZA INDONESIA REALTY Tbk,PT PLAZA INDONESIA INVESTAMA,Firm,L,,INDONESIA,3429674130,0,3429674130,96.61
30-Jun-2026,PMJS,PUTRA MANDIRI JEMBAR Tbk,PT. Pahalamas Sejahtera,Corporate,L,,INDONESIA,0,6910982000,6910982000,50.24
30-Jun-2026,PMJS,PUTRA MANDIRI JEMBAR Tbk,"OZINDO INAN ABADI, PT",Corporate,L,,INDONESIA,231430000,0,231430000,1.68
30-Jun-2026,PMJS,PUTRA MANDIRI JEMBAR Tbk,PT. GRAHA PRIMA WISESA,Corporate,L,,INDONESIA,357000000,0,357000000,2.6
30-Jun-2026,PMJS,PUTRA MANDIRI JEMBAR Tbk,MITSUBISHI CORPORATION,Corporate,F,,JAPAN,4676904000,0,4676904000,34.0
30-Jun-2026,PMJS,PUTRA MANDIRI JEMBAR Tbk,SUHARDI PONIMAN,Individual,L,INDONESIAN,INDONESIA,200000000,0,200000000,1.45
30-Jun-2026,PMJS,PUTRA MANDIRI JEMBAR Tbk,SUHANTI PONIMAN,Individual,L,INDONESIAN,INDONESIA,0,936000000,936000000,6.8
30-Jun-2026,PMJS,PUTRA MANDIRI JEMBAR Tbk,PT ASURANSI TOKIO MARINE INDONESIA,Insurance,L,,INDONESIA,286114000,0,286114000,2.08
30-Jun-2026,PMMP,PANCA MITRA MULTIPERDANA Tbk,PT. HARAPAN BANGSA KITA,Corporate,L,,INDONESIA,188240000,0,188240000,7.27
30-Jun-2026,PMMP,PANCA MITRA MULTIPERDANA Tbk,PT TIGA MAKIN JAYA,Corporate,L,,INDONESIA,898236200,0,898236200,34.7
30-Jun-2026,PMMP,PANCA MITRA MULTIPERDANA Tbk,SOESILO SOEBARDJO SH,Individual,L,INDONESIAN,INDONESIA,580000000,0,580000000,22.41
30-Jun-2026,PMMP,PANCA MITRA MULTIPERDANA Tbk,MARTINUS SOESILO,Individual,L,INDONESIAN,INDONESIA,118702500,0,118702500,4.59
30-Jun-2026,PMMP,PANCA MITRA MULTIPERDANA Tbk,JIMMI,Individual,L,INDONESIAN,INDONESIA,26243300,0,26243300,1.01
30-Jun-2026,PMUI,PRIMA MULTI USAHA INDONESIA Tbk,PT PRIMA INVESTASI NUSANTARA,Corporate,L,,INDONESIA,148314200,0,148314200,2.56
30-Jun-2026,PMUI,PRIMA MULTI USAHA INDONESIA Tbk,ONGGO WIJAYA,Individual,L,INDONESIAN,INDONESIA,222300200,0,222300200,3.83
30-Jun-2026,PMUI,PRIMA MULTI USAHA INDONESIA Tbk,RUDY SUSANTO WIJAYA KASWAN,Individual,L,INDONESIAN,INDONESIA,0,3248000000,3248000000,56.0
30-Jun-2026,PMUI,PRIMA MULTI USAHA INDONESIA Tbk,ENDONO SUSANTO WIJAYA,Individual,L,INDONESIAN,INDONESIA,93849000,0,93849000,1.62
30-Jun-2026,PMUI,PRIMA MULTI USAHA INDONESIA Tbk,AGUS SUSANTO,Individual,L,INDONESIAN,INDONESIA,4368800,1392000000,1396368800,24.08
30-Jun-2026,PMUI,PRIMA MULTI USAHA INDONESIA Tbk,VINSENSIUS,Individual,L,INDONESIAN,INDONESIA,84274915,0,84274915,1.45
30-Jun-2026,PNBN,BANK PAN INDONESIA Tbk,PANIN FINANCIAL Tbk.,Corporate,L,,INDONESIA,387093406,10701977879,11089071285,46.04
30-Jun-2026,PNBN,BANK PAN INDONESIA Tbk,"PANINVEST TBK, PT",Private Equity,L,,INDONESIA,292804520,0,292804520,1.22
30-Jun-2026,PNBN,BANK PAN INDONESIA Tbk,"USASLI, PT",Corporate,L,,INDONESIA,308746000,0,308746000,1.28
30-Jun-2026,PNBN,BANK PAN INDONESIA Tbk,VOTRAINT NO.1103 PTY LTD,Corporate,F,,AUSTRALIA,9349793152,0,9349793152,38.82
30-Jun-2026,PNBN,BANK PAN INDONESIA Tbk,IR CHANDRA ADISUSANTO,Individual,L,INDONESIAN,INDONESIA,252131300,0,252131300,1.05
30-Jun-2026,PNBS,BANK PANIN DUBAI SYARIAH Tbk,"BANK PAN INDONESIA TBK, PT",Bank,L,,INDONESIA,5882980781,20238546252,26121527033,67.3
30-Jun-2026,PNBS,BANK PANIN DUBAI SYARIAH Tbk,DUBAI ISLAMIC BANK PJSC,Bank,F,,UNITED ARAB EMIRATES,6873473971,2868750000,9742223971,25.1
30-Jun-2026,PNGO,PINAGO UTAMA Tbk,AEP NUSANTARA HOLDINGS LIMITED,Corporate,F,,HONG KONG,767664900,0,767664900,98.26
30-Jun-2026,PNIN,PANINVEST Tbk,"USASLI, PT",Corporate,L,,INDONESIA,67720500,0,67720500,1.66
30-Jun-2026,PNIN,PANINVEST Tbk,"FAMLEE INVESCO, PT",Corporate,L,,INDONESIA,0,743490500,743490500,18.28
30-Jun-2026,PNIN,PANINVEST Tbk,MU MIN ALI GUNAWAN,Individual,L,INDONESIAN,,83163188,0,83163188,2.04
30-Jun-2026,PNIN,PANINVEST Tbk,HONKY HARJO,Individual,L,INDONESIAN,INDONESIA,49546600,0,49546600,1.22
30-Jun-2026,PNIN,PANINVEST Tbk,DRS LO KHENG HONG,Individual,L,INDONESIAN,INDONESIA,50195750,0,50195750,1.23
30-Jun-2026,PNIN,PANINVEST Tbk,HAIYANTO,Individual,L,INDONESIAN,INDONESIA,182771500,0,182771500,4.49
30-Jun-2026,PNIN,PANINVEST Tbk,JOSEPH HARJA TARUNA,Individual,L,INDONESIAN,INDONESIA,52745000,0,52745000,1.3
30-Jun-2026,PNIN,PANINVEST Tbk,CRYSTAL CHAIN HOLDINGS LTD,Private Equity,F,,INDONESIA,122807016,271045672,393852688,9.68
30-Jun-2026,PNIN,PANINVEST Tbk,OMNICOURT GROUP LIMITED,Partnership,F,,INDONESIA,119298244,130164726,249462970,6.13
30-Jun-2026,PNIN,PANINVEST Tbk,DANA PENSIUN KARYAWAN PANIN BANK,Pension Funds,L,,INDONESIA,245077142,0,245077142,6.02
30-Jun-2026,PNIN,PANINVEST Tbk,"PANINKORP, PT",,,,,0,1208583000,1208583000,29.71
30-Jun-2026,PNLF,PANIN FINANCIAL Tbk,"PANINVEST TBK, PT",Private Equity,L,,INDONESIA,4865241728,16802639732,21667881460,67.67
30-Jun-2026,PNLF,PANIN FINANCIAL Tbk,ROBERT SUSILO,Individual,L,INDONESIAN,INDONESIA,389756200,0,389756200,1.22
30-Jun-2026,PNLF,PANIN FINANCIAL Tbk,IR CHANDRA ADISUSANTO,Individual,L,INDONESIAN,INDONESIA,338000000,0,338000000,1.06
30-Jun-2026,PNLF,PANIN FINANCIAL Tbk,GOVERNMENT OF NORWAY,Sovereign Wealth Fund,F,,NORWAY,420000000,0,420000000,1.31
30-Jun-2026,PNLF,PANIN FINANCIAL Tbk,"PANIN SEKURITAS Tbk, PT",Securities Company,L,,INDONESIA,578927700,0,578927700,1.81
30-Jun-2026,PNSE,PUDJIADI AND SONS Tbk,"Jayakarta Investindo, PT",Private Equity,L,,INDONESIA,199707551,0,199707551,25.03
30-Jun-2026,PNSE,PUDJIADI AND SONS Tbk,PT. ISTANA KUTA RATU PRESTIGE,Corporate,L,,INDONESIA,444396400,0,444396400,55.7
30-Jun-2026,PNSE,PUDJIADI AND SONS Tbk,OCTAVIANUS HALIM,Individual,L,INDONESIAN,INDONESIA,9200400,0,9200400,1.15
30-Jun-2026,PNSE,PUDJIADI AND SONS Tbk,KRISTIAN PUDJIADI,Individual,L,INDONESIAN,INDONESIA,10464061,0,10464061,1.31
30-Jun-2026,PNSE,PUDJIADI AND SONS Tbk,DAMIAN PUDJIADI,Individual,L,INDONESIAN,INDONESIA,12489138,0,12489138,1.57
30-Jun-2026,PNSE,PUDJIADI AND SONS Tbk,KOSMIAN PUDJIADI,Individual,L,INDONESIAN,INDONESIA,10464061,0,10464061,1.31
30-Jun-2026,PNSE,PUDJIADI AND SONS Tbk,LENAWATI SETIADI P,Individual,L,INDONESIAN,INDONESIA,52733475,0,52733475,6.61
30-Jun-2026,PNSE,PUDJIADI AND SONS Tbk,MARIANTI PUDJIADI,Individual,L,INDONESIAN,INDONESIA,10634539,0,10634539,1.33
30-Jun-2026,PNSE,PUDJIADI AND SONS Tbk,LUKMAN PUDJIADI,Individual,L,INDONESIAN,INDONESIA,10539138,0,10539138,1.32
30-Jun-2026,POLA,POOL ADVISTA FINANCE Tbk,PT POOL ADVISTA INDONESIA Tbk,Corporate,L,,INDONESIA,2558239599,0,2558239599,76.34
30-Jun-2026,POLA,POOL ADVISTA FINANCE Tbk,PT KMI CIOUD INDONESIA,Corporate,L,,INDONESIA,60892100,0,60892100,1.82
30-Jun-2026,POLA,POOL ADVISTA FINANCE Tbk,PATRICIA PANGAT,Individual,L,INDONESIAN,,35095700,0,35095700,1.05
30-Jun-2026,POLA,POOL ADVISTA FINANCE Tbk,PERUSAHAAN PERSEROAN (PERSERO) PT ASABRI,State Owned Enterprises,L,,INDONESIA,257113382,0,257113382,7.67
30-Jun-2026,POLI,POLLUX HOTELS GROUP Tbk,PT SURYA MASINDO,Corporate,L,,INDONESIA,79800000,0,79800000,3.97
30-Jun-2026,POLI,POLLUX HOTELS GROUP Tbk,PT POLLUX PROPERTI INDONESIA TBK,Corporate,L,,INDONESIA,462421100,0,462421100,23.0
30-Jun-2026,POLI,POLLUX HOTELS GROUP Tbk,PT GRAHA METTA ARYA,Corporate,L,,INDONESIA,74353600,0,74353600,3.7
30-Jun-2026,POLI,POLLUX HOTELS GROUP Tbk,LGT BANK AG,Private Bank,F,,LIECHTENSTEIN,88199100,0,88199100,4.39
30-Jun-2026,POLI,POLLUX HOTELS GROUP Tbk,BANK JULIUS BAER & CO. LTD,Private Bank,F,,SINGAPORE,78699100,0,78699100,3.91
30-Jun-2026,POLI,POLLUX HOTELS GROUP Tbk,PO SUN KOK,Individual,L,INDONESIAN,INDONESIA,1145000000,0,1145000000,56.95
30-Jun-2026,POLL,POLLUX PROPERTIES INDONESIA Tbk,PT SURYA MASINDO,Corporate,L,,INDONESIA,99895000,0,99895000,1.2
30-Jun-2026,POLL,POLLUX PROPERTIES INDONESIA Tbk,PT BORNEO MELAWAI PERKASA,Corporate,L,,INDONESIA,6500000000,0,6500000000,78.14
30-Jun-2026,POLL,POLLUX PROPERTIES INDONESIA Tbk,PT GRAHA METTA ARYA,Corporate,L,,INDONESIA,314605100,0,314605100,3.78
30-Jun-2026,POLL,POLLUX PROPERTIES INDONESIA Tbk,CITIBANK N.A.,Private Bank,F,,SINGAPORE,500000000,0,500000000,6.01
30-Jun-2026,POLL,POLLUX PROPERTIES INDONESIA Tbk,LGT BANK AG,Private Bank,F,,LIECHTENSTEIN,400000500,0,400000500,4.81
30-Jun-2026,POLL,POLLUX PROPERTIES INDONESIA Tbk,BANK JULIUS BAER & CO. LTD,Private Bank,F,,SINGAPORE,365854000,0,365854000,4.4
30-Jun-2026,POLU,GOLDEN FLOWER Tbk,PT SURYA MASINDO,Corporate,L,,INDONESIA,27500000,0,27500000,3.67
30-Jun-2026,POLU,GOLDEN FLOWER Tbk,PT GRAHA METTA ARYA,Corporate,L,,INDONESIA,29000000,0,29000000,3.87
30-Jun-2026,POLU,GOLDEN FLOWER Tbk,PT PROFASHION APPAREL,Corporate,L,,INDONESIA,599960000,0,599960000,79.99
30-Jun-2026,POLU,GOLDEN FLOWER Tbk,LGT BANK AG,Private Bank,F,,LIECHTENSTEIN,64099600,0,64099600,8.55
30-Jun-2026,POLY,ASIA PACIFIC FIBERS Tbk,DAMIANO INVESTMENTS B.V.,Corporate,F,,NETHERLANDS,1443805382,0,1443805382,62.42
30-Jun-2026,POLY,ASIA PACIFIC FIBERS Tbk,MORGAN STANLEY AND CO INTERNATIONAL PLC,Corporate,F,,UNITED KINGDOM,53878384,0,53878384,2.33
30-Jun-2026,POLY,ASIA PACIFIC FIBERS Tbk,PT MULTIKARSA INVESTAMA,Private Equity,L,,,70064999,61329720,131394719,5.68
30-Jun-2026,POLY,ASIA PACIFIC FIBERS Tbk,CHENGWY KARLAM,Individual,L,INDONESIAN,INDONESIA,82954900,0,82954900,3.59
30-Jun-2026,POLY,ASIA PACIFIC FIBERS Tbk,IGNATIUS ROBBY SANI,Individual,L,INDONESIAN,INDONESIA,32927700,0,32927700,1.42
30-Jun-2026,POOL,POOL ADVISTA INDONESIA Tbk,"ADVISTA MULTI ARTHA, PT",Corporate,L,,INDONESIA,76913964,0,76913964,3.29
30-Jun-2026,POOL,POOL ADVISTA INDONESIA Tbk,PRODANA INDO INVESTA,Corporate,L,,INDONESIA,99462200,0,99462200,4.25
30-Jun-2026,POOL,POOL ADVISTA INDONESIA Tbk,ADE MARIANI LEMEWU,Individual,L,INDONESIAN,INDONESIA,56454800,0,56454800,2.41
30-Jun-2026,POOL,POOL ADVISTA INDONESIA Tbk,GUWANTO,Individual,L,INDONESIAN,INDONESIA,33080003,0,33080003,1.41
30-Jun-2026,POOL,POOL ADVISTA INDONESIA Tbk,ARIS MUNANDAR,Individual,L,INDONESIAN,INDONESIA,47692000,0,47692000,2.04
30-Jun-2026,POOL,POOL ADVISTA INDONESIA Tbk,PT. ASURANSI JIWA IFG,Insurance,L,,INDONESIA,114199709,0,114199709,4.88
30-Jun-2026,POOL,POOL ADVISTA INDONESIA Tbk,PERUSAHAAN PERSEROAN (PERSERO) PT ASABRI,State Owned Enterprises,L,,INDONESIA,175227234,0,175227234,7.48
30-Jun-2026,POOL,POOL ADVISTA INDONESIA Tbk,Reksa Dana Pan Arcadia Dana Saham Bertumbuh,Exchange Traded Funds,L,,INDONESIA,36392200,0,36392200,1.55
30-Jun-2026,POOL,POOL ADVISTA INDONESIA Tbk,JAKSA AGUNG MUDA BIDANG TINDAK PIDANA KHUSUS KEJAKSAAN REPUBLIK INDONESIA KEJAKSAAN REPUBLIK INDONESIA,Government,L,,INDONESIA,625918824,0,625918824,26.73
30-Jun-2026,POOL,POOL ADVISTA INDONESIA Tbk,PT INDO HARVEST SEKURITAS,Securities Company,L,,INDONESIA,23500000,0,23500000,1.0
30-Jun-2026,POOL,POOL ADVISTA INDONESIA Tbk,PT Artha Sekuritas Indonesia,Securities Company,L,,INDONESIA,35616800,0,35616800,1.52
30-Jun-2026,PORT,NUSANTARA PELABUHAN HANDAL Tbk,"EPISENTA UTAMA INVESTASI, PT",Firm,L,,INDONESIA,679587615,0,679587615,24.15
30-Jun-2026,PORT,NUSANTARA PELABUHAN HANDAL Tbk,"PRIMA PERMATA CAKRAWALA, PT",Firm,L,,INDONESIA,153008758,0,153008758,5.44
30-Jun-2026,PORT,NUSANTARA PELABUHAN HANDAL Tbk,BONHAM NOMINEES PTE LTD,Trustee Bank,F,,SINGAPORE,140134300,0,140134300,4.98
30-Jun-2026,PORT,NUSANTARA PELABUHAN HANDAL Tbk,HEDLAND HOLDINGS LIMITED,Firm,F,,CAYMAN ISLANDS,113824000,0,113824000,4.05
30-Jun-2026,PORT,NUSANTARA PELABUHAN HANDAL Tbk,WATERBAY INVESTMENT LIMITED,Corporate,F,,CAYMAN ISLANDS,140415700,0,140415700,4.99
30-Jun-2026,PORT,NUSANTARA PELABUHAN HANDAL Tbk,CHINA MERCHANTS INTERNATIONAL PORT-INTEGRATED DEVELOPMENT (HONG KONG) COMPANY LIMITED,Firm,F,,HONG KONG,1435110412,0,1435110412,51.0
30-Jun-2026,PORT,NUSANTARA PELABUHAN HANDAL Tbk,UOB KAY HIAN PTE LTD,Securities Company,F,,SINGAPORE,140275000,0,140275000,4.98
30-Jun-2026,POSA,BLISS PROPERTI INDONESIA Tbk,BINTANG BAJA HITAM PT,Private Equity,L,,INDONESIA,3050000000,2633860000,5683860000,67.75
30-Jun-2026,POSA,BLISS PROPERTI INDONESIA Tbk,"BANK DANAMON INDONESIA Tbk, PT - REGISTRAR",Bank,L,,INDONESIA,162972687,0,162972687,1.94
30-Jun-2026,POSA,BLISS PROPERTI INDONESIA Tbk,PERUSAHAAN PERSEROAN (PERSERO) PT ASABRI,State Owned Enterprises,L,,INDONESIA,109824293,0,109824293,1.31
30-Jun-2026,POSA,BLISS PROPERTI INDONESIA Tbk,REKSA DANA SAHAM EMCO PESONA,Mutual Funds,L,,INDONESIA,143014600,0,143014600,1.7
30-Jun-2026,POSA,BLISS PROPERTI INDONESIA Tbk,REKSA DANA EMCO MANTAP,Mutual Funds,L,,INDONESIA,144875200,0,144875200,1.73
30-Jun-2026,POSA,BLISS PROPERTI INDONESIA Tbk,REKSA DANA EMCO GROWTH FUND,Mutual Funds,L,,INDONESIA,209552500,0,209552500,2.5
30-Jun-2026,POSA,BLISS PROPERTI INDONESIA Tbk,PT Shinhan Sekuritas Indonesia,Securities Company,L,,INDONESIA,997616000,0,997616000,11.89
30-Jun-2026,POWR,CIKARANG LISTRINDO Tbk,PT. PENTAKENCANA PAKARPERDANA,Corporate,L,,INDONESIA,4285064945,0,4285064945,26.64
30-Jun-2026,POWR,CIKARANG LISTRINDO Tbk,PT TEKNIKO INDONESIA,Corporate,L,,INDONESIA,408101000,0,408101000,2.54
30-Jun-2026,POWR,CIKARANG LISTRINDO Tbk,PT CIKARANG LISTRINDO TBK,Corporate,L,,INDONESIA,235656900,0,235656900,1.46
30-Jun-2026,POWR,CIKARANG LISTRINDO Tbk,PT. UDINDA WAHANATAMA,Corporate,L,,INDONESIA,4903778030,0,4903778030,30.48
30-Jun-2026,POWR,CIKARANG LISTRINDO Tbk,"BRASALI INDUSTRI PRATAMA, PT",Corporate,L,,INDONESIA,4285134845,0,4285134845,26.64
30-Jun-2026,POWR,CIKARANG LISTRINDO Tbk,MEISKE MAMESAH,Individual,L,INDONESIAN,INDONESIA,174386780,0,174386780,1.08
30-Jun-2026,POWR,CIKARANG LISTRINDO Tbk,FIDELITY FUNDS,Mutual Funds,F,,LUXEMBOURG,391879500,0,391879500,2.44
30-Jun-2026,PPGL,PRIMA GLOBALINDO LOGISTIK Tbk,SURYA  JAYA,Individual,L,INDONESIAN,INDONESIA,10000000,0,10000000,1.3
30-Jun-2026,PPGL,PRIMA GLOBALINDO LOGISTIK Tbk,SURYAWARNI SURLI,Individual,L,INDONESIAN,INDONESIA,14692300,0,14692300,1.91
30-Jun-2026,PPGL,PRIMA GLOBALINDO LOGISTIK Tbk,SINYO KALANGI,Individual,L,INDONESIAN,INDONESIA,8000000,0,8000000,1.04
30-Jun-2026,PPGL,PRIMA GLOBALINDO LOGISTIK Tbk,DARMAWAN SURYADI SM,Individual,L,INDONESIAN,INDONESIA,0,409637667,409637667,53.12
30-Jun-2026,PPGL,PRIMA GLOBALINDO LOGISTIK Tbk,HENGKY ADINATA,Individual,L,INDONESIAN,INDONESIA,11891300,0,11891300,1.54
30-Jun-2026,PPGL,PRIMA GLOBALINDO LOGISTIK Tbk,JAP ASTRID PATRICIA,Individual,L,INDONESIAN,INDONESIA,0,175818833,175818833,22.8
30-Jun-2026,PPGL,PRIMA GLOBALINDO LOGISTIK Tbk,WILLIAM FEBRIAN ADIANTO,Individual,L,INDONESIAN,INDONESIA,10682100,0,10682100,1.39
30-Jun-2026,PPRE,PP PRESISI Tbk,PT.PEMBANGUNAN PERUMAHAN(PERSERO) TBK,Corporate,L,,INDONESIA,0,7871480000,7871480000,76.99
30-Jun-2026,PPRE,PP PRESISI Tbk,YAYASAN KESEJAHTERAAN KARYAWAN PEMBANGUNAN PERUMAHAN,Foundation,L,,INDONESIA,156259832,0,156259832,1.53
30-Jun-2026,PPRE,PP PRESISI Tbk,RUDOLFUS PRIBADI AGUNG S,Individual,L,INDONESIAN,INDONESIA,188309800,0,188309800,1.84
30-Jun-2026,PPRE,PP PRESISI Tbk,PT TASPEN (PERSERO),State Owned Enterprises,L,,INDONESIA,217755500,0,217755500,2.13
30-Jun-2026,PPRE,PP PRESISI Tbk,KARYAWAN PEMEGANG SAHAM PT.PEMBANGUNAN (KKPSPP),Cooperatives,L,,INDONESIA,448582685,0,448582685,4.39
30-Jun-2026,PPRI,PAPEROCKS INDONESIA Tbk,PHILIP SUMALI,Individual,L,INDONESIAN,INDONESIA,280000000,0,280000000,26.05
30-Jun-2026,PPRI,PAPEROCKS INDONESIA Tbk,DILLON SUTANDAR,Individual,L,INDONESIAN,INDONESIA,215000000,0,215000000,20.0
30-Jun-2026,PPRI,PAPEROCKS INDONESIA Tbk,BUDI ADITYA ERNA MULYANTO,Individual,L,INDONESIAN,INDONESIA,147171500,0,147171500,13.69
30-Jun-2026,PPRI,PAPEROCKS INDONESIA Tbk,IRSYAD HANIF,Individual,L,INDONESIAN,INDONESIA,174806200,0,174806200,16.26
30-Jun-2026,PPRO,PP Properti Tbk,JUNI SETIAWATI WONOWIDJOJO,Individual,L,INDONESIAN,INDONESIA,966835700,0,966835700,1.57
30-Jun-2026,PPRO,PP Properti Tbk,PT. ASURANSI JIWA IFG,Insurance,L,,INDONESIA,4861299370,0,4861299370,7.88
30-Jun-2026,PPRO,PP Properti Tbk,PERUSAHAAN PERSEROAN (PERSERO) PT ASABRI,State Owned Enterprises,L,,INDONESIA,3346819399,0,3346819399,5.43
30-Jun-2026,PPRO,PP Properti Tbk,PT PP PERSERO TBK,,,,,0,40063119098,40063119098,64.96
30-Jun-2026,PPRO,PP Properti Tbk,PT YULIE SEKURITAS INDONESIA TBK,Securities Company,L,,INDONESIA,668641300,0,668641300,1.08
30-Jun-2026,PRAY,FAMON AWAL BROS SEDAYA Tbk,PT AWAL BROS CITRA BATAM,Corporate,L,,INDONESIA,2420632176,0,2420632176,17.34
30-Jun-2026,PRAY,FAMON AWAL BROS SEDAYA Tbk,PT. FAMON OBOR MAJU,Corporate,L,,INDONESIA,0,6487215267,6487215267,46.47
30-Jun-2026,PRAY,FAMON AWAL BROS SEDAYA Tbk,BLAIR ROAD CAPITAL PTE LTD,Investment Fund Selling Agent,F,,SINGAPORE,390863824,0,390863824,2.8
30-Jun-2026,PRAY,FAMON AWAL BROS SEDAYA Tbk,ARCHIPELAGO INVESTMENT PTE LTD,Corporate,F,,SINGAPORE,3789358400,0,3789358400,27.15
30-Jun-2026,PRAY,FAMON AWAL BROS SEDAYA Tbk,PROVIDENTIA WEALTH ADVISORY LTD,Investment Manager,F,,SINGAPORE,658884733,0,658884733,4.72
30-Jun-2026,PRDA,PRODIA WIDYAHUSADA Tbk,PRODIA WIDYAHUSADA TBK.,Corporate,L,,INDONESIA,47724500,0,47724500,5.09
30-Jun-2026,PRDA,PRODIA WIDYAHUSADA Tbk,PT. PRODIA UTAMA,Corporate,L,,INDONESIA,0,534375000,534375000,57.0
30-Jun-2026,PRDA,PRODIA WIDYAHUSADA Tbk,BIO MAJESTY PTE LTD,Corporate,F,,SINGAPORE,84375000,28125000,112500000,12.0
30-Jun-2026,PRDA,PRODIA WIDYAHUSADA Tbk,"EFG BANK AG, SINGAPORE BRANCH A/C CLIENTS",Private Bank,F,,SINGAPORE,28879600,0,28879600,3.08
30-Jun-2026,PRDA,PRODIA WIDYAHUSADA Tbk,"CACEIS BANK, LUXEMBOURG BRANCH/ UCITS CLIENTS",Bank,F,,LUXEMBOURG,10372700,0,10372700,1.11
30-Jun-2026,PRDA,PRODIA WIDYAHUSADA Tbk,REKSA DANA HPAM SYARIAH EKUITAS,Mutual Funds,L,,INDONESIA,18618100,0,18618100,1.99
30-Jun-2026,PRDA,PRODIA WIDYAHUSADA Tbk,REKSA DANA SYARIAH HENAN EKUITAS SYARIAH BERKAH,Mutual Funds,L,,INDONESIA,46300000,0,46300000,4.94
30-Jun-2026,PRDA,PRODIA WIDYAHUSADA Tbk,BANQUE PICTET AND CIE SA ARJUNA FUND PTE. LTD,Hedge Fund,F,,SINGAPORE,9765480,0,9765480,1.04
30-Jun-2026,PRDA,PRODIA WIDYAHUSADA Tbk,SWEDBANK ROBUR SMALL CAP EMERGING MARKETS,Mutual Funds,F,,SWEDEN,19000000,0,19000000,2.03
30-Jun-2026,PRIM,ROYAL PRIMA Tbk,MARWOTO,Individual,L,INDONESIAN,INDONESIA,107949400,0,107949400,3.18
30-Jun-2026,PRIM,ROYAL PRIMA Tbk,I NYOMAN EHRICH LISTER DR,Individual,L,INDONESIAN,INDONESIA,243441800,2190480000,2433921800,71.72
30-Jun-2026,PRIM,ROYAL PRIMA Tbk,ROBIN,Individual,L,INDONESIAN,INDONESIA,212188500,0,212188500,6.25
30-Jun-2026,PSAB,J RESOURCES ASIA PASIFIK Tbk,NOMURA SINGAPORE LIMITED,Investment Advisors,F,,SINGAPORE,661500000,0,661500000,2.5
30-Jun-2026,PSAB,J RESOURCES ASIA PASIFIK Tbk,SUWANTARA GOTAMA,Individual,L,INDONESIAN,INDONESIA,441987294,0,441987294,1.67
30-Jun-2026,PSAB,J RESOURCES ASIA PASIFIK Tbk,JIMMY BUDIARTO,Individual,L,INDONESIAN,INDONESIA,23814000000,0,23814000000,90.0
30-Jun-2026,PSAT,PANCARAN SAMUDERA TRANSPORT Tbk,PT SURYA MITRA PANCARAN,Corporate,L,,,0,365400000,365400000,24.65
30-Jun-2026,PSAT,PANCARAN SAMUDERA TRANSPORT Tbk,PT SEGARA ARTHA UTAMA,Corporate,L,,INDONESIA,35435600,0,35435600,2.39
30-Jun-2026,PSAT,PANCARAN SAMUDERA TRANSPORT Tbk,PT. BENTUK KARYA NUSANTARA,Corporate,L,,INDONESIA,45700000,0,45700000,3.08
30-Jun-2026,PSAT,PANCARAN SAMUDERA TRANSPORT Tbk,PROFITAMA HASIL INDAH,Corporate,L,,INDONESIA,0,894600000,894600000,60.35
30-Jun-2026,PSAT,PANCARAN SAMUDERA TRANSPORT Tbk,PT WARNA CIPTA KARYA,Corporate,L,,INDONESIA,46011600,0,46011600,3.1
30-Jun-2026,PSDN,PRASIDHA ANEKA NIAGA Tbk,"ANEKA AGROPRASIDHA, PT",Corporate,L,,,0,114000000,114000000,7.92
30-Jun-2026,PSDN,PRASIDHA ANEKA NIAGA Tbk,PT PRASIDHA,Corporate,L,,INDONESIA,1075600,675754545,676830145,47.0
30-Jun-2026,PSDN,PRASIDHA ANEKA NIAGA Tbk,PT ABA JAYAABADI,Corporate,L,,INDONESIA,3508500,20807000,24315500,1.69
30-Jun-2026,PSDN,PRASIDHA ANEKA NIAGA Tbk,"ANEKA BUMI PRASIDHA, PT",Corporate,L,,,0,136500000,136500000,9.48
30-Jun-2026,PSDN,PRASIDHA ANEKA NIAGA Tbk,"Aneka Sumber Kumala, PT",Corporate,L,,INDONESIA,5622500,21406000,27028500,1.88
30-Jun-2026,PSDN,PRASIDHA ANEKA NIAGA Tbk,AGUS SOEGIARTO,Individual,L,INDONESIAN,INDONESIA,45933333,20051000,65984333,4.58
30-Jun-2026,PSDN,PRASIDHA ANEKA NIAGA Tbk,IGIANTO JOE,Individual,L,INDONESIAN,INDONESIA,0,272378790,272378790,18.92
30-Jun-2026,PSGO,PALMA SERASIH Tbk,"SERASIH HOLDICO, PT",Corporate,L,,,0,6600000000,6600000000,35.01
30-Jun-2026,PSGO,PALMA SERASIH Tbk,PT JALINANKASIH SESAMA,Corporate,L,,INDONESIA,377906900,7800000000,8177906900,43.38
30-Jun-2026,PSGO,PALMA SERASIH Tbk,DBS BANK LTD.,Bank,F,,SINGAPORE,401226000,0,401226000,2.13
30-Jun-2026,PSGO,PALMA SERASIH Tbk,BUDIONO TANBUN,Individual,L,INDONESIAN,INDONESIA,0,1600000000,1600000000,8.49
30-Jun-2026,PSGO,PALMA SERASIH Tbk,KELVIN HALIM,Individual,L,INDONESIAN,INDONESIA,601400000,0,601400000,3.19
30-Jun-2026,PSGO,PALMA SERASIH Tbk,"CHE WAI CHAN,",Individual,F,CHINESE,HONG KONG,500000000,0,500000000,2.65
30-Jun-2026,PSKT,RED PLANET INDONESIA Tbk,PT. CIPTA KOMUNIKA KHATULISTIWA,Private Equity,L,,INDONESIA,107103300,0,107103300,1.03
30-Jun-2026,PSKT,RED PLANET INDONESIA Tbk,PT. BERLIAN TAMBANG INDONESIA,Corporate,L,,INDONESIA,186492300,0,186492300,1.8
30-Jun-2026,PSKT,RED PLANET INDONESIA Tbk,PT TIRTA ORISA YASA,Corporate,L,,INDONESIA,4219825598,0,4219825598,40.77
30-Jun-2026,PSKT,RED PLANET INDONESIA Tbk,PT CRIO INDONESIA,Corporate,L,,INDONESIA,994207500,0,994207500,9.6
30-Jun-2026,PSKT,RED PLANET INDONESIA Tbk,PT. TRAJECTIVE MITRA INDONESIA,Investment Advisors,L,,INDONESIA,756000000,0,756000000,7.3
30-Jun-2026,PSKT,RED PLANET INDONESIA Tbk,DJONI,Individual,L,INDONESIAN,INDONESIA,134033400,0,134033400,1.29
30-Jun-2026,PSKT,RED PLANET INDONESIA Tbk,ALBERT KURNIAWAN BUDI S,Individual,L,INDONESIAN,INDONESIA,126000000,0,126000000,1.22
30-Jun-2026,PSKT,RED PLANET INDONESIA Tbk,MOH.A.R.P.MANGKUNINGRAT,Individual,L,INDONESIAN,INDONESIA,2325081078,0,2325081078,22.46
30-Jun-2026,PSSI,IMC PELITA LOGISTIK Tbk,PT IMC PELITA LOGISTIK TBK,Corporate,L,,INDONESIA,295874000,0,295874000,5.46
30-Jun-2026,PSSI,IMC PELITA LOGISTIK Tbk,PT BIO PERMAI,Corporate,L,,INDONESIA,332957200,0,332957200,6.15
30-Jun-2026,PSSI,IMC PELITA LOGISTIK Tbk,PT INDOPRIMA MARINE,Corporate,L,,INDONESIA,2374400000,0,2374400000,43.83
30-Jun-2026,PSSI,IMC PELITA LOGISTIK Tbk,TSAO PAO CHEE INVESTMENT MANAGEMENT PTE.LTD,Corporate,F,,SINGAPORE,240000000,0,240000000,4.43
30-Jun-2026,PSSI,IMC PELITA LOGISTIK Tbk,CONVIVIAL NAVIGATION CO. PTE.LTD,Corporate,F,,SINGAPORE,266704553,0,266704553,4.92
30-Jun-2026,PSSI,IMC PELITA LOGISTIK Tbk,KENDILO PTE. LTD,Corporate,F,,SINGAPORE,1523190946,0,1523190946,28.12
30-Jun-2026,PSSI,IMC PELITA LOGISTIK Tbk,IMC DYNAMIC INVESTMENTS PTE LTD,Corporate,F,,SINGAPORE,239399300,0,239399300,4.42
30-Jun-2026,PTBA,BUKIT ASAM (PERSERO) Tbk,PERUSAHAAN PERSEROAN (PERSERO) PT MINERAL INDUSTRI INDONESIA,State Owned Enterprises,L,,INDONESIA,105213200,7490437495,7595650695,65.93
30-Jun-2026,PTBA,BUKIT ASAM (PERSERO) Tbk,DJS KETENAGAKERJAAN PROGRAM JAMINAN HARI TUA,State Owned Enterprises,L,,INDONESIA,177167100,0,177167100,1.54
30-Jun-2026,PTDU,DJASA UBERSAKTI Tbk,PT TEKNINDO GEOSISTEM UNGGUL,Corporate,L,,INDONESIA,0,625000000,625000000,41.67
30-Jun-2026,PTDU,DJASA UBERSAKTI Tbk,RSK INVESTASI UNGGUL,Firm,L,,INDONESIA,475000000,0,475000000,31.67
30-Jun-2026,PTDU,DJASA UBERSAKTI Tbk,BUDIANTO M KURNIAWAN,Individual,L,INDONESIAN,INDONESIA,15430800,0,15430800,1.03
30-Jun-2026,PTDU,DJASA UBERSAKTI Tbk,VICA VALENTINA,Individual,L,INDONESIAN,INDONESIA,19000000,0,19000000,1.27
30-Jun-2026,PTDU,DJASA UBERSAKTI Tbk,SUMIRAH TOHIR T,Individual,L,INDONESIAN,INDONESIA,17044800,0,17044800,1.14
30-Jun-2026,PTIS,INDO STRAITS Tbk,PT INDO STRAITS Tbk,Corporate,L,,INDONESIA,6429000,0,6429000,1.17
30-Jun-2026,PTIS,INDO STRAITS Tbk,ANTHONY SETIADI,Individual,L,INDONESIAN,INDONESIA,6248500,0,6248500,1.14
30-Jun-2026,PTIS,INDO STRAITS Tbk,PT ASURANSI SIMAS JIWA,Insurance,L,,INDONESIA,12675100,0,12675100,2.3
30-Jun-2026,PTIS,INDO STRAITS Tbk,STRAITS CORPORATION PTE LTD,,,,,0,450165300,450165300,81.82
30-Jun-2026,PTIS,INDO STRAITS Tbk,PHILLIP SECURITIES PTE LTD,Investment Manager,F,,SINGAPORE,18832600,0,18832600,3.42
30-Jun-2026,PTMP,MITRA PACK Tbk,KENCANA USAHA SENTOSA,Corporate,L,,INDONESIA,0,2298124000,2298124000,72.51
30-Jun-2026,PTMP,MITRA PACK Tbk,PT. MITRA TRI INVESTAMA,Private Equity,L,,INDONESIA,42548300,0,42548300,1.34
30-Jun-2026,PTMP,MITRA PACK Tbk,PT. DIGITAL KODING SOLUSINDO,Corporate,L,,INDONESIA,88250000,0,88250000,2.78
30-Jun-2026,PTMP,MITRA PACK Tbk,ARDI KUSUMA,Individual,L,INDONESIAN,INDONESIA,55555200,0,55555200,1.75
30-Jun-2026,PTMR,MASTER PRINT Tbk,PT. KURNIA SEMESTA PERSADA,Corporate,L,,INDONESIA,45187300,0,45187300,2.37
30-Jun-2026,PTMR,MASTER PRINT Tbk,PT. MITRA TRI INVESTAMA,Private Equity,L,,INDONESIA,88272300,0,88272300,4.63
30-Jun-2026,PTMR,MASTER PRINT Tbk,PT MULTI MITRA SEMESTA,Corporate,L,,INDONESIA,60732700,0,60732700,3.18
30-Jun-2026,PTMR,MASTER PRINT Tbk,ELIT KARYA INVESTINDO PT,Corporate,L,,INDONESIA,35540700,0,35540700,1.86
30-Jun-2026,PTMR,MASTER PRINT Tbk,MITRA PACK TBK,Corporate,L,,INDONESIA,0,1457280000,1457280000,76.42
30-Jun-2026,PTMR,MASTER PRINT Tbk,DONNY SANTOSA,Individual,L,INDONESIAN,INDONESIA,23412100,0,23412100,1.23
30-Jun-2026,PTMR,MASTER PRINT Tbk,EKO HERU WIBOWO,Individual,L,INDONESIAN,INDONESIA,34187800,0,34187800,1.79
30-Jun-2026,PTMR,MASTER PRINT Tbk,ROBERT HASAN,Individual,L,INDONESIAN,INDONESIA,38909100,0,38909100,2.04
30-Jun-2026,PTPP,PP (PERSERO) Tbk,PERUSAHAAN PERSEROAN (PERSERO) PT DANANTARA ASSET MANAGEMENT,Corporate,L,,,0,3130328358,3130328358,50.49
30-Jun-2026,PTPP,PP (PERSERO) Tbk,PT. MITRACOMM EKASARANA,Corporate,L,,INDONESIA,94333200,0,94333200,1.52
30-Jun-2026,PTPP,PP (PERSERO) Tbk,HAIYANTO,Individual,L,INDONESIAN,INDONESIA,187599500,0,187599500,3.03
30-Jun-2026,PTPP,PP (PERSERO) Tbk,DJS KETENAGAKERJAAN PROGRAM JAMINAN HARI TUA,State Owned Enterprises,L,,INDONESIA,210427800,0,210427800,3.39
30-Jun-2026,PTPP,PP (PERSERO) Tbk,DJS KETENAGAKERJAAN PROGRAM JAMINAN PENSIUN,State Owned Enterprises,L,,INDONESIA,63163900,0,63163900,1.02
30-Jun-2026,PTPP,PP (PERSERO) Tbk,PT TASPEN (PERSERO),State Owned Enterprises,L,,INDONESIA,82298700,0,82298700,1.33
30-Jun-2026,PTPP,PP (PERSERO) Tbk,PT Phintraco Sekuritas,Securities Company,L,,INDONESIA,99088400,0,99088400,1.6
30-Jun-2026,PTPS,PULAU SUBUR Tbk,PT. SEKAWAN KONTRINDO,Corporate,L,,INDONESIA,0,1702400000,1702400000,78.54
30-Jun-2026,PTPW,PRATAMA WIDYA Tbk,PT PRATAMA INVESTAMA KURNIA,Firm,L,,INDONESIA,91481900,0,91481900,10.42
30-Jun-2026,PTPW,PRATAMA WIDYA Tbk,PT. ROYAL STRATEGIS KAPITAL,Firm,L,,INDONESIA,41168900,0,41168900,4.69
30-Jun-2026,PTPW,PRATAMA WIDYA Tbk,PT. INVESTASI BERSAMA MANDIRI,Investment Fund Selling Agent,L,,INDONESIA,32132500,0,32132500,3.66
30-Jun-2026,PTPW,PRATAMA WIDYA Tbk,YOSEPH WIKATAMA,Individual,L,INDONESIAN,INDONESIA,0,79125000,79125000,9.01
30-Jun-2026,PTPW,PRATAMA WIDYA Tbk,CYRILUS WINATAMA K,Individual,L,INDONESIAN,INDONESIA,0,220125000,220125000,25.07
30-Jun-2026,PTPW,PRATAMA WIDYA Tbk,BONAVENTURA WIMATAMA KURNIAWAN,Individual,L,INDONESIAN,INDONESIA,0,85375000,85375000,9.72
30-Jun-2026,PTPW,PRATAMA WIDYA Tbk,ANDREAS WIDHATAMA KURNIAWAN,Individual,L,INDONESIAN,INDONESIA,0,317925000,317925000,36.2
30-Jun-2026,PTRO,PETROSEA Tbk,PT. KREASI JASA PERSADA,Corporate,L,,INDONESIA,4571811700,0,4571811700,45.33
30-Jun-2026,PTRO,PETROSEA Tbk,PT PETRINDO JAYA KREASI TBK,Corporate,L,,INDONESIA,138926800,0,138926800,1.38
30-Jun-2026,PTRO,PETROSEA Tbk,PT SENTOSA BERSAMA MITRA,Corporate,L,,INDONESIA,256892300,0,256892300,2.55
30-Jun-2026,PTRO,PETROSEA Tbk,PT CARAKA REKSA OPTIMA,Corporate,L,,INDONESIA,2465974670,0,2465974670,24.45
30-Jun-2026,PTRO,PETROSEA Tbk,MORGAN STANLEY AND CO INTERNATIONAL PLC,Corporate,F,,UNITED KINGDOM,166241500,0,166241500,1.65
30-Jun-2026,PTRO,PETROSEA Tbk,OCBC SECURITIES PRIVATE LIMITED,Securities Company,F,,SINGAPORE,170566000,0,170566000,1.69
30-Jun-2026,PTSN,SAT NUSAPERSADA Tbk,PT ASUS INTERNATIONAL LIMITED,Corporate,F,,CAYMAN ISLANDS,260977800,0,260977800,4.91
30-Jun-2026,PTSN,SAT NUSAPERSADA Tbk,INDITECK TECHNOLOGY HONG KONG LIMITED,Corporate,F,,HONG KONG,531434400,0,531434400,10.0
30-Jun-2026,PTSN,SAT NUSAPERSADA Tbk,"ASUS INVESTMENT CO., LTD",Corporate,F,,"TAIWAN, PROVINCE OF CHINA",531434100,0,531434100,10.0
30-Jun-2026,PTSN,SAT NUSAPERSADA Tbk,HARTO,Individual,L,INDONESIAN,INDONESIA,58724700,0,58724700,1.11
30-Jun-2026,PTSN,SAT NUSAPERSADA Tbk,BIDIN YUSUF,Individual,L,INDONESIAN,INDONESIA,187680000,0,187680000,3.53
30-Jun-2026,PTSN,SAT NUSAPERSADA Tbk,ABIDIN FAN,Individual,L,INDONESIAN,INDONESIA,3532500000,0,3532500000,66.47
30-Jun-2026,PTSP,PIONEERINDO GOURMET INTERNATIONAL Tbk,PT. GRAHA SENTOSA PERSADA,Corporate,L,,INDONESIA,61000666,0,61000666,27.63
30-Jun-2026,PTSP,PIONEERINDO GOURMET INTERNATIONAL Tbk,PT. Bayu Buana Tbk,Corporate,L,,INDONESIA,19652000,0,19652000,8.9
30-Jun-2026,PTSP,PIONEERINDO GOURMET INTERNATIONAL Tbk,STANDARD CHARTERED BANK SG S/A VP BANK A/C DIAMOND MILLENIUM LTD (ID005464400003),Private Bank,F,,"VIRGIN ISLANDS, BRITISH",11000000,0,11000000,4.98
30-Jun-2026,PTSP,PIONEERINDO GOURMET INTERNATIONAL Tbk,STANDARD CHARTERED BANK SG S/A VP BANK A/C SAPPHIRE LINK LTD (ID005464400008),Private Bank,F,,"VIRGIN ISLANDS, BRITISH",11020000,0,11020000,4.99
30-Jun-2026,PTSP,PIONEERINDO GOURMET INTERNATIONAL Tbk,LGT BANK AG,Private Bank,F,,LIECHTENSTEIN,9095800,0,9095800,4.12
30-Jun-2026,PTSP,PIONEERINDO GOURMET INTERNATIONAL Tbk,"UNION BANCAIRE PRIVEE, UBP SA SINGAPORE BRANCH",Private Bank,F,,SINGAPORE,21407976,0,21407976,9.7
30-Jun-2026,PTSP,PIONEERINDO GOURMET INTERNATIONAL Tbk,BANK JULIUS BAER & CO. LTD,Private Bank,F,,SINGAPORE,8219400,0,8219400,3.72
30-Jun-2026,PTSP,PIONEERINDO GOURMET INTERNATIONAL Tbk,UBS AG SINGAPORE BRANCH,Private Bank,F,,SINGAPORE,3746258,0,3746258,1.7
30-Jun-2026,PTSP,PIONEERINDO GOURMET INTERNATIONAL Tbk,BANK OF SINGAPORE LIMITED,Private Bank,F,,SINGAPORE,18004020,0,18004020,8.15
30-Jun-2026,PTSP,PIONEERINDO GOURMET INTERNATIONAL Tbk,CA INDOSUEZ (SWITZERLAND) SA,Bank,F,,SINGAPORE,8925080,0,8925080,4.04
30-Jun-2026,PTSP,PIONEERINDO GOURMET INTERNATIONAL Tbk,VP BANK LTD SINGAPORE BRANCH,Private Bank,F,,SINGAPORE,31214900,0,31214900,14.14
30-Jun-2026,PTSP,PIONEERINDO GOURMET INTERNATIONAL Tbk,BP2S SG/BNP PARIBAS SINGAPORE BRANCH WEALTH MANAGEMENT,Private Bank,F,,SINGAPORE,9449200,0,9449200,4.28
30-Jun-2026,PUDP,PUDJIADI PRESTIGE Tbk,PT GRAHA PUJI BAHANA,Corporate,L,,INDONESIA,8360854,0,8360854,1.27
30-Jun-2026,PUDP,PUDJIADI PRESTIGE Tbk,PT. ISTANA KUTA RATU PRESTIGE,Corporate,L,,INDONESIA,293545682,0,293545682,44.54
30-Jun-2026,PUDP,PUDJIADI PRESTIGE Tbk,ARIYO TEJO,Individual,L,INDONESIAN,,8800806,0,8800806,1.34
30-Jun-2026,PUDP,PUDJIADI PRESTIGE Tbk,KRISTIAN PUDJIADI,Individual,L,INDONESIAN,INDONESIA,27025256,0,27025256,4.1
30-Jun-2026,PUDP,PUDJIADI PRESTIGE Tbk,NATALIA DEVI PUDJIADI,Individual,L,INDONESIAN,INDONESIA,8166676,0,8166676,1.24
30-Jun-2026,PUDP,PUDJIADI PRESTIGE Tbk,DAMIAN PUDJIADI,Individual,L,INDONESIAN,INDONESIA,18642778,0,18642778,2.83
30-Jun-2026,PUDP,PUDJIADI PRESTIGE Tbk,KOSMIAN PUDJIADI,Individual,L,INDONESIAN,INDONESIA,27076454,0,27076454,4.11
30-Jun-2026,PUDP,PUDJIADI PRESTIGE Tbk,CHENGWY KARLAM,Individual,L,INDONESIAN,INDONESIA,11960520,0,11960520,1.81
30-Jun-2026,PUDP,PUDJIADI PRESTIGE Tbk,LENAWATI SETIADI P,Individual,L,INDONESIAN,INDONESIA,150093228,0,150093228,22.77
30-Jun-2026,PUDP,PUDJIADI PRESTIGE Tbk,MARIANTI PUDJIADI,Individual,L,INDONESIAN,INDONESIA,27076454,0,27076454,4.11
30-Jun-2026,PUDP,PUDJIADI PRESTIGE Tbk,LUKMAN PUDJIADI,Individual,L,INDONESIAN,INDONESIA,20984300,0,20984300,3.18
30-Jun-2026,PURA,PUTRA RAJAWALI KENCANA Tbk,PT RAJAWALI DWIPUTRA INDONESIA,Corporate,L,,INDONESIA,769639000,0,769639000,12.21
30-Jun-2026,PURA,PUTRA RAJAWALI KENCANA Tbk,PT RAJAWALI INTI,Corporate,L,,INDONESIA,962621880,0,962621880,15.28
30-Jun-2026,PURA,PUTRA RAJAWALI KENCANA Tbk,PT IGELCORP NUSANTARA KAPITAL,Private Equity,L,,INDONESIA,353069900,0,353069900,5.6
30-Jun-2026,PURA,PUTRA RAJAWALI KENCANA Tbk,PT IGELCORP ASIA KAPITAL,Private Equity,L,,INDONESIA,465006000,0,465006000,7.38
30-Jun-2026,PURA,PUTRA RAJAWALI KENCANA Tbk,PT VARASH SADDAN NUSANTARA,Corporate,L,,INDONESIA,130507300,0,130507300,2.07
30-Jun-2026,PURA,PUTRA RAJAWALI KENCANA Tbk,CGS INTERNATIONAL SECURITIES SINGAPORE PTE LTD,Private Bank,F,,SINGAPORE,396408200,0,396408200,6.29
30-Jun-2026,PURA,PUTRA RAJAWALI KENCANA Tbk,NI MADE PUTRI UMBARAWATI   SE,Individual,L,INDONESIAN,INDONESIA,150888800,0,150888800,2.39
30-Jun-2026,PURA,PUTRA RAJAWALI KENCANA Tbk,TONNY HERMAWAN ADIKARJO IR,Individual,L,INDONESIAN,INDONESIA,96193300,0,96193300,1.53
30-Jun-2026,PURA,PUTRA RAJAWALI KENCANA Tbk,HIZKIA ADITYA SITEPU,Individual,L,INDONESIAN,INDONESIA,63736133,0,63736133,1.01
30-Jun-2026,PURA,PUTRA RAJAWALI KENCANA Tbk,GUNAWAN DOHO,Individual,L,INDONESIAN,INDONESIA,70060633,0,70060633,1.11
30-Jun-2026,PURA,PUTRA RAJAWALI KENCANA Tbk,DHEERAJ,Individual,L,INDONESIAN,INDONESIA,81591584,0,81591584,1.29
30-Jun-2026,PURA,PUTRA RAJAWALI KENCANA Tbk,SALIM LIM,Individual,L,INDONESIAN,INDONESIA,72101100,0,72101100,1.14
30-Jun-2026,PURA,PUTRA RAJAWALI KENCANA Tbk,ERWIN PRASETYA TJANDRA,Individual,L,INDONESIAN,INDONESIA,120000000,0,120000000,1.9
30-Jun-2026,PURA,PUTRA RAJAWALI KENCANA Tbk,FACHRUL ATMADJA,Individual,L,INDONESIAN,INDONESIA,79145900,0,79145900,1.26
30-Jun-2026,PURA,PUTRA RAJAWALI KENCANA Tbk,I PUTU EKA SURYAWAN,Individual,L,INDONESIAN,INDONESIA,113401100,0,113401100,1.8
30-Jun-2026,PURE,TRINITAN METALS AND MINERALS Tbk,PT TRINITAN RESOURCETAMA INDONESIA,Corporate,L,,INDONESIA,363726830,0,363726830,26.45
30-Jun-2026,PURE,TRINITAN METALS AND MINERALS Tbk,REZANANTA F PIETRUSCHKA,Individual,L,INDONESIAN,INDONESIA,16600000,0,16600000,1.21
30-Jun-2026,PURE,TRINITAN METALS AND MINERALS Tbk,ASHISH KUMAR D KESWANI,Individual,L,INDONESIAN,INDONESIA,15536100,0,15536100,1.13
30-Jun-2026,PURE,TRINITAN METALS AND MINERALS Tbk,MELANIAWATI HADIKARTONO,Individual,L,INDONESIAN,INDONESIA,50100033,0,50100033,3.64
30-Jun-2026,PURE,TRINITAN METALS AND MINERALS Tbk,PUI SIAT HA,Individual,L,INDONESIAN,INDONESIA,39122900,0,39122900,2.84
30-Jun-2026,PURE,TRINITAN METALS AND MINERALS Tbk,WEMPY,Individual,L,INDONESIAN,INDONESIA,18684800,0,18684800,1.36
30-Jun-2026,PURE,TRINITAN METALS AND MINERALS Tbk,MIRAE ASSET SEKURITAS INDONESIA,Securities Company,L,,INDONESIA,149102527,0,149102527,10.84
30-Jun-2026,PURI,PURI GLOBAL SUKSES Tbk,PT. BUMI KREASI BARU,Corporate,L,,INDONESIA,0,768000000,768000000,76.8
30-Jun-2026,PURI,PURI GLOBAL SUKSES Tbk,ONG YICK SING,Individual,F,MALAYSIAN,MALAYSIA,51470500,0,51470500,5.15
30-Jun-2026,PWON,PAKUWON JATI Tbk,PAKUWON ARTHANIAGA,Corporate,L,,INDONESIA,33077598400,0,33077598400,68.68
30-Jun-2026,PWON,PAKUWON JATI Tbk,MORGAN STANLEY AND CO INTERNATIONAL PLC,Corporate,F,,UNITED KINGDOM,781926536,0,781926536,1.62
30-Jun-2026,PWON,PAKUWON JATI Tbk,FIDELITY FUNDS,Mutual Funds,F,,LUXEMBOURG,944113700,0,944113700,1.96
30-Jun-2026,PYFA,PYRIDAM FARMA Tbk,REJUVE GLOBAL INVESTMENT PTE LTD,Private Equity,F,,SINGAPORE,7194080948,0,7194080948,64.02
30-Jun-2026,PYFA,PYRIDAM FARMA Tbk,DBS BANK LTD.,Bank,F,,SINGAPORE,358078971,0,358078971,3.19
30-Jun-2026,PYFA,PYRIDAM FARMA Tbk,PT. ASURANSI JIWA STARINVESTAMA,Insurance,L,,INDONESIA,666012000,0,666012000,5.93
30-Jun-2026,PYFA,PYRIDAM FARMA Tbk,PT ALDIRACITA SEKURITAS INDONESIA,Securities Company,L,,INDONESIA,235624980,0,235624980,2.1
30-Jun-2026,PZZA,SARIMELATI KENCANA Tbk,"Sriboga Raturaya, PT",Corporate,L,,INDONESIA,1957933250,0,1957933250,64.79
30-Jun-2026,PZZA,SARIMELATI KENCANA Tbk,JPMCB NA AIF CLT RE-THE SCOTTISH ORIENTAL SMALLER COMPANIES TRUST PLC,Firm,F,,UNITED KINGDOM,211533000,0,211533000,7.0
30-Jun-2026,PZZA,SARIMELATI KENCANA Tbk,DBS BANK LTD S/A PEMBERTON ASIAN OPPORTUNITIES FUND,Investment Advisors,F,,SINGAPORE,290000000,0,290000000,9.6
30-Jun-2026,PZZA,SARIMELATI KENCANA Tbk,TJIOK ARISTO SUNGKONO.S,Individual,L,INDONESIAN,INDONESIA,47580000,0,47580000,1.57
30-Jun-2026,PZZA,SARIMELATI KENCANA Tbk,CLSA LTD,Securities Company,F,,HONG KONG,126353850,0,126353850,4.18
30-Jun-2026,RAAM,TRIPAR MULTIVSION PLUS Tbk,PT. MNC DIGITAL ENTERTAINMENT TBK,Corporate,L,,INDONESIA,619420000,0,619420000,9.09
30-Jun-2026,RAAM,TRIPAR MULTIVSION PLUS Tbk,REGENCY HIGH ENTERPRISE LTD,Investment Advisors,F,,"VIRGIN ISLANDS, BRITISH",102623000,0,102623000,1.51
30-Jun-2026,RAAM,TRIPAR MULTIVSION PLUS Tbk,SCOTTS CAPITAL INVESTMENT CORPORATION,Investment Advisors,F,,SEYCHELLES,300000000,0,300000000,4.4
30-Jun-2026,RAAM,TRIPAR MULTIVSION PLUS Tbk,LGT BANK AG,Private Bank,F,,LIECHTENSTEIN,167271400,0,167271400,2.45
30-Jun-2026,RAAM,TRIPAR MULTIVSION PLUS Tbk,CGS INTERNATIONAL SECURITIES SINGAPORE PTE LTD,Private Bank,F,,SINGAPORE,118694200,0,118694200,1.74
30-Jun-2026,RAAM,TRIPAR MULTIVSION PLUS Tbk,RAM JETHMAL PUNJABI,Individual,L,INDONESIAN,INDONESIA,4688967382,0,4688967382,68.82
30-Jun-2026,RAAM,TRIPAR MULTIVSION PLUS Tbk,UOB KAY HIAN PTE LTD,Securities Company,F,,SINGAPORE,150425500,0,150425500,2.21
30-Jun-2026,RAFI,SARI KREASI BOGA Tbk,PT GLOBALASIA CAPITAL INVESTAMA,Investment Advisors,L,,INDONESIA,1200000000,0,1200000000,38.36
30-Jun-2026,RAFI,SARI KREASI BOGA Tbk,BATARA BAYU SOEDARWANTO,Individual,L,INDONESIAN,INDONESIA,70732200,0,70732200,2.26
30-Jun-2026,RAFI,SARI KREASI BOGA Tbk,BASUNANDA BINTANG,Individual,L,INDONESIAN,INDONESIA,36000000,0,36000000,1.15
30-Jun-2026,RAFI,SARI KREASI BOGA Tbk,CHANDRA GUNAWAN,Individual,L,INDONESIAN,INDONESIA,118871600,0,118871600,3.8
30-Jun-2026,RAFI,SARI KREASI BOGA Tbk,YOHANES HALIM,Individual,L,INDONESIAN,INDONESIA,69601600,0,69601600,2.23
30-Jun-2026,RAFI,SARI KREASI BOGA Tbk,gideon suryatika,Individual,L,INDONESIAN,INDONESIA,135041657,0,135041657,4.32
30-Jun-2026,RAFI,SARI KREASI BOGA Tbk,JOE S,Individual,L,INDONESIAN,INDONESIA,55050000,0,55050000,1.76
30-Jun-2026,RAFI,SARI KREASI BOGA Tbk,HO SIE FONG JOHN,Individual,L,INDONESIAN,INDONESIA,40532400,0,40532400,1.3
30-Jun-2026,RAFI,SARI KREASI BOGA Tbk,SUSANNA HENDRO,Individual,L,INDONESIAN,INDONESIA,110384400,0,110384400,3.53
30-Jun-2026,RAFI,SARI KREASI BOGA Tbk,SUMITRO,Individual,L,INDONESIAN,INDONESIA,32220800,0,32220800,1.03
30-Jun-2026,RAFI,SARI KREASI BOGA Tbk,AGUSTIN WIDYAWATI,Individual,L,INDONESIAN,INDONESIA,154014600,0,154014600,4.92
30-Jun-2026,RAJA,RUKUN RAHARJA Tbk,PT SENTOSA BERSAMA MITRA,Corporate,L,,INDONESIA,1510412504,0,1510412504,35.73
30-Jun-2026,RAJA,RUKUN RAHARJA Tbk,PT ZEZE AJUWEL TAMBANG,Corporate,L,,INDONESIA,59040400,0,59040400,1.4
30-Jun-2026,RAJA,RUKUN RAHARJA Tbk,PT TIRTA ORISA YASA,Corporate,L,,INDONESIA,523174000,0,523174000,12.38
30-Jun-2026,RAJA,RUKUN RAHARJA Tbk,HAPSORO,Individual,L,INDONESIAN,INDONESIA,1163236100,0,1163236100,27.52
30-Jun-2026,RAJA,RUKUN RAHARJA Tbk,NG DOBIAS ISKANDAR,Individual,L,INDONESIAN,INDONESIA,44571900,0,44571900,1.05
30-Jun-2026,RALS,RAMAYANA LESTARI SENTOSA Tbk,PT RAMAYANA MAKMURSENTOSA,Corporate,L,,INDONESIA,203513800,3965000000,4168513800,58.74
30-Jun-2026,RALS,RAMAYANA LESTARI SENTOSA Tbk,PT. RAMAYANA LESTARI SENTOSA TBK,Corporate,L,,INDONESIA,961222700,0,961222700,13.55
30-Jun-2026,RALS,RAMAYANA LESTARI SENTOSA Tbk,JAKARTA INTILAND PT,Corporate,L,,INDONESIA,156159200,0,156159200,2.2
30-Jun-2026,RALS,RAMAYANA LESTARI SENTOSA Tbk,DRS LO KHENG HONG,Individual,L,INDONESIAN,INDONESIA,208397400,0,208397400,2.94
30-Jun-2026,RALS,RAMAYANA LESTARI SENTOSA Tbk,MERCER QIF FUND PLC,Mutual Funds,F,,IRELAND,71983200,0,71983200,1.01
30-Jun-2026,RALS,RAMAYANA LESTARI SENTOSA Tbk,NT TST CO S/A EDGBASTON ASIAN EQUITY (JERSEY) TRUST,Investment Advisors,F,,JERSEY,80937700,0,80937700,1.14
30-Jun-2026,RALS,RAMAYANA LESTARI SENTOSA Tbk,PAULUS TUMEWU,,,,,0,260000000,260000000,3.66
30-Jun-2026,RANC,SUPRA BOGA LESTARI Tbk,PT PRIMA RASA INTI,Firm,L,,INDONESIA,90051343,0,90051343,5.76
30-Jun-2026,RANC,SUPRA BOGA LESTARI Tbk,PT EKAPUTRI MANDIRI,Corporate,L,,INDONESIA,36368112,0,36368112,2.32
30-Jun-2026,RANC,SUPRA BOGA LESTARI Tbk,PT GLOBAL DIGITAL NIAGA TBK,Corporate,L,,INDONESIA,1103853228,0,1103853228,70.56
30-Jun-2026,RANC,SUPRA BOGA LESTARI Tbk,PT GUNAPRIMA KARYAPERKASA,Corporate,L,,INDONESIA,72730690,0,72730690,4.65
30-Jun-2026,RANC,SUPRA BOGA LESTARI Tbk,PT WIJAYA SUMBER SEJAHTERA,Corporate,L,,INDONESIA,185113597,0,185113597,11.83
30-Jun-2026,RANC,SUPRA BOGA LESTARI Tbk,KENTJANA WIDJAJA,Individual,L,INDONESIAN,INDONESIA,19901400,0,19901400,1.27
30-Jun-2026,RATU,RAHARJA ENERGI CEPU Tbk,PT PETRINDO JAYA KREASI TBK,Corporate,L,,INDONESIA,44344900,0,44344900,1.63
30-Jun-2026,RATU,RAHARJA ENERGI CEPU Tbk,CHANDRA DAYA INVESTASI,Corporate,L,,INDONESIA,135481100,0,135481100,4.99
30-Jun-2026,RATU,RAHARJA ENERGI CEPU Tbk,PT RUKUN RAHARJA TBK,Corporate,L,,INDONESIA,1864621000,0,1864621000,68.68
30-Jun-2026,RATU,RAHARJA ENERGI CEPU Tbk,PT. PETROSEA TBK,Corporate,L,,INDONESIA,37052400,0,37052400,1.36
30-Jun-2026,RATU,RAHARJA ENERGI CEPU Tbk,MORGAN STANLEY AND CO INTERNATIONAL PLC,Corporate,F,,UNITED KINGDOM,36924893,0,36924893,1.36
30-Jun-2026,RBMS,RISTIA BINTANG MAHKOTASEJATI Tbk,PT. RISTIA BMS CAPITAL,Corporate,L,,INDONESIA,130089963,0,130089963,4.9
30-Jun-2026,RBMS,RISTIA BINTANG MAHKOTASEJATI Tbk,PT ARTHA ERA PRIMAYASA,Corporate,L,,INDONESIA,29224086,0,29224086,1.1
30-Jun-2026,RBMS,RISTIA BINTANG MAHKOTASEJATI Tbk,SIAUW YUNUS SUBANDI,Individual,L,INDONESIAN,INDONESIA,44172825,0,44172825,1.66
30-Jun-2026,RBMS,RISTIA BINTANG MAHKOTASEJATI Tbk,AGUS PRAYITNO,Individual,L,INDONESIAN,INDONESIA,29444700,0,29444700,1.11
30-Jun-2026,RBMS,RISTIA BINTANG MAHKOTASEJATI Tbk,RICHARD R WIRIARAHARDJA,Individual,L,INDONESIAN,,1378060918,0,1378060918,51.88
30-Jun-2026,RBMS,RISTIA BINTANG MAHKOTASEJATI Tbk,PERUSAHAAN PERSEROAN (PERSERO) PT ASABRI,State Owned Enterprises,L,,INDONESIA,123896700,0,123896700,4.66
30-Jun-2026,RBMS,RISTIA BINTANG MAHKOTASEJATI Tbk,REKSA DANA MINNA PADI INDRAPRASTHA SHM SYARIAH,Mutual Funds,L,,INDONESIA,127977200,0,127977200,4.82
30-Jun-2026,RCCC,UTAMA RADAR CAHAYA Tbk,PT. GELORA RIMBA JAYA,Corporate,L,,INDONESIA,613620000,0,613620000,77.92
30-Jun-2026,RCCC,UTAMA RADAR CAHAYA Tbk,DIAN PRIYADI,Individual,L,INDONESIAN,INDONESIA,8078620,0,8078620,1.03
30-Jun-2026,RCCC,UTAMA RADAR CAHAYA Tbk,RUDY HARTONO,Individual,L,INDONESIAN,INDONESIA,10415095,0,10415095,1.32
30-Jun-2026,RCCC,UTAMA RADAR CAHAYA Tbk,YUKKY HARRY WIBOWO,Individual,L,INDONESIAN,INDONESIA,12219005,0,12219005,1.55
30-Jun-2026,RCCC,UTAMA RADAR CAHAYA Tbk,DEDI JUSUF,Individual,L,INDONESIAN,INDONESIA,12542525,0,12542525,1.59
30-Jun-2026,RCCC,UTAMA RADAR CAHAYA Tbk,DAVID CHRISTIAN WAHYUDI SILAS,Individual,L,INDONESIAN,INDONESIA,16620320,0,16620320,2.11
30-Jun-2026,RCCC,UTAMA RADAR CAHAYA Tbk,DANIEL ADI PRATIKTO,Individual,L,INDONESIAN,INDONESIA,16258825,0,16258825,2.06
30-Jun-2026,RCCC,UTAMA RADAR CAHAYA Tbk,ADHITYA CHANDRA WIJAYA,Individual,L,INDONESIAN,INDONESIA,16380000,0,16380000,2.08
30-Jun-2026,RDTX,RODA VIVATEX Tbk,TURNIADY WIDJAJA,Individual,L,INDONESIAN,INDONESIA,50444800,0,50444800,18.77
30-Jun-2026,RDTX,RODA VIVATEX Tbk,HERRIJANTO WIDJAJA,Individual,L,INDONESIAN,INDONESIA,7334500,0,7334500,2.73
30-Jun-2026,RDTX,RODA VIVATEX Tbk,GUNAWAN WIDJAYA,Individual,L,INDONESIAN,INDONESIA,6099000,0,6099000,2.27
30-Jun-2026,RDTX,RODA VIVATEX Tbk,SUTIADI WIDJAJA,Individual,L,INDONESIAN,INDONESIA,114259300,0,114259300,42.51
30-Jun-2026,RDTX,RODA VIVATEX Tbk,WIRIADY WIDJAJA,Individual,L,INDONESIAN,INDONESIA,22659900,0,22659900,8.43
30-Jun-2026,RDTX,RODA VIVATEX Tbk,ANTHONNY WIDJAJA,Individual,L,INDONESIAN,INDONESIA,6061800,0,6061800,2.26
30-Jun-2026,RDTX,RODA VIVATEX Tbk,HENDRY JONATHAN WIDJAJA,Individual,L,INDONESIAN,INDONESIA,6180400,0,6180400,2.3
30-Jun-2026,RDTX,RODA VIVATEX Tbk,TENG GOAT NIO,Individual,L,INDONESIAN,INDONESIA,13399000,0,13399000,4.98
30-Jun-2026,RDTX,RODA VIVATEX Tbk,LANIWATI WIDJAJA,Individual,L,INDONESIAN,INDONESIA,3624300,0,3624300,1.35
30-Jun-2026,RDTX,RODA VIVATEX Tbk,LINDAWATI WIDJAJA,Individual,L,INDONESIAN,INDONESIA,3426600,0,3426600,1.27
30-Jun-2026,RDTX,RODA VIVATEX Tbk,KARTA WIDJAJA,Individual,L,INDONESIAN,INDONESIA,17182200,0,17182200,6.39
30-Jun-2026,RDTX,RODA VIVATEX Tbk,YUNIASARI,Individual,L,INDONESIAN,INDIA,12945800,0,12945800,4.82
30-Jun-2026,REAL,REPOWER ASIA INDONESIA Tbk,PT HARMONI HARUM PROPERTINDO,Corporate,L,,INDONESIA,1049660000,0,1049660000,15.82
30-Jun-2026,REAL,REPOWER ASIA INDONESIA Tbk,PT ENAM BERLIAN SINERGI,Corporate,L,,,0,3099480000,3099480000,46.72
30-Jun-2026,REAL,REPOWER ASIA INDONESIA Tbk,MOCHAMAD ROMI OKTABIRAWA.H,Individual,L,INDONESIAN,INDONESIA,70922600,0,70922600,1.07
30-Jun-2026,RELF,GRAHA MITRA ASIA Tbk,PT. RELIFE PROPERTY,Corporate,L,,INDONESIA,1113600000,0,1113600000,19.44
30-Jun-2026,RELF,GRAHA MITRA ASIA Tbk,PT. Asia Intrainvesta,Corporate,L,,INDONESIA,990600000,0,990600000,17.29
30-Jun-2026,RELF,GRAHA MITRA ASIA Tbk,PT Andromeda Bima Berjaya,Corporate,L,,INDONESIA,193274400,0,193274400,3.37
30-Jun-2026,RELF,GRAHA MITRA ASIA Tbk,PT. RELIFE REALTY INDONESIA,Corporate,L,,INDONESIA,540000000,0,540000000,9.43
30-Jun-2026,RELF,GRAHA MITRA ASIA Tbk,PT PATRALAND MULIA JAYA,Corporate,L,,INDONESIA,540000000,0,540000000,9.43
30-Jun-2026,RELF,GRAHA MITRA ASIA Tbk,PT NUSA PERKASA INTERNATIONAL,Corporate,L,,INDONESIA,603360000,0,603360000,10.53
30-Jun-2026,RELF,GRAHA MITRA ASIA Tbk,GHOFAR ROZAQ NAZILA,Individual,L,INDONESIAN,INDONESIA,617120000,0,617120000,10.77
30-Jun-2026,RELI,RELIANCE SEKURITAS INDONESIA Tbk,PRIMA INTI MEDIKA. PT,Corporate,L,,INDONESIA,30000000,0,30000000,1.67
30-Jun-2026,RELI,RELIANCE SEKURITAS INDONESIA Tbk,"RELIANCE CAPITAL MANAGEMENT,  PT",Corporate,L,,INDONESIA,1541616135,0,1541616135,85.65
30-Jun-2026,RELI,RELIANCE SEKURITAS INDONESIA Tbk,"BCORP INVESTAMA INDONESIA, PT",Corporate,L,,INDONESIA,22277800,0,22277800,1.24
30-Jun-2026,RELI,RELIANCE SEKURITAS INDONESIA Tbk,ASIA KAPITAL PROPERTI PT,Corporate,L,,INDONESIA,25766210,0,25766210,1.43
30-Jun-2026,RELI,RELIANCE SEKURITAS INDONESIA Tbk,ANDI GUNAWAN ONG,Individual,L,INDONESIAN,INDONESIA,56891300,0,56891300,3.16
30-Jun-2026,RELI,RELIANCE SEKURITAS INDONESIA Tbk,"PT RELIANCE SEKURITAS INDONESIA, TBK",Securities Company,L,,INDONESIA,72195600,0,72195600,4.01
30-Jun-2026,RGAS,KIAN SANTANG MULIATAMA Tbk,PT LIMA PALING UTAMA,Corporate,L,,INDONESIA,17510000,0,17510000,1.2
30-Jun-2026,RGAS,KIAN SANTANG MULIATAMA Tbk,"PLATINUM BERKAH ABADI, PT",Corporate,L,,INDONESIA,140625000,0,140625000,9.64
30-Jun-2026,RGAS,KIAN SANTANG MULIATAMA Tbk,"KIAN MEGAH INVESTAMA, PT",Corporate,L,,INDONESIA,140625000,0,140625000,9.64
30-Jun-2026,RGAS,KIAN SANTANG MULIATAMA Tbk,"Anton Pripambudi, Ir.msc",Individual,L,INDONESIAN,INDONESIA,20130000,0,20130000,1.38
30-Jun-2026,RGAS,KIAN SANTANG MULIATAMA Tbk,EDY NURHAMID AMIN,Individual,L,INDONESIAN,INDONESIA,0,210937500,210937500,14.46
30-Jun-2026,RGAS,KIAN SANTANG MULIATAMA Tbk,TAUFIK DWICAHYONO,Individual,L,INDONESIAN,INDONESIA,0,210937500,210937500,14.46
30-Jun-2026,RGAS,KIAN SANTANG MULIATAMA Tbk,AGUS SALIM,Individual,L,INDONESIAN,INDONESIAN,0,253125000,253125000,17.35
30-Jun-2026,RGAS,KIAN SANTANG MULIATAMA Tbk,FADJAR TRI ANANDA,Individual,L,INDONESIAN,INDONESIA,0,168750000,168750000,11.56
30-Jun-2026,RGAS,KIAN SANTANG MULIATAMA Tbk,MERISSA,Individual,L,INDONESIAN,INDONESIA,14944500,0,14944500,1.02
30-Jun-2026,RICY,RICKY PUTRA GLOBALINDO Tbk,UBS AG SINGAPORE BRANCH,Private Bank,F,,SINGAPORE,19622000,0,19622000,3.06
30-Jun-2026,RICY,RICKY PUTRA GLOBALINDO Tbk,HERLINA TJHANG,Individual,L,INDONESIAN,,31046000,0,31046000,4.84
30-Jun-2026,RICY,RICKY PUTRA GLOBALINDO Tbk,ANDY TANUJAYA,Individual,L,INDONESIAN,INDONESIA,15208400,0,15208400,2.37
30-Jun-2026,RICY,RICKY PUTRA GLOBALINDO Tbk,WINSTON KARIM,Individual,L,INDONESIAN,INDONESIA,10890900,0,10890900,1.7
30-Jun-2026,RICY,RICKY PUTRA GLOBALINDO Tbk,Hoenijati Tarjono,Individual,L,INDONESIAN,,30000000,0,30000000,4.67
30-Jun-2026,RICY,RICKY PUTRA GLOBALINDO Tbk,IR.PHILIPUS AGUS JUWONO,Individual,L,INDONESIAN,INDONESIA,7139300,0,7139300,1.11
30-Jun-2026,RICY,RICKY PUTRA GLOBALINDO Tbk,RICHARD SAJINO,Individual,L,INDONESIAN,INDONESIAN,0,12500000,12500000,1.95
30-Jun-2026,RICY,RICKY PUTRA GLOBALINDO Tbk,ARDELLINE LOVERITT E,Individual,L,INDONESIAN,INDONESIA,8337400,0,8337400,1.3
30-Jun-2026,RICY,RICKY PUTRA GLOBALINDO Tbk,GOH POH HENG,Individual,F,SINGAPOREAN,SINGAPORE,30114500,0,30114500,4.69
30-Jun-2026,RICY,RICKY PUTRA GLOBALINDO Tbk,DENZIN INTERNATIONAL LIMITED,,,,,0,84095500,84095500,13.1
30-Jun-2026,RICY,RICKY PUTRA GLOBALINDO Tbk,EFFENDI GOZALI,,,,,0,19250000,19250000,3.0
30-Jun-2026,RICY,RICKY PUTRA GLOBALINDO Tbk,RICKY UTAMA RAYA,,,,,0,99192100,99192100,15.46
30-Jun-2026,RICY,RICKY PUTRA GLOBALINDO Tbk,SPANOLA HOLDINGS LTD.,,,,,0,125000000,125000000,19.48
30-Jun-2026,RIGS,RIG TENDERS INDONESIA Tbk,PT. SURYA INDAH MUARA PANTAI,Corporate,L,,INDONESIA,490597030,0,490597030,80.54
30-Jun-2026,RIGS,RIG TENDERS INDONESIA Tbk,GLAS TRUST (S) LTD.,Trustee Bank,F,,SINGAPORE,8904600,0,8904600,1.46
30-Jun-2026,RIGS,RIG TENDERS INDONESIA Tbk,KARTIKA HADI,Individual,L,INDONESIAN,INDONESIA,8458500,0,8458500,1.39
30-Jun-2026,RIGS,RIG TENDERS INDONESIA Tbk,LIM IK NEN,Individual,L,INDONESIAN,INDONESIA,8469000,0,8469000,1.39
30-Jun-2026,RIGS,RIG TENDERS INDONESIA Tbk,RUDY SUSANTO,Individual,L,INDONESIAN,INDONESIA,6959100,0,6959100,1.14
30-Jun-2026,RIGS,RIG TENDERS INDONESIA Tbk,DBS VICKERS SECS SINGAPORE (PTE) LTD A/C CLIENTS,Securities Company,F,,SINGAPORE,9105300,0,9105300,1.49
30-Jun-2026,RIGS,RIG TENDERS INDONESIA Tbk,OCBC SECURITIES PRIVATE LIMITED,Securities Company,F,,SINGAPORE,11413000,0,11413000,1.87
30-Jun-2026,RIMO,RIMO INTERNATIONAL LESTARI Tbk,PT. VICTORIA INVESTAMA Tbk,Brokerage Firms,L,,INDONESIA,541523357,0,541523357,1.2
30-Jun-2026,RIMO,RIMO INTERNATIONAL LESTARI Tbk,PT GASA PERDANA CIPTADAYA,Corporate,L,,INDONESIA,1395860700,0,1395860700,3.1
30-Jun-2026,RIMO,RIMO INTERNATIONAL LESTARI Tbk,PT WAHANA BERSAMA NUSANTARA,Corporate,L,,INDONESIA,864221800,0,864221800,1.92
30-Jun-2026,RIMO,RIMO INTERNATIONAL LESTARI Tbk,PT SINAR MAS MULTIARTHA Tbk,Corporate,L,,INDONESIA,2200000000,0,2200000000,4.88
30-Jun-2026,RIMO,RIMO INTERNATIONAL LESTARI Tbk,RETAIL DEVELOPMENT GROUP LIMITED,Firm,F,,CAYMAN ISLANDS,2251480000,0,2251480000,4.99
30-Jun-2026,RIMO,RIMO INTERNATIONAL LESTARI Tbk,UBS SWITZERLAND AG,Trustee Bank,F,,SWITZERLAND,4769888939,0,4769888939,10.58
30-Jun-2026,RIMO,RIMO INTERNATIONAL LESTARI Tbk,ARIEF EFFENDI,Individual,L,INDONESIAN,SINGAPORE,495851900,0,495851900,1.1
30-Jun-2026,RIMO,RIMO INTERNATIONAL LESTARI Tbk,"CAPITAL LIFE SYARIAH, PT",Insurance,L,,INDONESIA,1560635600,0,1560635600,3.46
30-Jun-2026,RIMO,RIMO INTERNATIONAL LESTARI Tbk,PERUSAHAAN PERSEROAN (PERSERO) PT ASABRI,State Owned Enterprises,L,,INDONESIA,3784665833,0,3784665833,8.4
30-Jun-2026,RIMO,RIMO INTERNATIONAL LESTARI Tbk,REKSA DANA PACIFIC EQUITY FUND,Mutual Funds,L,,INDONESIA,619061200,0,619061200,1.37
30-Jun-2026,RIMO,RIMO INTERNATIONAL LESTARI Tbk,Reksa Dana Pan Arcadia Dana Saham Bertumbuh,Exchange Traded Funds,L,,INDONESIA,610982000,0,610982000,1.36
30-Jun-2026,RIMO,RIMO INTERNATIONAL LESTARI Tbk,REKSA DANA SYARIAH EMCO SAHAM SYARIAH BAROKAH,Mutual Funds,L,,INDONESIA,462347200,0,462347200,1.03
30-Jun-2026,RIMO,RIMO INTERNATIONAL LESTARI Tbk,REKSA DANA CAPITAL EQUITY FUND,Mutual Funds,L,,INDONESIA,869050600,0,869050600,1.93
30-Jun-2026,RIMO,RIMO INTERNATIONAL LESTARI Tbk,REKSA DANA POOL ADVISTA KAPITAL OPTIMAL,Mutual Funds,L,,INDONESIA,772010000,0,772010000,1.71
30-Jun-2026,RIMO,RIMO INTERNATIONAL LESTARI Tbk,REKSA DANA EMCO MANTAP,Mutual Funds,L,,INDONESIA,1189826500,0,1189826500,2.64
30-Jun-2026,RIMO,RIMO INTERNATIONAL LESTARI Tbk,REKSA DANA EMCO GROWTH FUND,Mutual Funds,L,,INDONESIA,613157800,0,613157800,1.36
30-Jun-2026,RIMO,RIMO INTERNATIONAL LESTARI Tbk,JAKSA AGUNG MUDA BIDANG TINDAK PIDANA KHUSUS KEJAKSAAN REPUBLIK INDONESIA KEJAKSAAN REPUBLIK INDONESIA,Government,L,,INDONESIA,8194842171,0,8194842171,18.18
30-Jun-2026,RIMO,RIMO INTERNATIONAL LESTARI Tbk,YUDI DAUNAWATI,,,,,0,613861386,613861386,1.36
30-Jun-2026,RIMO,RIMO INTERNATIONAL LESTARI Tbk,PT Yuanta Sekuritas Indonesia,Securities Company,L,,INDONESIA,745914350,0,745914350,1.65
30-Jun-2026,RISE,JAYA SUKSES MAKMUR SENTOSA Tbk,"BERKAT NIRWANA SENTOSA, PT",Corporate,L,,INDONESIA,387094000,0,387094000,2.39
30-Jun-2026,RISE,JAYA SUKSES MAKMUR SENTOSA Tbk,PT RODECO ANUGRAH BUANA,Corporate,L,,INDONESIA,423290600,0,423290600,2.61
30-Jun-2026,RISE,JAYA SUKSES MAKMUR SENTOSA Tbk,"TIARA DAMAI SAMUDRA, PT",Corporate,L,,INDONESIA,657860000,0,657860000,4.06
30-Jun-2026,RISE,JAYA SUKSES MAKMUR SENTOSA Tbk,PT TANCORP GLOBAL SENTOSA,Corporate,L,,INDONESIA,508084000,12498585200,13006669200,80.3
30-Jun-2026,RISE,JAYA SUKSES MAKMUR SENTOSA Tbk,PT PRIMA SARANA ABADI,Corporate,L,,INDONESIA,215000000,0,215000000,1.33
30-Jun-2026,RISE,JAYA SUKSES MAKMUR SENTOSA Tbk,PT NOVA INVESTAMA MANDIRI,Corporate,L,,INDONESIA,340595200,0,340595200,2.1
30-Jun-2026,RISE,JAYA SUKSES MAKMUR SENTOSA Tbk,UOB KAY HIAN PTE LTD,Securities Company,F,,SINGAPORE,382650000,0,382650000,2.36
30-Jun-2026,RLCO,ABADI LESTARI INDONESIA Tbk,CAKRA WIJAYA KAPITAL PT,Corporate,L,,INDONESIA,84534000,0,84534000,2.71
30-Jun-2026,RLCO,ABADI LESTARI INDONESIA Tbk,DHANA PRATAMA INVESTAMA PT,Corporate,L,,INDONESIA,62474600,0,62474600,2.0
30-Jun-2026,RLCO,ABADI LESTARI INDONESIA Tbk,REALCO OMEGA INVESTAMA PT,Corporate,L,,INDONESIA,2425000000,0,2425000000,77.6
30-Jun-2026,RLCO,ABADI LESTARI INDONESIA Tbk,EDWIN PRANATA,Individual,L,INDONESIAN,INDONESIA,72500000,0,72500000,2.32
30-Jun-2026,RLCO,ABADI LESTARI INDONESIA Tbk,INDO ALAM RESOURCES PTE. LTD,Partnership,F,,SINGAPORE,124213900,0,124213900,3.97
30-Jun-2026,RLCO,ABADI LESTARI INDONESIA Tbk,PT SAMUEL SEKURITAS INDONESIA,Securities Company,L,,INDONESIA,185743300,0,185743300,5.94
30-Jun-2026,RMKE,RMK ENERGY Tbk,PT CIPTA INVESTA INDONESIA,Corporate,L,,INDONESIA,183141200,0,183141200,4.19
30-Jun-2026,RMKE,RMK ENERGY Tbk,PT. ALPHA INVESTASI ASIA,Corporate,L,,INDONESIA,194336000,0,194336000,4.44
30-Jun-2026,RMKE,RMK ENERGY Tbk,PT MITRA INVESTASI GEMILANG,Corporate,L,,INDONESIA,183597100,0,183597100,4.2
30-Jun-2026,RMKE,RMK ENERGY Tbk,PT ASA KAPITAL SEJAHTERA,Corporate,L,,INDONESIA,204647600,0,204647600,4.68
30-Jun-2026,RMKE,RMK ENERGY Tbk,PT RMK INVESTAMA,Corporate,L,,INDONESIA,2132693000,352307000,2485000000,56.8
30-Jun-2026,RMKE,RMK ENERGY Tbk,PT WAHANA INVESTASI INDONESIA,Corporate,L,,INDONESIA,49591900,0,49591900,1.13
30-Jun-2026,RMKE,RMK ENERGY Tbk,BINA BUANA KAPITAL PT,Corporate,L,,INDONESIA,189960000,0,189960000,4.34
30-Jun-2026,RMKE,RMK ENERGY Tbk,TONY SAPUTRA,Individual,L,INDONESIAN,INDONESIA,0,70000000,70000000,1.6
30-Jun-2026,RMKO,ROYALTAMA MULIA KONTRAKTORINDO Tbk,PT. BERLIAN TAMBANG INDONESIA,Corporate,L,,INDONESIA,17837800,0,17837800,1.43
30-Jun-2026,RMKO,ROYALTAMA MULIA KONTRAKTORINDO Tbk,PT RMK INVESTAMA,Corporate,L,,INDONESIA,156250000,687480000,843730000,67.5
30-Jun-2026,ROCK,ROCKFIELDS PROPERTI INDONESIA Tbk,PT SURYA MASINDO,Corporate,L,,INDONESIA,52384000,0,52384000,3.65
30-Jun-2026,ROCK,ROCKFIELDS PROPERTI INDONESIA Tbk,PT POLLUX HOTELS GROUP TBK,Corporate,L,,INDONESIA,373148100,0,373148100,26.0
30-Jun-2026,ROCK,ROCKFIELDS PROPERTI INDONESIA Tbk,PT GRAHA METTA ARYA,Corporate,L,,INDONESIA,55254000,0,55254000,3.85
30-Jun-2026,ROCK,ROCKFIELDS PROPERTI INDONESIA Tbk,LGT BANK AG,Private Bank,F,,LIECHTENSTEIN,62417000,0,62417000,4.35
30-Jun-2026,ROCK,ROCKFIELDS PROPERTI INDONESIA Tbk,BANK JULIUS BAER & CO. LTD,Private Bank,F,,SINGAPORE,60277000,0,60277000,4.2
30-Jun-2026,ROCK,ROCKFIELDS PROPERTI INDONESIA Tbk,LUCIANA,Individual,L,INDONESIAN,INDONESIA,387500000,0,387500000,27.0
30-Jun-2026,ROCK,ROCKFIELDS PROPERTI INDONESIA Tbk,PO SUN KOK,Individual,L,INDONESIAN,INDONESIA,387499998,0,387499998,27.0
30-Jun-2026,RODA,PIKKO LAND DEVELOPMENT Tbk,KINGSWOOD UNION CORPORATION,Private Equity,F,,SINGAPORE,678901100,0,678901100,4.99
30-Jun-2026,RODA,PIKKO LAND DEVELOPMENT Tbk,Stephanus Abrian Natan,Individual,L,INDONESIAN,INDONESIA,160973700,0,160973700,1.18
30-Jun-2026,RODA,PIKKO LAND DEVELOPMENT Tbk,"GAN, LEONITA",Individual,L,INDONESIAN,,402429200,0,402429200,2.96
30-Jun-2026,RODA,PIKKO LAND DEVELOPMENT Tbk,SICILIA ALEXANDER S,Individual,L,INDONESIAN,INDONESIA,875852600,0,875852600,6.44
30-Jun-2026,RODA,PIKKO LAND DEVELOPMENT Tbk,WIRAWAN CHONDRO,Individual,L,INDONESIAN,INDONESIA,753034900,0,753034900,5.54
30-Jun-2026,RODA,PIKKO LAND DEVELOPMENT Tbk,NIO YANTONY,Individual,L,INDONESIAN,INDONESIA,3603968900,0,3603968900,26.52
30-Jun-2026,RODA,PIKKO LAND DEVELOPMENT Tbk,GINAWAN CHONDRO,Individual,L,INDONESIAN,INDONESIA,1438993800,0,1438993800,10.59
30-Jun-2026,RODA,PIKKO LAND DEVELOPMENT Tbk,LISNAWATI CHONDRO,Individual,L,INDONESIAN,,223168900,0,223168900,1.64
30-Jun-2026,RODA,PIKKO LAND DEVELOPMENT Tbk,KWAN SIOE MOEI,Individual,L,INDONESIAN,,3595930500,0,3595930500,26.46
30-Jun-2026,RODA,PIKKO LAND DEVELOPMENT Tbk,HSBC RBWM CAROLINE DEWI,Individual,L,INDONESIAN,,884242500,0,884242500,6.51
30-Jun-2026,RONY,ARACORD NUSANTARA GROUP Tbk,HONOUR ACCORD LIMITED,Corporate,F,,HONG KONG,1000001600,0,1000001600,80.0
30-Jun-2026,RONY,ARACORD NUSANTARA GROUP Tbk,GUANG CHEN,Individual,F,CHINESE,CHINA,55625000,0,55625000,4.45
30-Jun-2026,RONY,ARACORD NUSANTARA GROUP Tbk,LUTING QIU,Individual,F,CHINESE,CHINA,60625000,0,60625000,4.85
30-Jun-2026,RONY,ARACORD NUSANTARA GROUP Tbk,WANTING HUANG,Individual,F,CHINESE,CHINA,59057300,0,59057300,4.72
30-Jun-2026,RONY,ARACORD NUSANTARA GROUP Tbk,SHUAI HU,Individual,F,CHINESE,CHINA,40625000,0,40625000,3.25
30-Jun-2026,ROTI,NIPPON INDOSARI CORPINDO Tbk,"NIPPON INDOSARI CORPINDO TBK, PT.",Corporate,L,,INDONESIA,564213400,0,564213400,9.12
30-Jun-2026,ROTI,NIPPON INDOSARI CORPINDO Tbk,PT. INDORITEL MAKMUR INTERNASIONAL TBK,Corporate,L,,INDONESIA,1594467000,0,1594467000,25.77
30-Jun-2026,ROTI,NIPPON INDOSARI CORPINDO Tbk,PASCO SHIKISHIMA CORPORATION,Corporate,F,,,0,525864777,525864777,8.5
30-Jun-2026,ROTI,NIPPON INDOSARI CORPINDO Tbk,BONLIGHT INVESTMENTS LIMITED,Corporate,F,,"VIRGIN ISLANDS, BRITISH",1285984899,0,1285984899,20.79
30-Jun-2026,ROTI,NIPPON INDOSARI CORPINDO Tbk,LIEF HOLDINGS PTE LTD,Corporate,F,,SINGAPORE,375033700,0,375033700,6.06
30-Jun-2026,ROTI,NIPPON INDOSARI CORPINDO Tbk,DEMETER INDO INVESTMENT PTE LTD,Private Equity,F,,SINGAPORE,1370798546,0,1370798546,22.16
30-Jun-2026,ROTI,NIPPON INDOSARI CORPINDO Tbk,ALBIZIA ASEAN OPPORTUNITIES FUND,Mutual Funds,F,,CAYMAN ISLANDS,72265411,0,72265411,1.17
30-Jun-2026,ROTI,NIPPON INDOSARI CORPINDO Tbk,BP2S SG/BNP PARIBAS SINGAPORE BRANCH WEALTH MANAGEMENT,Private Bank,F,,SINGAPORE,66855800,0,66855800,1.08
30-Jun-2026,ROTI,NIPPON INDOSARI CORPINDO Tbk,PT. BCA SEKURITAS,Securities Company,L,,INDONESIA,90000000,0,90000000,1.45
30-Jun-2026,RSCH,CHARLIE HOSPITAL SEMARANG Tbk,PT KONSULTAMA SUKSES INDONESIA,Corporate,L,,INDONESIA,67331100,0,67331100,2.54
30-Jun-2026,RSCH,CHARLIE HOSPITAL SEMARANG Tbk,PT INVESTASI HARMONI SEJAHTERA,Private Equity,L,,INDONESIA,68336500,0,68336500,2.58
30-Jun-2026,RSCH,CHARLIE HOSPITAL SEMARANG Tbk,PT. WAHYU AGUNG,Corporate,L,,INDONESIA,0,2105000000,2105000000,79.43
30-Jun-2026,RSCH,CHARLIE HOSPITAL SEMARANG Tbk,THEO CHANDRA HUTOMO,Individual,L,INDONESIAN,INDONESIA,29022500,0,29022500,1.1
30-Jun-2026,RSCH,CHARLIE HOSPITAL SEMARANG Tbk,BENNY ANDREWIJAYA,Individual,L,INDONESIAN,INDONESIA,27000000,0,27000000,1.02
30-Jun-2026,RSCH,CHARLIE HOSPITAL SEMARANG Tbk,EDIARTI RATNA DJUWITA,Individual,L,INDONESIAN,INDONESIA,28247900,0,28247900,1.07
30-Jun-2026,RSGK,KEDOYA ADYARAYA Tbk,PT. INTIMANUNGGAL MULTI DEVELOPMENT,Corporate,L,,INDONESIA,21800000,0,21800000,2.34
30-Jun-2026,RSGK,KEDOYA ADYARAYA Tbk,PT. BESTAMA MEDIKACENTER INVESTAMA,Corporate,L,,INDONESIA,122055540,0,122055540,13.13
30-Jun-2026,RSGK,KEDOYA ADYARAYA Tbk,SARANA MEDITAMA METROPOLITAN TBK PT,Corporate,L,,INDONESIA,718757454,0,718757454,77.31
30-Jun-2026,RSGK,KEDOYA ADYARAYA Tbk,PT TRIMEGAH SEKURITAS INDONESIA TBK,Securities Company,L,,INDONESIA,14187960,0,14187960,1.53
30-Jun-2026,RUIS,RADIANT UTAMA INTERINSCO Tbk,KARYA MITRA ENERGI. PT,Corporate,L,,INDONESIA,37254600,0,37254600,4.84
30-Jun-2026,RUIS,RADIANT UTAMA INTERINSCO Tbk,CIPTA DUTA ENERGI. PT,Corporate,L,,INDONESIA,38451950,0,38451950,4.99
30-Jun-2026,RUIS,RADIANT UTAMA INTERINSCO Tbk,"MULTIPRATAMA DAYA SOLUSI, PT",Corporate,L,,INDONESIA,33208600,0,33208600,4.31
30-Jun-2026,RUIS,RADIANT UTAMA INTERINSCO Tbk,PT. BUANA INTI SINERGI,Corporate,L,,INDONESIA,24074100,0,24074100,3.13
30-Jun-2026,RUIS,RADIANT UTAMA INTERINSCO Tbk,"Radiant Nusa Investama, PT",Corporate,L,,INDONESIA,110202500,64152000,174354500,22.64
30-Jun-2026,RUIS,RADIANT UTAMA INTERINSCO Tbk,SURADI TAMIN,Individual,L,INDONESIAN,INDONESIA,8777000,0,8777000,1.14
30-Jun-2026,RUIS,RADIANT UTAMA INTERINSCO Tbk,HAIYANTO,Individual,L,INDONESIAN,INDONESIA,184598700,0,184598700,23.97
30-Jun-2026,RUIS,RADIANT UTAMA INTERINSCO Tbk,RACHMAD WIDIANTO DRS,Individual,L,INDONESIAN,INDONESIA,9100000,0,9100000,1.18
30-Jun-2026,RUIS,RADIANT UTAMA INTERINSCO Tbk,OCBC SECURITIES PRIVATE LIMITED,Securities Company,F,,SINGAPORE,106448200,0,106448200,13.82
30-Jun-2026,RUNS,GLOBAL SUKSES SOLUSI Tbk,PT METRA DIGITAL INVESTAMA,Corporate,L,,INDONESIA,0,28197000,28197000,2.87
30-Jun-2026,RUNS,GLOBAL SUKSES SOLUSI Tbk,PT METRA-NET,Corporate,L,,,0,85227275,85227275,8.67
30-Jun-2026,RUNS,GLOBAL SUKSES SOLUSI Tbk,TEMMY WONGSO,Individual,L,INDONESIAN,INDONESIA,29290500,0,29290500,2.98
30-Jun-2026,RUNS,GLOBAL SUKSES SOLUSI Tbk,MUHAMMAD AQFIAN MUNTAHA ADIANTHO,Individual,L,INDONESIAN,INDONESIA,10817900,0,10817900,1.1
30-Jun-2026,RUNS,GLOBAL SUKSES SOLUSI Tbk,SUARDI,Individual,L,INDONESIAN,INDONESIA,11000000,0,11000000,1.12
30-Jun-2026,RUNS,GLOBAL SUKSES SOLUSI Tbk,TAN KIAN GEE,Individual,L,INDONESIAN,INDONESIA,270243575,0,270243575,27.48
30-Jun-2026,RUNS,GLOBAL SUKSES SOLUSI Tbk,EDWIN PRAMANA,Individual,L,INDONESIAN,INDONESIA,10400000,0,10400000,1.06
30-Jun-2026,RUNS,GLOBAL SUKSES SOLUSI Tbk,SONY RACHMADI PURNOMO,Individual,L,INDONESIAN,INDONESIA,46200,285559425,285605625,29.04
30-Jun-2026,RUNS,GLOBAL SUKSES SOLUSI Tbk,DWIE KRISTIANTO,Individual,L,INDONESIAN,INDONESIA,10100000,0,10100000,1.03
30-Jun-2026,RUNS,GLOBAL SUKSES SOLUSI Tbk,SUHARTONO,Individual,L,INDONESIAN,INDONESIA,31400,12500000,12531400,1.27
30-Jun-2026,RUNS,GLOBAL SUKSES SOLUSI Tbk,KB-MDI CENTAURI MASTER FUND PTE LTD,,,,,0,76530600,76530600,7.78
30-Jun-2026,SAFE,STEADY SAFE Tbk,PT ABDI RAHARJA,Firm,L,,INDONESIA,61520900,0,61520900,7.49
30-Jun-2026,SAFE,STEADY SAFE Tbk,"Infiniti Wahana, PT",Private Equity,L,,INDONESIA,457293213,7646000,464939213,56.62
30-Jun-2026,SAFE,STEADY SAFE Tbk,Peter Wijaya,Individual,L,INDONESIAN,INDONESIA,11550000,0,11550000,1.41
30-Jun-2026,SAFE,STEADY SAFE Tbk,BP2S SG/BNP PARIBAS SINGAPORE BRANCH WEALTH MANAGEMENT,Private Bank,F,,SINGAPORE,228542002,0,228542002,27.83
30-Jun-2026,SAFE,STEADY SAFE Tbk,GOLD PEAK INVESTMENTS LTD,,,,,0,9104000,9104000,1.11
30-Jun-2026,SAGE,SAPTAUSAHA GEMILANGINDAH Tbk,PT. BENTENG TERANG SEJAHTERA,Corporate,L,,INDONESIA,349800,5623250000,5623599800,70.0
30-Jun-2026,SAGE,SAPTAUSAHA GEMILANGINDAH Tbk,EDWARD HALIM,Individual,L,INDONESIAN,INDONESIA,775000000,0,775000000,9.65
30-Jun-2026,SAGE,SAPTAUSAHA GEMILANGINDAH Tbk,ROBERT TANJANI,Individual,L,INDONESIAN,INDONESIA,131445700,0,131445700,1.64
30-Jun-2026,SAGE,SAPTAUSAHA GEMILANGINDAH Tbk,REKSA DANA SUCORINVEST EQUITY PRIMA FUND,Mutual Funds,L,,INDONESIA,243750000,0,243750000,3.03
30-Jun-2026,SAGE,SAPTAUSAHA GEMILANGINDAH Tbk,REKSA DANA SUCORINVEST MAXI FUND,Mutual Funds,L,,INDONESIA,181026400,0,181026400,2.25
30-Jun-2026,SAME,SARANA MEDITAMA METROPOLITAN Tbk,"ELANG MAHKOTA TEKNOLOGI TBK, PT",Corporate,L,,INDONESIA,14561304645,0,14561304645,84.83
30-Jun-2026,SAME,SARANA MEDITAMA METROPOLITAN Tbk,PT PAKUWON JATI,Corporate,L,,INDONESIA,706456800,0,706456800,4.12
30-Jun-2026,SAMF,SARASWANTI ANUGERAH MAKMUR Tbk,PT. SURAPON BERKAH MAKMUR,Corporate,L,,INDONESIA,351072700,0,351072700,3.43
30-Jun-2026,SAMF,SARASWANTI ANUGERAH MAKMUR Tbk,PT SARANA SUBUR MAKMUR,Corporate,L,,INDONESIA,400631000,0,400631000,3.91
30-Jun-2026,SAMF,SARASWANTI ANUGERAH MAKMUR Tbk,PT. ANUGERAH BANDA SAGARA,Corporate,L,,INDONESIA,306500400,0,306500400,2.99
30-Jun-2026,SAMF,SARASWANTI ANUGERAH MAKMUR Tbk,PT BIOTEKNIKA PRIMA NUGRAHA,Corporate,L,,INDONESIA,304425000,0,304425000,2.97
30-Jun-2026,SAMF,SARASWANTI ANUGERAH MAKMUR Tbk,PT. SARASWANTI UTAMA,Corporate,L,,INDONESIA,0,7612500000,7612500000,74.27
30-Jun-2026,SAMF,SARASWANTI ANUGERAH MAKMUR Tbk,AGNES MARTAULINA DWI SARASWANTI HALOHO,Individual,L,INDONESIAN,INDONESIA,0,163560000,163560000,1.6
30-Jun-2026,SAMF,SARASWANTI ANUGERAH MAKMUR Tbk,ANDREAS ADHI HARSANTO,Individual,L,INDONESIAN,INDONESIA,0,134850000,134850000,1.32
30-Jun-2026,SAMF,SARASWANTI ANUGERAH MAKMUR Tbk,NOEGROHO HARIHARDONO,Individual,L,INDONESIAN,INDONESIA,0,508950000,508950000,4.97
30-Jun-2026,SAMF,SARASWANTI ANUGERAH MAKMUR Tbk,YAHYA TAUFIK,Individual,L,INDONESIAN,INDONESIA,0,280140000,280140000,2.73
30-Jun-2026,SAPX,SATRIA ANTARAN PRIMA Tbk,PT SATRIA INVESTAMA PERDANA,Corporate,L,,INDONESIA,388000000,0,388000000,46.56
30-Jun-2026,SAPX,SATRIA ANTARAN PRIMA Tbk,GD EXPRESS CARRIER BHD,Corporate,F,,MALAYSIA,137500000,0,137500000,16.5
30-Jun-2026,SAPX,SATRIA ANTARAN PRIMA Tbk,GD VALUEGUARD SDN BHD,Corporate,F,,MALAYSIA,83333300,0,83333300,10.0
30-Jun-2026,SAPX,SATRIA ANTARAN PRIMA Tbk,GDEX SEA SDN BHD,Corporate,F,,MALAYSIA,150000000,0,150000000,18.0
30-Jun-2026,SAPX,SATRIA ANTARAN PRIMA Tbk,RHB INVESTMENT BANK BERHAD,Bank,F,,MALAYSIA,28591600,0,28591600,3.43
30-Jun-2026,SATU,KOTA SATU PROPERTI Tbk,YENI MARIA,Individual,L,INDONESIAN,INDONESIA,33975300,0,33975300,2.47
30-Jun-2026,SATU,KOTA SATU PROPERTI Tbk,GOUW TEDJA KURNIAWAN,Individual,L,INDONESIAN,INDONESIA,49387500,0,49387500,3.59
30-Jun-2026,SATU,KOTA SATU PROPERTI Tbk,FELIANTRY SUGIYO,Individual,L,INDONESIAN,INDONESIA,30370700,0,30370700,2.21
30-Jun-2026,SATU,KOTA SATU PROPERTI Tbk,ELIZABETH SANTOSA,Individual,L,INDONESIAN,INDONESIA,22023700,0,22023700,1.6
30-Jun-2026,SATU,KOTA SATU PROPERTI Tbk,ANTON STEFIAN DWI KRISTANTO,Individual,L,INDONESIAN,INDONESIA,12500000,125000000,137500000,10.0
30-Jun-2026,SATU,KOTA SATU PROPERTI Tbk,STEFANI FARIDA,Individual,L,INDONESIAN,INDONESIA,133389600,0,133389600,9.7
30-Jun-2026,SATU,KOTA SATU PROPERTI Tbk,LEO AGUNG VITO WICAKSANA,Individual,L,INDONESIAN,INDONESIA,161048400,0,161048400,11.71
30-Jun-2026,SATU,KOTA SATU PROPERTI Tbk,RADEN YOHANES KRISTIAN HARDIANTO,Individual,L,INDONESIAN,INDONESIA,238502400,0,238502400,17.35
30-Jun-2026,SATU,KOTA SATU PROPERTI Tbk,HENDARMIN AGUNGSETYA PURWANTO,Individual,L,INDONESIAN,INDONESIA,21835400,0,21835400,1.59
30-Jun-2026,SATU,KOTA SATU PROPERTI Tbk,KOTA SATU INDONESIA PT,,,,,0,456250000,456250000,33.18
30-Jun-2026,SBAT,SEJAHTERA BINTANG ABADI TEXTILE Tbk,PT INDUSTRI TELEKOMUNIKASI INDONESIA,Corporate,L,,INDONESIA,665250000,0,665250000,14.0
30-Jun-2026,SBAT,SEJAHTERA BINTANG ABADI TEXTILE Tbk,R7 RIGEL.1 PTE. LTD.,Corporate,F,,SINGAPORE,55982200,0,55982200,1.18
30-Jun-2026,SBAT,SEJAHTERA BINTANG ABADI TEXTILE Tbk,ANTONIO ANDREW IMANUEL,Individual,L,INDONESIAN,INDONESIA,94000000,0,94000000,1.98
30-Jun-2026,SBAT,SEJAHTERA BINTANG ABADI TEXTILE Tbk,JOKO SURANTO,Individual,L,INDONESIAN,INDONESIA,70300000,0,70300000,1.48
30-Jun-2026,SBAT,SEJAHTERA BINTANG ABADI TEXTILE Tbk,GENDA ANANTA RAHMAT,Individual,L,INDONESIAN,INDONESIA,53800000,0,53800000,1.13
30-Jun-2026,SBAT,SEJAHTERA BINTANG ABADI TEXTILE Tbk,GREGORIUS DANIEL NATA,Individual,L,INDONESIAN,INDONESIA,54044600,0,54044600,1.14
30-Jun-2026,SBAT,SEJAHTERA BINTANG ABADI TEXTILE Tbk,HERMAN HALIM,Individual,L,INDONESIAN,INDONESIA,75933700,0,75933700,1.6
30-Jun-2026,SBAT,SEJAHTERA BINTANG ABADI TEXTILE Tbk,AGHNI DHAMAYANTI,Individual,L,INDONESIAN,INDONESIA,90000000,0,90000000,1.89
30-Jun-2026,SBAT,SEJAHTERA BINTANG ABADI TEXTILE Tbk,TAN HENG LOK,Individual,L,INDONESIAN,INDONESIA,485457478,1153454421,1638911899,34.48
30-Jun-2026,SBMA,SURYA BIRU MURNI ACETYLENE Tbk,TIFFANY WEI,Individual,L,INDONESIAN,INDONESIAN,0,65000000,65000000,6.99
30-Jun-2026,SBMA,SURYA BIRU MURNI ACETYLENE Tbk,VERAWATI,Individual,L,INDONESIAN,INDONESIA,46759000,0,46759000,5.03
30-Jun-2026,SBMA,SURYA BIRU MURNI ACETYLENE Tbk,Rini Dwiyanti,Individual,L,INDONESIAN,INDONESIA,25795700,0,25795700,2.77
30-Jun-2026,SBMA,SURYA BIRU MURNI ACETYLENE Tbk,PT SURYA BIRU TITILEA INVESTAMA,,,,,0,585000000,585000000,62.91
30-Jun-2026,SCCO,SUPREME CABLE MANUFACTURING & COMMERCE Tbk,PT. MODA SUKSES MAKMUR,Corporate,L,,INDONESIA,32303000,244000000,276303000,33.6
30-Jun-2026,SCCO,SUPREME CABLE MANUFACTURING & COMMERCE Tbk,PT SATU SATU SEMBILAN SUKSES MAKMUR,Corporate,L,,INDONESIA,32000000,212000000,244000000,29.67
30-Jun-2026,SCCO,SUPREME CABLE MANUFACTURING & COMMERCE Tbk,REKSA DANA SUCORINVEST SHARIA EQUITY FUND,Mutual Funds,L,,INDONESIA,16102300,0,16102300,1.96
30-Jun-2026,SCCO,SUPREME CABLE MANUFACTURING & COMMERCE Tbk,SOEPONO,,,,,0,10344000,10344000,1.26
30-Jun-2026,SCCO,SUPREME CABLE MANUFACTURING & COMMERCE Tbk,"SETIA SAPTA, PT",,,,,0,26883600,26883600,3.27
30-Jun-2026,SCCO,SUPREME CABLE MANUFACTURING & COMMERCE Tbk,"SINAR SURABAYA SAKTI, PT",,,,,0,20912000,20912000,2.54
30-Jun-2026,SCCO,SUPREME CABLE MANUFACTURING & COMMERCE Tbk,"SUMBER DAYA SINAR BARU, PT",,,,,0,20216000,20216000,2.46
30-Jun-2026,SCCO,SUPREME CABLE MANUFACTURING & COMMERCE Tbk,"FURUKAWA ELECTRIC CO.,LTD.",,,,,0,97102560,97102560,11.81
30-Jun-2026,SCMA,SURYA CITRA MEDIA Tbk,"ELANG MAHKOTA TEKNOLOGI TBK, PT",Corporate,L,,INDONESIA,55067468040,0,55067468040,74.45
30-Jun-2026,SCMA,SURYA CITRA MEDIA Tbk,PT. SURYA CITRA MEDIA TBK,Corporate,L,,INDONESIA,10465866225,0,10465866225,14.15
30-Jun-2026,SCNP,SELARAS CITRA NUSANTARA PERKASA Tbk,"RANGGADA GRAHA NUANSA, PT",Corporate,L,,INDONESIA,94024500,0,94024500,3.76
30-Jun-2026,SCNP,SELARAS CITRA NUSANTARA PERKASA Tbk,PT PUTRASAKTI MANDIRI,Corporate,L,,INDONESIA,31200000,0,31200000,1.25
30-Jun-2026,SCNP,SELARAS CITRA NUSANTARA PERKASA Tbk,"SENA DWIMAKMUR, PT",Corporate,L,,,0,1125005660,1125005660,45.0
30-Jun-2026,SCNP,SELARAS CITRA NUSANTARA PERKASA Tbk,PT SELARAS CITRA NUSANTARA PERKASA TBK,Corporate,L,,INDONESIA,192334900,0,192334900,7.69
30-Jun-2026,SCNP,SELARAS CITRA NUSANTARA PERKASA Tbk,"GENERASI DUA SUKSES TERUS, PT",Corporate,L,,,0,666661000,666661000,26.67
30-Jun-2026,SCNP,SELARAS CITRA NUSANTARA PERKASA Tbk,XAVERIUS NURSALIM,Individual,L,INDONESIAN,INDONESIA,0,41666668,41666668,1.67
30-Jun-2026,SCNP,SELARAS CITRA NUSANTARA PERKASA Tbk,HENDRIK NURSALIM,Individual,L,INDONESIAN,INDONESIA,0,41666668,41666668,1.67
30-Jun-2026,SCNP,SELARAS CITRA NUSANTARA PERKASA Tbk,WILLY NURSALIM,Individual,L,INDONESIAN,INDONESIA,0,41666668,41666668,1.67
30-Jun-2026,SCNP,SELARAS CITRA NUSANTARA PERKASA Tbk,FREDDY NURSALIM,Individual,L,INDONESIAN,INDONESIA,0,41666668,41666668,1.67
30-Jun-2026,SCNP,SELARAS CITRA NUSANTARA PERKASA Tbk,DR. Richard Nursalim,Individual,L,INDONESIAN,INDONESIA,0,41666668,41666668,1.67
30-Jun-2026,SCNP,SELARAS CITRA NUSANTARA PERKASA Tbk,ALBULA INVESTMENT FUND LTD,Mutual Funds,F,,MAURITIUS,119086500,0,119086500,4.76
30-Jun-2026,SCPI,ORGANON PHARMA INDONESIA Tbk,ORGANON LLC,Corporate,F,,UNITED STATES,3556336,0,3556336,98.79
30-Jun-2026,SDMU,SIDOMULYO SELARAS Tbk,RIA AGUSTINE,Individual,L,INDONESIAN,UNITED STATES,27390000,0,27390000,1.22
30-Jun-2026,SDMU,SIDOMULYO SELARAS Tbk,TJOE MIEN SASMINTO,Individual,L,INDONESIAN,INDONESIA,1177214644,355875000,1533089644,68.12
30-Jun-2026,SDMU,SIDOMULYO SELARAS Tbk,PERUSAHAAN PERSEROAN (PERSERO) PT ASABRI,State Owned Enterprises,L,,INDONESIA,205000000,0,205000000,9.11
30-Jun-2026,SDPC,MILLENNIUM PHARMACON INTERNATIONAL Tbk,PT NGRUMAT BONDO UTOMO,Corporate,L,,INDONESIA,23731000,0,23731000,1.86
30-Jun-2026,SDPC,MILLENNIUM PHARMACON INTERNATIONAL Tbk,PT DANPAC PHARMA,Corporate,L,,INDONESIA,123844020,0,123844020,9.72
30-Jun-2026,SDPC,MILLENNIUM PHARMACON INTERNATIONAL Tbk,PHARMANIAGA INTERNATIONAL CORPORATION SDN.BHD,Corporate,F,,MALAYSIA,935541534,0,935541534,73.43
30-Jun-2026,SDPC,MILLENNIUM PHARMACON INTERNATIONAL Tbk,SIAUW YUNUS SUBANDI,Individual,L,INDONESIAN,INDONESIA,23334925,0,23334925,1.83
30-Jun-2026,SDPC,MILLENNIUM PHARMACON INTERNATIONAL Tbk,CITRA DEWI MANURUNG,Individual,L,INDONESIAN,INDONESIA,13042800,0,13042800,1.02
30-Jun-2026,SDPC,MILLENNIUM PHARMACON INTERNATIONAL Tbk,PT Indolife Pensiontama,Insurance,L,,INDONESIA,42762830,0,42762830,3.36
30-Jun-2026,SDRA,BANK WOORI SAUDARA INDONESIA 1906 Tbk,"META INTI DUTA, PT",Corporate,L,,INDONESIA,327464403,0,327464403,2.23
30-Jun-2026,SDRA,BANK WOORI SAUDARA INDONESIA 1906 Tbk,APRAMESIS META INVESTAMA PT,Corporate,L,,INDONESIA,686874794,0,686874794,4.68
30-Jun-2026,SDRA,BANK WOORI SAUDARA INDONESIA 1906 Tbk,WOORI BANK,Bank,F,,"KOREA, REPUBLIC OF",13333457836,0,13333457836,90.75
30-Jun-2026,SEMA,SEMACOM INTEGRATED Tbk,PT. SEMACOM GLOBAL MANDIRI,Corporate,L,,INDONESIA,0,900000000,900000000,66.8
30-Jun-2026,SEMA,SEMACOM INTEGRATED Tbk,SELVY MATTOALI,Individual,L,INDONESIAN,INDONESIA,60520200,0,60520200,4.49
30-Jun-2026,SEMA,SEMACOM INTEGRATED Tbk,LOVELY MATTOALI,Individual,L,INDONESIAN,INDONESIA,41592600,0,41592600,3.09
30-Jun-2026,SEMA,SEMACOM INTEGRATED Tbk,HENNY TAMUNGKU,Individual,L,INDONESIAN,INDONESIA,17556000,0,17556000,1.3
30-Jun-2026,SEMA,SEMACOM INTEGRATED Tbk,JACQUELINE SUTJIAWAN,Individual,L,INDONESIAN,INDONESIA,14699100,0,14699100,1.09
30-Jun-2026,SEMA,SEMACOM INTEGRATED Tbk,RUDI HARTONO INTAN,Individual,L,INDONESIAN,INDONESIA,60000000,0,60000000,4.45
30-Jun-2026,SEMA,SEMACOM INTEGRATED Tbk,JOSEPHINE SUTJIAWAN TJIA,Individual,L,INDONESIAN,INDONESIA,25774200,0,25774200,1.91
30-Jun-2026,SEMA,SEMACOM INTEGRATED Tbk,DJAJA TONNY INTAN,Individual,L,INDONESIAN,INDONESIA,40000000,0,40000000,2.97
30-Jun-2026,SFAN,SURYA FAJAR CAPITAL Tbk,PT SURYA FAJAR CORPORA,Corporate,L,,INDONESIA,834916700,133837730,968754430,71.24
30-Jun-2026,SFAN,SURYA FAJAR CAPITAL Tbk,PT GARUDAPRENEUR INVESTASI ASIA,Corporate,L,,INDONESIA,30773500,0,30773500,2.26
30-Jun-2026,SFAN,SURYA FAJAR CAPITAL Tbk,PT TJAHAYA HARAPAN NUSANTARA,Corporate,L,,INDONESIA,56965350,0,56965350,4.19
30-Jun-2026,SFAN,SURYA FAJAR CAPITAL Tbk,PT SOLUSI FINANCIAL ASIA,Corporate,L,,INDONESIA,66110520,0,66110520,4.86
30-Jun-2026,SFAN,SURYA FAJAR CAPITAL Tbk,HENRI WIDODO,Individual,L,INDONESIAN,INDONESIA,27362800,0,27362800,2.01
30-Jun-2026,SFAN,SURYA FAJAR CAPITAL Tbk,STEFFEN,Individual,L,INDONESIAN,INDONESIA,33950000,0,33950000,2.5
30-Jun-2026,SGER,SUMBER GLOBAL ENERGY Tbk,PT. VICTORIA INVESTAMA Tbk,Brokerage Firms,L,,INDONESIA,442826277,0,442826277,2.84
30-Jun-2026,SGER,SUMBER GLOBAL ENERGY Tbk,PT HINENI TUJUH RESOURCES,Corporate,L,,INDONESIA,628234123,0,628234123,4.03
30-Jun-2026,SGER,SUMBER GLOBAL ENERGY Tbk,PT. BINTANG MITRA SEMESTARAYA TBK,Corporate,L,,INDONESIA,316594503,0,316594503,2.03
30-Jun-2026,SGER,SUMBER GLOBAL ENERGY Tbk,PT BERKAT MITRA PRIMA,Corporate,L,,INDONESIA,285447794,0,285447794,1.83
30-Jun-2026,SGER,SUMBER GLOBAL ENERGY Tbk,PT CEMERLANG AGUNG SENTOSA,Corporate,L,,INDONESIA,230710596,0,230710596,1.48
30-Jun-2026,SGER,SUMBER GLOBAL ENERGY Tbk,PT. MULYA PRIMA ABADI,Corporate,L,,INDONESIA,158044577,0,158044577,1.01
30-Jun-2026,SGER,SUMBER GLOBAL ENERGY Tbk,PT SUMBERMAS INTI ENERGI,Corporate,L,,INDONESIA,117425221,7688072910,7805498131,50.08
30-Jun-2026,SGER,SUMBER GLOBAL ENERGY Tbk,DBS BANK LTD.,Bank,F,,SINGAPORE,600380400,0,600380400,3.85
30-Jun-2026,SGER,SUMBER GLOBAL ENERGY Tbk,VIVI RAMALYATI HUTAMA,Individual,L,INDONESIAN,INDONESIA,817884103,874218750,1692102853,10.86
30-Jun-2026,SGER,SUMBER GLOBAL ENERGY Tbk,WELLY THOMAS,Individual,L,INDONESIAN,INDONESIA,1285644762,55624994,1341269756,8.61
30-Jun-2026,SGER,SUMBER GLOBAL ENERGY Tbk,Harris Muliawan,Individual,L,INDONESIAN,INDONESIA,752476309,0,752476309,4.83
30-Jun-2026,SGRO,PRIME AGRI RESOURCES Tbk,AGPA PTE. LTD.,Corporate,F,,SINGAPORE,1794889157,0,1794889157,98.7
30-Jun-2026,SHID,HOTEL SAHID JAYA INTERNATIONAL Tbk,"SAHID INSANADI, PT",Corporate,L,,INDONESIA,68010926,0,68010926,6.08
30-Jun-2026,SHID,HOTEL SAHID JAYA INTERNATIONAL Tbk,PT EMPU SAHID INTERNATIONAL,Corporate,L,,INDONESIA,868951142,15000000,883951142,78.97
30-Jun-2026,SHID,HOTEL SAHID JAYA INTERNATIONAL Tbk,NY.YULIAH SUKAMDANI,Individual,L,INDONESIAN,INDONESIA,33149600,0,33149600,2.96
30-Jun-2026,SHID,HOTEL SAHID JAYA INTERNATIONAL Tbk,Retno Wijayaningsih,Individual,L,INDONESIAN,,40005000,0,40005000,3.57
30-Jun-2026,SHID,HOTEL SAHID JAYA INTERNATIONAL Tbk,SUKAMDANI S. GITOSARDJONO,Individual,L,INDONESIAN,,36489600,0,36489600,3.26
30-Jun-2026,SHID,HOTEL SAHID JAYA INTERNATIONAL Tbk,ARIEF EFFENDI,Individual,L,INDONESIAN,SINGAPORE,31177000,0,31177000,2.79
30-Jun-2026,SHIP,SILLO MARITIME PERDANA Tbk,PT SURYANI SAMUDRA SEJATI,Corporate,L,,INDONESIA,134500000,0,134500000,4.95
30-Jun-2026,SHIP,SILLO MARITIME PERDANA Tbk,PT BAYU SEMESTA ABADI,Corporate,L,,INDONESIA,86595462,0,86595462,3.18
30-Jun-2026,SHIP,SILLO MARITIME PERDANA Tbk,PT GOLDENHEAVEN PRIMA INVESTAMA,Corporate,L,,INDONESIA,1219790000,0,1219790000,44.85
30-Jun-2026,SHIP,SILLO MARITIME PERDANA Tbk,PT MAXIMA PRIMA SEJAHTERA,Corporate,L,,INDONESIA,1000000000,0,1000000000,36.77
30-Jun-2026,SHIP,SILLO MARITIME PERDANA Tbk,Resources Fortune LTD,Partnership,F,,BRITISH INDIAN OCEAN TERRITORY,119670800,0,119670800,4.4
30-Jun-2026,SICO,SIGMA ENERGY COMPRESSINDO Tbk,PT. SIGMA ENERGY UTAMA,Firm,L,,INDONESIA,613570000,0,613570000,67.42
30-Jun-2026,SICO,SIGMA ENERGY COMPRESSINDO Tbk,ALI UMAR,Individual,L,INDONESIAN,INDONESIA,20177500,0,20177500,2.22
30-Jun-2026,SICO,SIGMA ENERGY COMPRESSINDO Tbk,PATRICIA GITTA CHANDRA,Individual,L,INDONESIAN,INDONESIA,52750000,0,52750000,5.8
30-Jun-2026,SIDO,INDUSTRI JAMU DAN FARMASI SIDO MUNCUL Tbk,"PT. INDUSTRI JAMU DAN FARMASI SIDO MUNCUL, TBK",Corporate,L,,INDONESIA,564800000,0,564800000,1.88
30-Jun-2026,SIDO,INDUSTRI JAMU DAN FARMASI SIDO MUNCUL Tbk,PT HOTEL CANDI BARU,Corporate,L,,INDONESIA,17850000000,5428282442,23278282442,77.59
30-Jun-2026,SIDO,INDUSTRI JAMU DAN FARMASI SIDO MUNCUL Tbk,SURONO SUBEKTI,Individual,L,INDONESIAN,INDONESIA,728403200,0,728403200,2.43
30-Jun-2026,SIDO,INDUSTRI JAMU DAN FARMASI SIDO MUNCUL Tbk,EMPLOYEES PROVIDENT FUND BOARD,Pension Funds,F,,MALAYSIA,509727100,0,509727100,1.7
30-Jun-2026,SILO,SILOAM INTERNATIONAL HOSPITALS Tbk,"MEGAPRATAMA KARYA PERSADA, PT",Corporate,L,,INDONESIA,2679256980,0,2679256980,20.6
30-Jun-2026,SILO,SILOAM INTERNATIONAL HOSPITALS Tbk,"GLORIA MULIA, PT",Corporate,L,,INDONESIA,104949000,352431896,457380896,3.52
30-Jun-2026,SILO,SILOAM INTERNATIONAL HOSPITALS Tbk,SIGHT INVESTMENT COMPANY PTE LIMITED,Private Equity,F,,SINGAPORE,8329093832,0,8329093832,64.04
30-Jun-2026,SILO,SILOAM INTERNATIONAL HOSPITALS Tbk,"NILAM BIRU BERSINAR, PT.",,,,,0,396900000,396900000,3.05
30-Jun-2026,SILO,SILOAM INTERNATIONAL HOSPITALS Tbk,"SAFIRA PRIMA UTAMA, PT.",,,,,0,242453224,242453224,1.86
30-Jun-2026,SIMA,SIWANI MAKMUR Tbk,"BANK DANAMON INDONESIA Tbk, PT - REGISTRAR",Bank,L,,INDONESIA,23040614,0,23040614,5.21
30-Jun-2026,SIMA,SIWANI MAKMUR Tbk,Jonathan Subroto,Individual,L,INDONESIAN,INDONESIA,12944200,0,12944200,2.92
30-Jun-2026,SIMA,SIWANI MAKMUR Tbk,CHRISTOPHER PANDU WINATA,Individual,L,INDONESIAN,INDONESIA,6309700,0,6309700,1.43
30-Jun-2026,SIMA,SIWANI MAKMUR Tbk,PT. ASURANSI JIWA IFG,Insurance,L,,INDONESIA,21610424,0,21610424,4.88
30-Jun-2026,SIMA,SIWANI MAKMUR Tbk,PERUSAHAAN PERSEROAN (PERSERO) PT ASABRI,State Owned Enterprises,L,,INDONESIA,5722541,0,5722541,1.29
30-Jun-2026,SIMA,SIWANI MAKMUR Tbk,Reksa Dana Victoria Equity Maxima,Mutual Funds,L,,INDONESIA,21130000,0,21130000,4.77
30-Jun-2026,SIMA,SIWANI MAKMUR Tbk,REKSA DANA POOL ADVISTA KAPITAL OPTIMAL,Mutual Funds,L,,INDONESIA,16826000,0,16826000,3.8
30-Jun-2026,SIMA,SIWANI MAKMUR Tbk,REKSA DANA AURORA SMC EQUITY,Mutual Funds,L,,INDONESIA,13000000,0,13000000,2.94
30-Jun-2026,SIMA,SIWANI MAKMUR Tbk,REKSA DANA EMCO MANTAP,Mutual Funds,L,,INDONESIA,12583400,0,12583400,2.84
30-Jun-2026,SIMA,SIWANI MAKMUR Tbk,JAKSA AGUNG MUDA BIDANG TINDAK PIDANA KHUSUS KEJAKSAAN REPUBLIK INDONESIA KEJAKSAAN REPUBLIK INDONESIA,Government,L,,INDONESIA,53344500,0,53344500,12.05
30-Jun-2026,SIMA,SIWANI MAKMUR Tbk,PT WANTEG SEKURITAS,Securities Company,L,,INDONESIA,14604100,0,14604100,3.3
30-Jun-2026,SIMA,SIWANI MAKMUR Tbk,PT Yuanta Sekuritas Indonesia,Securities Company,L,,INDONESIA,25808000,0,25808000,5.83
30-Jun-2026,SIMP,SALIM IVOMAS PRATAMA Tbk,PT. MANDIRI INVESTAMA SEJATI,Corporate,L,,,0,163540000,163540000,1.06
30-Jun-2026,SIMP,SALIM IVOMAS PRATAMA Tbk,INDOFOOD SUKSES MAKMUR TBK,Corporate,L,,INDONESIA,23121400,1012185000,1035306400,6.68
30-Jun-2026,SIMP,SALIM IVOMAS PRATAMA Tbk,DRS LO KHENG HONG,Individual,L,INDONESIAN,INDONESIA,813745000,0,813745000,5.25
30-Jun-2026,SIMP,SALIM IVOMAS PRATAMA Tbk,INDOFOOD AGRI RESOURCES LTD.,,F,,SINGAPORE,0,11387745000,11387745000,73.46
30-Jun-2026,SIMP,SALIM IVOMAS PRATAMA Tbk,"PANIN SEKURITAS Tbk, PT",Securities Company,L,,INDONESIA,163787000,0,163787000,1.06
30-Jun-2026,SINI,SINGARAJA PUTRA Tbk,PT. KREASI JASA PERSADA,Corporate,L,,INDONESIA,94940000,0,94940000,19.74
30-Jun-2026,SINI,SINGARAJA PUTRA Tbk,PT. AUTUM PRIMA INDONESIA,Corporate,L,,INDONESIA,144300000,0,144300000,30.0
30-Jun-2026,SINI,SINGARAJA PUTRA Tbk,BATUBARA DEVELOPMENT PTE. LTD.,Corporate,F,,SINGAPORE,74530000,0,74530000,15.49
30-Jun-2026,SINI,SINGARAJA PUTRA Tbk,ALBERT KURNIAWAN BUDI S,Individual,L,INDONESIAN,INDONESIA,5200000,0,5200000,1.08
30-Jun-2026,SINI,SINGARAJA PUTRA Tbk,HAPSORO,Individual,L,INDONESIAN,INDONESIA,43290000,0,43290000,9.0
30-Jun-2026,SINI,SINGARAJA PUTRA Tbk,SUSAN HIOE,Individual,L,INDONESIAN,INDONESIA,14430000,0,14430000,3.0
30-Jun-2026,SIPD,SREEYA SEWU INDONESIA Tbk,GREAT GIANT PINEAPPLE,Corporate,L,,INDONESIA,1669503819,0,1669503819,90.78
30-Jun-2026,SIPD,SREEYA SEWU INDONESIA Tbk,PT SURYA PRIMA INTERNATIONAL,Corporate,L,,INDONESIA,46636300,0,46636300,2.54
30-Jun-2026,SIPD,SREEYA SEWU INDONESIA Tbk,BOOM SECURITIES (H.K.) LIMITED,Securities Company,F,,HONG KONG,23411000,0,23411000,1.27
30-Jun-2026,SKBM,SEKAR BUMI Tbk,PT ADANA VISI INVESTAMA,Corporate,L,,INDONESIA,19570680,0,19570680,1.13
30-Jun-2026,SKBM,SEKAR BUMI Tbk,KENFAY RESOURCES PTE. LTD.,Corporate,F,,SINGAPORE,78211390,0,78211390,4.52
30-Jun-2026,SKBM,SEKAR BUMI Tbk,GREEN RESOURCES INVESTMENTS PTE. LTD.,Corporate,F,,SINGAPORE,338732360,0,338732360,19.58
30-Jun-2026,SKBM,SEKAR BUMI Tbk,VEE FORTUNE PTE LTD,Corporate,F,,SINGAPORE,79530584,0,79530584,4.6
30-Jun-2026,SKBM,SEKAR BUMI Tbk,TAEL TWO PARTNERS LTD,Corporate,F,,CAYMAN ISLANDS,554706046,0,554706046,32.06
30-Jun-2026,SKBM,SEKAR BUMI Tbk,PERUSAHAAN PERSEROAN (PERSERO) BANK NEGARA INDONESIA,Bank,L,,INDONESIA,105927874,0,105927874,6.12
30-Jun-2026,SKBM,SEKAR BUMI Tbk,OEI HARRY LUKMITO,Individual,L,INDONESIAN,INDONESIA,33985745,0,33985745,1.96
30-Jun-2026,SKBM,SEKAR BUMI Tbk,FANNI SUSILO,Individual,L,INDONESIAN,INDONESIA,26153420,0,26153420,1.51
30-Jun-2026,SKBM,SEKAR BUMI Tbk,FJ CAPITAL PTE. LTD.,Corporate,F,,SINGAPORE,93859834,0,93859834,5.43
30-Jun-2026,SKBM,SEKAR BUMI Tbk,ROYAL PRIMA PACIFIC PTE. LTD.,Private Equity,F,,SINGAPORE,86086390,0,86086390,4.98
30-Jun-2026,SKBM,SEKAR BUMI Tbk,MULTI KARYA SEJATI,,,,,0,169860287,169860287,9.82
30-Jun-2026,SKLT,SEKAR LAUT Tbk,PT. SEKAR LAUT TBK,Corporate,L,,INDONESIA,669369300,0,669369300,9.69
30-Jun-2026,SKLT,SEKAR LAUT Tbk,PT ANEKA AGRO FOOD,Corporate,L,,INDONESIA,451821875,0,451821875,6.54
30-Jun-2026,SKLT,SEKAR LAUT Tbk,PT VISI INTI PELANGI,Corporate,L,,INDONESIA,451821875,0,451821875,6.54
30-Jun-2026,SKLT,SEKAR LAUT Tbk,PT WOK MITRA LESTARI,Corporate,L,,INDONESIA,177269900,0,177269900,2.57
30-Jun-2026,SKLT,SEKAR LAUT Tbk,PT ESWHUANG,Corporate,L,,INDONESIA,451821875,0,451821875,6.54
30-Jun-2026,SKLT,SEKAR LAUT Tbk,KENFAY RESOURCES PTE. LTD.,Corporate,F,,SINGAPORE,268632340,0,268632340,3.89
30-Jun-2026,SKLT,SEKAR LAUT Tbk,GREEN RESOURCES INVESTMENTS PTE. LTD.,Corporate,F,,SINGAPORE,2964293140,0,2964293140,42.91
30-Jun-2026,SKLT,SEKAR LAUT Tbk,VEE FORTUNE PTE LTD,Corporate,F,,SINGAPORE,268632340,0,268632340,3.89
30-Jun-2026,SKLT,SEKAR LAUT Tbk,BNP PARIBAS SINGAPORE BRANCH,Bank,F,,SINGAPORE,72845000,0,72845000,1.05
30-Jun-2026,SKLT,SEKAR LAUT Tbk,FJ CAPITAL PTE. LTD.,Corporate,F,,SINGAPORE,720454215,0,720454215,10.43
30-Jun-2026,SKLT,SEKAR LAUT Tbk,ROYAL PRIMA PACIFIC PTE. LTD.,Private Equity,F,,SINGAPORE,268632340,0,268632340,3.89
30-Jun-2026,SKRN,SUPERKRANE MITRA UTAMA Tbk,PT SAGA INVESTAMA SEDAYA,Private Equity,L,,INDONESIA,231000000,4250000000,4481000000,59.75
30-Jun-2026,SKRN,SUPERKRANE MITRA UTAMA Tbk,PT. SUPERKRANE MITRA UTAMA TBK,Corporate,L,,INDONESIA,382000174,0,382000174,5.09
30-Jun-2026,SKRN,SUPERKRANE MITRA UTAMA Tbk,FEDERAL INTERNATIONAL (2000) LTD,Corporate,F,,SINGAPORE,408813499,0,408813499,5.45
30-Jun-2026,SKRN,SUPERKRANE MITRA UTAMA Tbk,GLOBRANT INVESTMENT INC,Private Equity,F,,MALAYSIA,172057606,0,172057606,2.29
30-Jun-2026,SKRN,SUPERKRANE MITRA UTAMA Tbk,HENGKY  WIJAYA OEY,Individual,L,INDONESIAN,INDONESIA,123059500,0,123059500,1.64
30-Jun-2026,SKRN,SUPERKRANE MITRA UTAMA Tbk,YAFIN TANDIONO TAN,Individual,L,INDONESIAN,INDONESIA,0,1550000000,1550000000,20.67
30-Jun-2026,SKRN,SUPERKRANE MITRA UTAMA Tbk,LAM ANTON RAMLI,Individual,L,INDONESIAN,INDONESIA,104300000,0,104300000,1.39
30-Jun-2026,SKRN,SUPERKRANE MITRA UTAMA Tbk,ZHENYU LI,Individual,F,CHINESE,INDONESIA,140000000,0,140000000,1.87
30-Jun-2026,SKYB,NORTHCLIFF CITRANUSA INDONESIA Tbk,PT. NARADA ADIKARA INDONESIA,Corporate,L,,INDONESIA,21451500,0,21451500,3.67
30-Jun-2026,SKYB,NORTHCLIFF CITRANUSA INDONESIA Tbk,"NORTHCLIFF INDONESIA, PT",Corporate,L,,INDONESIA,14758100,0,14758100,2.52
30-Jun-2026,SKYB,NORTHCLIFF CITRANUSA INDONESIA Tbk,CREATIVE ONE LIMITED,Corporate,F,,"VIRGIN ISLANDS, BRITISH",9377900,0,9377900,1.6
30-Jun-2026,SKYB,NORTHCLIFF CITRANUSA INDONESIA Tbk,JPMCB NA RE-ORA PRO NOBIS INTERNATIONAL CORP,Corporate,F,,"VIRGIN ISLANDS, BRITISH",107444000,0,107444000,18.37
30-Jun-2026,SKYB,NORTHCLIFF CITRANUSA INDONESIA Tbk,DBS BANK LTD.,Bank,F,,SINGAPORE,52646100,0,52646100,9.0
30-Jun-2026,SKYB,NORTHCLIFF CITRANUSA INDONESIA Tbk,DINA ARJANTI,Individual,L,INDONESIAN,INDONESIA,22625000,0,22625000,3.87
30-Jun-2026,SKYB,NORTHCLIFF CITRANUSA INDONESIA Tbk,ERRY SULISTIO,Individual,L,INDONESIAN,INDONESIA,44566700,0,44566700,7.62
30-Jun-2026,SKYB,NORTHCLIFF CITRANUSA INDONESIA Tbk,NIKI NASTITIE KARYA DEWI,Individual,L,INDONESIAN,INDONESIA,22625000,0,22625000,3.87
30-Jun-2026,SKYB,NORTHCLIFF CITRANUSA INDONESIA Tbk,IRWAN SUDJONO,Individual,L,INDONESIAN,INDONESIA,6589400,0,6589400,1.13
30-Jun-2026,SKYB,NORTHCLIFF CITRANUSA INDONESIA Tbk,REKSA DANA NARADA SAHAM INDONESIA,Mutual Funds,L,,INDONESIA,27582200,0,27582200,4.71
30-Jun-2026,SKYB,NORTHCLIFF CITRANUSA INDONESIA Tbk,REKSA DANA NARADA CAMPURAN I,Mutual Funds,L,,INDONESIA,27582200,0,27582200,4.71
30-Jun-2026,SKYB,NORTHCLIFF CITRANUSA INDONESIA Tbk,REKSA DANA SYARIAH NARADA SAHAM BERKAH SYARIAH,Mutual Funds,L,,INDONESIA,27582200,0,27582200,4.71
30-Jun-2026,SKYB,NORTHCLIFF CITRANUSA INDONESIA Tbk,REKSA DANA NARADA SAHAM INDONESIA II,Mutual Funds,L,,INDONESIA,61319300,0,61319300,10.48
30-Jun-2026,SKYB,NORTHCLIFF CITRANUSA INDONESIA Tbk,TRES MARIA CAPITAL LTD,Private Equity,F,,"VIRGIN ISLANDS, BRITISH",89420000,0,89420000,15.29
30-Jun-2026,SLIS,GAYA ABADI SEMPURNA Tbk,PT SELIS INVESTAMA INDONESIA,Corporate,L,,INDONESIA,1125000000,0,1125000000,45.67
30-Jun-2026,SLIS,GAYA ABADI SEMPURNA Tbk,SUGIYANTO,Individual,L,INDONESIAN,INDONESIA,31279100,0,31279100,1.27
30-Jun-2026,SLIS,GAYA ABADI SEMPURNA Tbk,TJOA KING HOA,Individual,L,INDONESIAN,,179992600,0,179992600,7.31
30-Jun-2026,SMAR,SINAR MAS AGRO RESOURCES AND TECHNOLOGY Tbk,PT PURIMAS SASMITA,Corporate,L,,INDONESIA,0,2653897571,2653897571,92.4
30-Jun-2026,SMAR,SINAR MAS AGRO RESOURCES AND TECHNOLOGY Tbk,EUROTRADE DEVELOPMENTS LIMITED,Corporate,F,,"VIRGIN ISLANDS, BRITISH",55595805,0,55595805,1.94
30-Jun-2026,SMAR,SINAR MAS AGRO RESOURCES AND TECHNOLOGY Tbk,KOPERASI KARYAWAN SMART KANTOR PUSAT JAKARTA,Cooperatives,L,,INDONESIA,138309100,0,138309100,4.82
30-Jun-2026,SMBR,SEMEN BATURAJA (PERSERO) Tbk,PT SEMEN INDONESIA (PERSERO) TBK,Corporate,L,,INDONESIA,0,7499999999,7499999999,75.51
30-Jun-2026,SMBR,SEMEN BATURAJA (PERSERO) Tbk,PT. ASURANSI JIWA IFG,Insurance,L,,INDONESIA,784084300,0,784084300,7.89
30-Jun-2026,SMBR,SEMEN BATURAJA (PERSERO) Tbk,PERUSAHAAN PERSEROAN (PERSERO) PT ASABRI,State Owned Enterprises,L,,INDONESIA,472428600,0,472428600,4.76
30-Jun-2026,SMCB,SOLUSI BANGUN INDONESIA Tbk,PT SEMEN INDONESIA (PERSERO) TBK,State Owned Enterprises,L,,INDONESIA,7533148888,0,7533148888,83.52
30-Jun-2026,SMCB,SOLUSI BANGUN INDONESIA Tbk,Taiheiyo Cement Corporation,Corporate,F,,JAPAN,1367396991,0,1367396991,15.16
30-Jun-2026,SMDM,SURYAMAS DUTAMAKMUR Tbk,PT. BUMI SERPONG DAMAI Tbk,Corporate,L,,INDONESIA,4723134988,0,4723134988,98.97
30-Jun-2026,SMDR,SAMUDERA INDONESIA Tbk,PT NGRUMAT BONDO UTOMO,Corporate,L,,INDONESIA,502337200,2120234600,2622571800,16.02
30-Jun-2026,SMDR,SAMUDERA INDONESIA Tbk,"SAMUDERA INDONESIA TANGGUH, PT",Corporate,L,,,0,9184000000,9184000000,56.08
30-Jun-2026,SMDR,SAMUDERA INDONESIA Tbk,SAMUDERA INDONESIA TANGGUH,Corporate,L,,INDONESIA,320863700,0,320863700,1.96
30-Jun-2026,SMDR,SAMUDERA INDONESIA Tbk,DANA PENSIUN SAMUDERA INDONESIA,Pension Funds,L,,INDONESIA,174260400,0,174260400,1.06
30-Jun-2026,SMDR,SAMUDERA INDONESIA Tbk,"SUDIARSO, DRS",,,,,0,312661400,312661400,1.91
30-Jun-2026,SMGA,SUMBER MINERAL GLOBAL ABADI Tbk,MUTIARA BARA ABADI PT,Corporate,L,,INDONESIA,280685400,0,280685400,3.21
30-Jun-2026,SMGA,SUMBER MINERAL GLOBAL ABADI Tbk,SUMBER GLOBAL ENERGY TBK,Corporate,L,,INDONESIA,2600000000,3700000000,6300000000,72.0
30-Jun-2026,SMGA,SUMBER MINERAL GLOBAL ABADI Tbk,JIMMY SETIAWAN,Individual,L,INDONESIAN,INDONESIA,100000000,0,100000000,1.14
30-Jun-2026,SMGA,SUMBER MINERAL GLOBAL ABADI Tbk,VIVI RAMALYATI HUTAMA,Individual,L,INDONESIAN,INDONESIA,700000000,0,700000000,8.0
30-Jun-2026,SMGR,SEMEN INDONESIA (PERSERO) Tbk,PERUSAHAAN PERSEROAN (PERSERO) PT DANANTARA ASSET MANAGEMENT,Corporate,L,,,0,3422452775,3422452775,50.69
30-Jun-2026,SMGR,SEMEN INDONESIA (PERSERO) Tbk,"CACEIS BANK, LUXEMBOURG BRANCH/ UCITS CLIENTS",Bank,F,,LUXEMBOURG,74380300,0,74380300,1.1
30-Jun-2026,SMGR,SEMEN INDONESIA (PERSERO) Tbk,DJS KETENAGAKERJAAN PROGRAM JAMINAN HARI TUA,State Owned Enterprises,L,,INDONESIA,230981000,0,230981000,3.42
30-Jun-2026,SMGR,SEMEN INDONESIA (PERSERO) Tbk,PT TASPEN (PERSERO),State Owned Enterprises,L,,INDONESIA,80125600,0,80125600,1.19
30-Jun-2026,SMGR,SEMEN INDONESIA (PERSERO) Tbk,REKSA DANA SUCORINVEST SHARIA EQUITY FUND,Mutual Funds,L,,INDONESIA,70988800,0,70988800,1.05
30-Jun-2026,SMGR,SEMEN INDONESIA (PERSERO) Tbk,INVESCO FUNDS,Mutual Funds,F,,LUXEMBOURG,164052910,0,164052910,2.43
30-Jun-2026,SMGR,SEMEN INDONESIA (PERSERO) Tbk,THE HARTFORD INTERNATIONAL VALUE FUND,Mutual Funds,F,,UNITED STATES,79043446,0,79043446,1.17
30-Jun-2026,SMGR,SEMEN INDONESIA (PERSERO) Tbk,BEST INVESTMENT CORPORATION,Sovereign Wealth Fund,F,,CHINA,86324256,0,86324256,1.28
30-Jun-2026,SMIL,SARANA MITRA LUAS Tbk,RIDWAN SYAHRIL,Individual,L,INDONESIAN,INDONESIA,119155500,0,119155500,1.36
30-Jun-2026,SMIL,SARANA MITRA LUAS Tbk,RAHMAT HIDAYAT,Individual,L,INDONESIAN,INDONESIA,246546500,0,246546500,2.82
30-Jun-2026,SMIL,SARANA MITRA LUAS Tbk,HADI SUHERMIN,Individual,L,INDONESIAN,INDONESIA,362024900,3750000000,4112024900,46.99
30-Jun-2026,SMIL,SARANA MITRA LUAS Tbk,PT ALDIRACITA SEKURITAS INDONESIA,Securities Company,L,,INDONESIA,167300000,0,167300000,1.91
30-Jun-2026,SMIL,SARANA MITRA LUAS Tbk,PT MAYBANK SEKURITAS INDONESIA - REGISTRAR,Securities Company,L,,INDONESIA,450000000,0,450000000,5.14
30-Jun-2026,SMIL,SARANA MITRA LUAS Tbk,LUCIA IRAWATY LIE,,,,,0,700000000,700000000,8.0
30-Jun-2026,SMIL,SARANA MITRA LUAS Tbk,WINSTON SUHERMIN,,,,,0,2100000000,2100000000,24.0
30-Jun-2026,SMKL,SATYAMITRA KEMAS LESTARI Tbk,PT. SATYAMITRA INVESTINDO PRATAMA,Corporate,L,,INDONESIA,116689300,2722500000,2839189300,83.06
30-Jun-2026,SMKL,SATYAMITRA KEMAS LESTARI Tbk,SIMON ANGDIAS,Individual,L,INDONESIAN,INDONESIA,34480000,0,34480000,1.01
30-Jun-2026,SMKL,SATYAMITRA KEMAS LESTARI Tbk,TAN FRANCO AGUNG,Individual,L,INDONESIAN,INDONESIA,72500000,0,72500000,2.12
30-Jun-2026,SMKL,SATYAMITRA KEMAS LESTARI Tbk,ANG KINARDO,Individual,L,INDONESIAN,INDONESIA,63500000,0,63500000,1.86
30-Jun-2026,SMKL,SATYAMITRA KEMAS LESTARI Tbk,JPMCB NA RE - SHINHAN BANK ACTING AS CUSTODY OF HONORS ASIA IPO PRIVATE INVESTMENT FUND,Private Equity,F,,"KOREA, REPUBLIC OF",65540800,0,65540800,1.92
30-Jun-2026,SMKM,SUMBER MAS KONSTRUKSI Tbk,PT PELAYARAN NELLY DWI PUTRI TBK,Corporate,L,,INDONESIA,22360000,0,22360000,1.78
30-Jun-2026,SMKM,SUMBER MAS KONSTRUKSI Tbk,PT. KITA TUMBUH BERSAMA,Firm,L,,INDONESIA,17999200,0,17999200,1.44
30-Jun-2026,SMKM,SUMBER MAS KONSTRUKSI Tbk,LIM SHRIMP ORG PTE. LTD.,Investment Advisors,F,,SINGAPORE,313250000,0,313250000,25.0
30-Jun-2026,SMKM,SUMBER MAS KONSTRUKSI Tbk,DANIEL MARTIN TJITRA,Individual,L,INDONESIAN,INDONESIA,14219500,0,14219500,1.13
30-Jun-2026,SMKM,SUMBER MAS KONSTRUKSI Tbk,BONDRA UJI PRATAMA,Individual,L,INDONESIAN,INDONESIA,47927200,0,47927200,3.82
30-Jun-2026,SMKM,SUMBER MAS KONSTRUKSI Tbk,THAT FA,Individual,L,INDONESIAN,INDONESIA,20354100,0,20354100,1.62
30-Jun-2026,SMKM,SUMBER MAS KONSTRUKSI Tbk,YAN CHE,Individual,L,INDONESIAN,INDONESIA,13267100,0,13267100,1.06
30-Jun-2026,SMKM,SUMBER MAS KONSTRUKSI Tbk,CHARLY CAESAR,Individual,L,INDONESIAN,INDONESIA,14040500,0,14040500,1.12
30-Jun-2026,SMLE,SINERGI MULTI LESTARINDO Tbk,PT. SINERGI ASIA CORPORINDO,Corporate,L,,INDONESIA,1413340300,0,1413340300,60.71
30-Jun-2026,SMLE,SINERGI MULTI LESTARINDO Tbk,CGS INTERNATIONAL SECURITIES SINGAPORE PTE LTD,Private Bank,F,,SINGAPORE,64618300,0,64618300,2.78
30-Jun-2026,SMLE,SINERGI MULTI LESTARINDO Tbk,TANTI ROYANI,Individual,L,INDONESIAN,INDONESIA,0,30060000,30060000,1.29
30-Jun-2026,SMLE,SINERGI MULTI LESTARINDO Tbk,YULIA ROSALINE,Individual,L,INDONESIAN,INDONESIAN,0,30060000,30060000,1.29
30-Jun-2026,SMLE,SINERGI MULTI LESTARINDO Tbk,FERDIANSYAH,Individual,L,INDONESIAN,INDONESIA,107724400,0,107724400,4.63
30-Jun-2026,SMLE,SINERGI MULTI LESTARINDO Tbk,NJONO SAMPOERNO,Individual,L,INDONESIAN,INDONESIA,84228600,0,84228600,3.62
30-Jun-2026,SMLE,SINERGI MULTI LESTARINDO Tbk,REKSA DANA OSO MOLUCCAS EQUITY FUND,Mutual Funds,L,,INDONESIA,28083600,0,28083600,1.21
30-Jun-2026,SMLE,SINERGI MULTI LESTARINDO Tbk,UOB KAY HIAN PTE LTD,Securities Company,F,,SINGAPORE,88397600,0,88397600,3.8
30-Jun-2026,SMLE,SINERGI MULTI LESTARINDO Tbk,PHILLIP SECURITIES PTE LTD,Investment Manager,F,,SINGAPORE,100328700,0,100328700,4.31
30-Jun-2026,SMMA,SINAR MAS MULTIARTHA Tbk,PT DIAN CIPTAMAS AGUNG,Corporate,L,,INDONESIA,280485664,0,280485664,4.4
30-Jun-2026,SMMA,SINAR MAS MULTIARTHA Tbk,SINAR MAS CAKRAWALA,Corporate,L,,INDONESIA,3189395593,0,3189395593,50.09
30-Jun-2026,SMMA,SINAR MAS MULTIARTHA Tbk,PT TIMUR SUBUR,Corporate,L,,INDONESIA,79766861,0,79766861,1.25
30-Jun-2026,SMMA,SINAR MAS MULTIARTHA Tbk,PT. SUMMIT AUTO GROUP,Corporate,L,,INDONESIA,119856000,0,119856000,1.88
30-Jun-2026,SMMA,SINAR MAS MULTIARTHA Tbk,PT PINDO DELI PULP AND PAPER MILLS,Corporate,L,,INDONESIA,72130331,0,72130331,1.13
30-Jun-2026,SMMA,SINAR MAS MULTIARTHA Tbk,ASIA MERCHANT BANK LIMITED,Private Bank,F,,SINGAPORE,175758967,0,175758967,2.76
30-Jun-2026,SMMA,SINAR MAS MULTIARTHA Tbk,ASIA INVESTMENT BANKING CORPORATION,Investment Advisors,F,,MALAYSIA,257869915,0,257869915,4.05
30-Jun-2026,SMMA,SINAR MAS MULTIARTHA Tbk,HSBC LTD-SINGAPORE BRANCH PRIVATE BANKING DIVISION ACCOUNT CLIENTS,Private Bank,F,,SINGAPORE,119645743,0,119645743,1.88
30-Jun-2026,SMMA,SINAR MAS MULTIARTHA Tbk,SHENTON WORLD FUND LTD,Venture Capital,F,,MALAYSIA,82212499,0,82212499,1.29
30-Jun-2026,SMMA,SINAR MAS MULTIARTHA Tbk,INTERVENTURES  CAPITAL PTE. LTD,Corporate,F,,SINGAPORE,76906797,0,76906797,1.21
30-Jun-2026,SMMT,GOLDEN EAGLE ENERGY Tbk,PT SINAR UNGGUL INTERNASIONAL,Corporate,L,,INDONESIA,85916000,0,85916000,2.51
30-Jun-2026,SMMT,GOLDEN EAGLE ENERGY Tbk,PT GOLDEN PRIMA ENERGY,Corporate,L,,INDONESIA,724500000,0,724500000,21.15
30-Jun-2026,SMMT,GOLDEN EAGLE ENERGY Tbk,PT GEO ENERGY INVESTAMA,Corporate,L,,INDONESIA,2303030067,0,2303030067,67.24
30-Jun-2026,SMMT,GOLDEN EAGLE ENERGY Tbk,ADEL INDO PRATAMA,Corporate,L,,INDONESIA,58456300,0,58456300,1.71
30-Jun-2026,SMMT,GOLDEN EAGLE ENERGY Tbk,BENNY PONTIAN MUSLIM,Individual,L,INDONESIAN,,43750000,0,43750000,1.28
30-Jun-2026,SMRA,SUMMARECON AGUNG Tbk,PT. SEMAROP AGUNG,Corporate,L,,INDONESIA,3820300015,2123804901,5944104916,36.01
30-Jun-2026,SMRA,SUMMARECON AGUNG Tbk,PT. INTIMAX INTRACO,Corporate,L,,INDONESIA,402096520,0,402096520,2.44
30-Jun-2026,SMRA,SUMMARECON AGUNG Tbk,"SULISMAN GRAHA, PT",Corporate,L,,INDONESIA,440746900,0,440746900,2.67
30-Jun-2026,SMRA,SUMMARECON AGUNG Tbk,LILIAWATI RAHARDJO,Individual,L,INDONESIAN,INDONESIA,962649236,0,962649236,5.83
30-Jun-2026,SMRA,SUMMARECON AGUNG Tbk,SUNARNI RAHARDJA,Individual,L,INDONESIAN,INDONESIA,304965923,155148937,460114860,2.79
30-Jun-2026,SMRA,SUMMARECON AGUNG Tbk,SISKA RAHARJA,Individual,L,INDONESIAN,INDONESIA,360278643,0,360278643,2.18
30-Jun-2026,SMRA,SUMMARECON AGUNG Tbk,DJS KETENAGAKERJAAN PROGRAM JAMINAN HARI TUA,State Owned Enterprises,L,,INDONESIA,435978354,0,435978354,2.64
30-Jun-2026,SMRA,SUMMARECON AGUNG Tbk,GOODRIDGE INTERNATIONAL LTD.,Private Equity,F,,"VIRGIN ISLANDS, BRITISH",12676868,541625211,554302079,3.36
30-Jun-2026,SMRA,SUMMARECON AGUNG Tbk,GOVERNMENT OF NORWAY,Sovereign Wealth Fund,F,,NORWAY,222169366,0,222169366,1.35
30-Jun-2026,SMRA,SUMMARECON AGUNG Tbk,UOB KAY HIAN PTE LTD,Securities Company,F,,SINGAPORE,486607191,0,486607191,2.95
30-Jun-2026,SMRU,SMR UTAMA Tbk,"TRADA ALAM MINERA TBK, PT",Corporate,L,,INDONESIA,6537292419,0,6537292419,52.3
30-Jun-2026,SMRU,SMR UTAMA Tbk,GOLDEN HARVEST COCOA LTD,Corporate,F,,"VIRGIN ISLANDS, BRITISH",241941000,0,241941000,1.94
30-Jun-2026,SMRU,SMR UTAMA Tbk,PT. ASURANSI JIWA IFG,Insurance,L,,INDONESIA,1235580313,0,1235580313,9.89
30-Jun-2026,SMRU,SMR UTAMA Tbk,PERUSAHAAN PERSEROAN (PERSERO) PT ASABRI,State Owned Enterprises,L,,INDONESIA,1148050473,0,1148050473,9.18
30-Jun-2026,SMRU,SMR UTAMA Tbk,Reksa Dana Pan Arcadia Dana Saham Bertumbuh,Exchange Traded Funds,L,,INDONESIA,344172400,0,344172400,2.75
30-Jun-2026,SMRU,SMR UTAMA Tbk,REKSA DANA SYARIAH POOL ADVISTA KAPITAL SYARIAH,Mutual Funds,L,,INDONESIA,324187800,0,324187800,2.59
30-Jun-2026,SMRU,SMR UTAMA Tbk,REKSA DANA SYARIAH TREASURE SAHAM BERKAH SYARIAH,Mutual Funds,L,,INDONESIA,160055000,0,160055000,1.28
30-Jun-2026,SMRU,SMR UTAMA Tbk,REKSA DANA TF SUPER MAXXI,Mutual Funds,L,,INDONESIA,148370500,0,148370500,1.19
30-Jun-2026,SMRU,SMR UTAMA Tbk,REKSA DANA SYARIAH AURORA SHARIA EQUITY,Mutual Funds,L,,INDONESIA,251078000,0,251078000,2.01
30-Jun-2026,SMRU,SMR UTAMA Tbk,Reksa Dana Syariah Pan Arcadia Ekuitas Syariah Progresif,Mutual Funds,L,,INDONESIA,136297814,0,136297814,1.09
30-Jun-2026,SMRU,SMR UTAMA Tbk,REKSA DANA POOL ADVISTA KAPITAL OPTIMAL,Mutual Funds,L,,INDONESIA,323202000,0,323202000,2.59
30-Jun-2026,SMRU,SMR UTAMA Tbk,REKSA DANA SYARIAH POOL ADVISTA EKUITAS OPTIMA SYARIAH,Mutual Funds,L,,INDONESIA,141000000,0,141000000,1.13
30-Jun-2026,SMSM,SELAMAT SEMPURNA Tbk,PT ADRINDO INTI PERKASA,Corporate,L,,,0,2910392136,2910392136,50.54
30-Jun-2026,SMSM,SELAMAT SEMPURNA Tbk,PT. SELARAS NUSANTARA CEMERLANG,Corporate,L,,INDONESIA,165517572,0,165517572,2.87
30-Jun-2026,SMSM,SELAMAT SEMPURNA Tbk,JPMCB NA AIF CLT RE-THE SCOTTISH ORIENTAL SMALLER COMPANIES TRUST PLC,Firm,F,,UNITED KINGDOM,140725500,0,140725500,2.44
30-Jun-2026,SMSM,SELAMAT SEMPURNA Tbk,ANG ANDRI PRIBADI,Individual,L,INDONESIAN,INDONESIA,0,116240000,116240000,2.02
30-Jun-2026,SMSM,SELAMAT SEMPURNA Tbk,SURJA HARTONO,Individual,L,INDONESIAN,,130000000,0,130000000,2.26
30-Jun-2026,SMSM,SELAMAT SEMPURNA Tbk,MERYANA HARTONO,Individual,L,INDONESIAN,INDONESIA,133368800,0,133368800,2.32
30-Jun-2026,SMSM,SELAMAT SEMPURNA Tbk,SURYADI HARTONO,Individual,L,INDONESIAN,INDONESIA,137600400,66040,137666440,2.39
30-Jun-2026,SMSM,SELAMAT SEMPURNA Tbk,OEIJ HUI PEK,Individual,L,INDONESIAN,,115173508,0,115173508,2.0
30-Jun-2026,SMSM,SELAMAT SEMPURNA Tbk,EDDY HARTONO,Individual,L,INDONESIAN,,79209652,0,79209652,1.38
30-Jun-2026,SMSM,SELAMAT SEMPURNA Tbk,DJOJO HARTONO,Individual,L,INDONESIAN,INDONESIA,132173100,0,132173100,2.3
30-Jun-2026,SMSM,SELAMAT SEMPURNA Tbk,FIDELITY INVESTMENT TRUST: FIDELITY SERIES INTERNATIONAL SMALL CAP FUND,Mutual Funds,F,,UNITED STATES,59822100,0,59822100,1.04
30-Jun-2026,SMSM,SELAMAT SEMPURNA Tbk,INVESCO INTERNATIONAL SMALL-MID COMPANY FUND,Hedge Fund,F,,UNITED STATES,102041700,0,102041700,1.77
30-Jun-2026,SMSM,SELAMAT SEMPURNA Tbk,JPMCB NA RE - VANGUARD INTERNATIONAL VALUE FUND,Mutual Funds,F,,UNITED STATES,175810416,0,175810416,3.05
30-Jun-2026,SMSM,SELAMAT SEMPURNA Tbk,FIDELITY FUNDS,Mutual Funds,F,,LUXEMBOURG,160378600,0,160378600,2.78
30-Jun-2026,SMSM,SELAMAT SEMPURNA Tbk,FIDELITY INVESTMENT TRUST:FIDELITY INTERNATIONAL SMALL CAP FUND,Mutual Funds,F,,UNITED STATES,206988500,0,206988500,3.59
30-Jun-2026,SNLK,SUNTER LAKESIDE HOTEL Tbk,PT KONSULTAN BISNIS PRIMA,Corporate,L,,INDONESIA,17550000,0,17550000,3.9
30-Jun-2026,SNLK,SUNTER LAKESIDE HOTEL Tbk,UNILINK VENTURES INC.,Venture Capital,F,,"VIRGIN ISLANDS, BRITISH",165116000,0,165116000,36.69
30-Jun-2026,SNLK,SUNTER LAKESIDE HOTEL Tbk,DBS BANK LTD.,Bank,F,,SINGAPORE,22000000,0,22000000,4.89
30-Jun-2026,SNLK,SUNTER LAKESIDE HOTEL Tbk,SAPTO UTOMO HIDAJAT,Individual,L,INDONESIAN,INDONESIA,44000000,0,44000000,9.78
30-Jun-2026,SNLK,SUNTER LAKESIDE HOTEL Tbk,SURJO LUHUR HIDAJAT,Individual,L,INDONESIAN,INDONESIA,22000000,0,22000000,4.89
30-Jun-2026,SNLK,SUNTER LAKESIDE HOTEL Tbk,ISABEL HIDAJAT,Individual,L,INDONESIAN,INDONESIA,6000000,0,6000000,1.33
30-Jun-2026,SNLK,SUNTER LAKESIDE HOTEL Tbk,JASON HIDAJAT,Individual,L,INDONESIAN,INDONESIA,15300000,0,15300000,3.4
30-Jun-2026,SNLK,SUNTER LAKESIDE HOTEL Tbk,LEONARD HIDAYAT,Individual,L,INDONESIAN,INDONESIA,20827000,0,20827000,4.63
30-Jun-2026,SNLK,SUNTER LAKESIDE HOTEL Tbk,DANIEL HIDAYAT,Individual,L,INDONESIAN,INDONESIA,22000000,0,22000000,4.89
30-Jun-2026,SNLK,SUNTER LAKESIDE HOTEL Tbk,ELAINE HIDAJAT,Individual,L,INDONESIAN,INDONESIA,6000000,0,6000000,1.33
30-Jun-2026,SNLK,SUNTER LAKESIDE HOTEL Tbk,ALEXANDER HIDAJAT,Individual,L,INDONESIAN,INDONESIA,15305000,0,15305000,3.4
30-Jun-2026,SNLK,SUNTER LAKESIDE HOTEL Tbk,PAMELA HIDAJAT,Individual,F,SINGAPOREAN,SINGAPORE,21000000,0,21000000,4.67
30-Jun-2026,SNLK,SUNTER LAKESIDE HOTEL Tbk,MAH MING FEI,Individual,F,MALAYSIAN,SINGAPORE,21600000,0,21600000,4.8
30-Jun-2026,SNLK,SUNTER LAKESIDE HOTEL Tbk,ELISHEA HIDAJAT (LIN YI),Individual,F,SINGAPOREAN,SINGAPORE,18700000,0,18700000,4.16
30-Jun-2026,SOCI,SOECHI LINES Tbk,PT INVESTAMA PRADANA USAHA,Corporate,L,,INDONESIA,0,324712696,324712696,4.6
30-Jun-2026,SOCI,SOECHI LINES Tbk,PT DANA CIPTA INDONUSA,Corporate,L,,INDONESIA,0,347200300,347200300,4.92
30-Jun-2026,SOCI,SOECHI LINES Tbk,PT GEMA INDAH HUTAMA,Corporate,L,,INDONESIA,0,324714000,324714000,4.6
30-Jun-2026,SOCI,SOECHI LINES Tbk,PT PILAR SUKSES UTAMA,Corporate,L,,INDONESIA,2474261252,0,2474261252,35.05
30-Jun-2026,SOCI,SOECHI LINES Tbk,PT. DARMA PERTIWI RAYA,Corporate,L,,INDONESIA,2474261252,0,2474261252,35.05
30-Jun-2026,SOCI,SOECHI LINES Tbk,HARTONO UTOMO,Individual,L,INDONESIAN,INDONESIA,116294500,0,116294500,1.65
30-Jun-2026,SOFA,SOLUSI ENVIRONMENT ASIA Tbk,PT. Sembilan Sembilan Berkat,Investment Advisors,L,,INDONESIA,49519400,0,49519400,2.99
30-Jun-2026,SOFA,SOLUSI ENVIRONMENT ASIA Tbk,PT ASIA INVESTMENT CAPITAL,Private Equity,L,,INDONESIA,1173500000,0,1173500000,70.97
30-Jun-2026,SOFA,SOLUSI ENVIRONMENT ASIA Tbk,DJONI,Individual,L,INDONESIAN,INDONESIA,27931700,0,27931700,1.69
30-Jun-2026,SOFA,SOLUSI ENVIRONMENT ASIA Tbk,TANDYONO,Individual,L,INDONESIAN,INDONESIA,48857100,0,48857100,2.95
30-Jun-2026,SOHO,SOHO GLOBAL HEALTH Tbk,MEDISIA INVESTMENT HOLDINGS PTE. LTD.,Private Equity,F,,SINGAPORE,2851733000,0,2851733000,22.47
30-Jun-2026,SOHO,SOHO GLOBAL HEALTH Tbk,TIBERIAS 96 PTY LTD,Investment Advisors,F,,AUSTRALIA,1269168240,0,1269168240,10.0
30-Jun-2026,SOHO,SOHO GLOBAL HEALTH Tbk,FRABURG PTY LIMITED,Firm,F,,AUSTRALIA,1173205040,0,1173205040,9.24
30-Jun-2026,SOHO,SOHO GLOBAL HEALTH Tbk,TAN GIOK NIO,Individual,L,INDONESIAN,INDONESIA,1143986170,0,1143986170,9.01
30-Jun-2026,SOHO,SOHO GLOBAL HEALTH Tbk,SUNRISE COMPANY LIMITED,Corporate,F,,CAYMAN ISLANDS,507667300,0,507667300,4.0
30-Jun-2026,SOHO,SOHO GLOBAL HEALTH Tbk,PRYSSELIUS LIMITED,Mutual Funds,F,,HONG KONG,624206700,0,624206700,4.92
30-Jun-2026,SOHO,SOHO GLOBAL HEALTH Tbk,UOB KAY HIAN PTE LTD,Securities Company,F,,SINGAPORE,5080564070,0,5080564070,40.03
30-Jun-2026,SOLA,XOLARE RCR ENERGY Tbk,PT ASHA RAHARJA PERSADA,Corporate,L,,INDONESIA,260208250,0,260208250,7.92
30-Jun-2026,SOLA,XOLARE RCR ENERGY Tbk,PT XOLABIT TERMINAL BITUMEN,Corporate,L,,INDONESIA,307870750,0,307870750,9.37
30-Jun-2026,SOLA,XOLARE RCR ENERGY Tbk,ENERGI HIJAU INVESTAMA,Corporate,L,,INDONESIA,1900000000,0,1900000000,57.8
30-Jun-2026,SOLA,XOLARE RCR ENERGY Tbk,IMAM BUCHAIRI,Individual,L,INDONESIAN,INDONESIA,68412500,0,68412500,2.08
30-Jun-2026,SOLA,XOLARE RCR ENERGY Tbk,MOCHAMAD BHADAIWI,Individual,L,INDONESIAN,INDONESIA,125788900,0,125788900,3.83
30-Jun-2026,SOLA,XOLARE RCR ENERGY Tbk,RUDY SUSANTO,Individual,L,INDONESIAN,INDONESIA,56202600,0,56202600,1.71
30-Jun-2026,SONA,SONA TOPAS TOURISM INDUSTRY Tbk,PRECISE PACIFIC REALTY PT,Corporate,L,,INDONESIA,209671080,0,209671080,31.65
30-Jun-2026,SONA,SONA TOPAS TOURISM INDUSTRY Tbk,PT PRATAMA CITRA KARUNIA,Corporate,L,,INDONESIA,298080000,0,298080000,45.0
30-Jun-2026,SONA,SONA TOPAS TOURISM INDUSTRY Tbk,WAHJUDI WIDJAJA,Individual,L,INDONESIAN,INDONESIA,9413900,0,9413900,1.42
30-Jun-2026,SONA,SONA TOPAS TOURISM INDUSTRY Tbk,TAHIR,Individual,L,INDONESIAN,INDONESIA,20792400,83207000,103999400,15.7
30-Jun-2026,SONA,SONA TOPAS TOURISM INDUSTRY Tbk,WING HARVEST LIMITED,Private Equity,F,,"VIRGIN ISLANDS, BRITISH",30000000,0,30000000,4.53
30-Jun-2026,SOSS,SHIELD ON SERVICE Tbk,"ALSOK CO., LTD.",Corporate,F,,JAPAN,963390935,0,963390935,98.86
30-Jun-2026,SOTS,SATRIA MEGA KENCANA Tbk,PT PANDITA INTI PERKASA,Corporate,L,,INDONESIA,49260000,0,49260000,4.93
30-Jun-2026,SOTS,SATRIA MEGA KENCANA Tbk,KANAWA RIZKI INVESTAMA PT,Private Equity,L,,INDONESIA,48350000,0,48350000,4.83
30-Jun-2026,SOTS,SATRIA MEGA KENCANA Tbk,PT PERAK SEDAYA GRUP,Corporate,L,,INDONESIA,49260000,0,49260000,4.93
30-Jun-2026,SOTS,SATRIA MEGA KENCANA Tbk,MAHAPA MITRA PERSADA PT,Corporate,L,,INDONESIA,38060000,0,38060000,3.81
30-Jun-2026,SOTS,SATRIA MEGA KENCANA Tbk,INDJUN,Individual,L,INDONESIAN,INDONESIA,141895700,0,141895700,14.19
30-Jun-2026,SOTS,SATRIA MEGA KENCANA Tbk,VONNY KRISTIANI,Individual,L,INDONESIAN,INDONESIA,99000000,0,99000000,9.9
30-Jun-2026,SOTS,SATRIA MEGA KENCANA Tbk,JON FIERIS,Individual,L,INDONESIAN,INDONESIA,48760000,0,48760000,4.88
30-Jun-2026,SOTS,SATRIA MEGA KENCANA Tbk,HERMAN HERRY ADRANACUS,Individual,L,INDONESIAN,INDONESIA,260000000,0,260000000,26.0
30-Jun-2026,SOTS,SATRIA MEGA KENCANA Tbk,STEVANO RIZKI ADRANACUS,Individual,L,INDONESIAN,INDONESIA,247967600,0,247967600,24.8
30-Jun-2026,SOUL,MITRA TIRTA BUWANA Tbk,"MAKNA PRAKARSA UTAMA, PT",Corporate,L,,INDONESIA,792488900,0,792488900,73.21
30-Jun-2026,SOUL,MITRA TIRTA BUWANA Tbk,SURYA HATTA,Individual,L,INDONESIAN,INDONESIA,53900000,0,53900000,4.98
30-Jun-2026,SOUL,MITRA TIRTA BUWANA Tbk,MINAR ALVIDA,Individual,L,INDONESIAN,INDONESIA,53000000,0,53000000,4.9
30-Jun-2026,SPMA,SUPARMA Tbk,PT GRAHA INTI HARAPAN,Corporate,L,,INDONESIA,437754302,0,437754302,10.68
30-Jun-2026,SPMA,SUPARMA Tbk,PT PACIFIC STAR SYNERGY,Corporate,L,,INDONESIA,2049446100,0,2049446100,49.98
30-Jun-2026,SPMA,SUPARMA Tbk,PT. GLORIAJAYA GEMPITA,Corporate,L,,INDONESIA,1010847294,0,1010847294,24.65
30-Jun-2026,SPMA,SUPARMA Tbk,HENG HOK SOEI,Individual,L,INDONESIAN,INDONESIA,60363944,0,60363944,1.47
30-Jun-2026,SPRE,SORAYA BERJAYA INDONESIA Tbk,PT. GALAKSI INVESTAMA CORPORA,Corporate,L,,INDONESIA,0,140000000,140000000,17.5
30-Jun-2026,SPRE,SORAYA BERJAYA INDONESIA Tbk,MARFETRA,Individual,L,INDONESIAN,INDONESIA,26600000,0,26600000,3.33
30-Jun-2026,SPRE,SORAYA BERJAYA INDONESIA Tbk,MOCH ADHI PAMUNGKAS,Individual,L,INDONESIAN,INDONESIA,24029900,0,24029900,3.0
30-Jun-2026,SPRE,SORAYA BERJAYA INDONESIA Tbk,MUSTOFA ROMDLONI,Individual,L,INDONESIAN,INDONESIA,13445800,0,13445800,1.68
30-Jun-2026,SPRE,SORAYA BERJAYA INDONESIA Tbk,YANYAN NURUSS SOPYAN,Individual,L,INDONESIAN,INDONESIA,15700000,0,15700000,1.96
30-Jun-2026,SPRE,SORAYA BERJAYA INDONESIA Tbk,RIZET RAMAWI,Individual,L,INDONESIAN,INDONESIA,222600000,0,222600000,27.83
30-Jun-2026,SPRE,SORAYA BERJAYA INDONESIA Tbk,DWI RISTRA UTAMI,Individual,L,INDONESIAN,INDONESIA,57400000,0,57400000,7.18
30-Jun-2026,SPRE,SORAYA BERJAYA INDONESIA Tbk,SAMSON JEFFERSON,Individual,L,INDONESIAN,INDONESIA,11316400,0,11316400,1.41
30-Jun-2026,SPRE,SORAYA BERJAYA INDONESIA Tbk,RIDHO FERMAN SHATRIO,Individual,L,INDONESIAN,INDONESIA,113400000,0,113400000,14.18
30-Jun-2026,SPRE,SORAYA BERJAYA INDONESIA Tbk,KEVIN REVIRO CITRA,Individual,L,INDONESIAN,INDONESIA,8898400,0,8898400,1.11
30-Jun-2026,SPTO,SURYA PERTIWI Tbk,"Multifortuna Asindo, PT",Corporate,L,,INDONESIA,810000000,0,810000000,30.0
30-Jun-2026,SPTO,SURYA PERTIWI Tbk,PT SURYAPARAMITRA ABADI,Corporate,L,,INDONESIA,810000000,0,810000000,30.0
30-Jun-2026,SPTO,SURYA PERTIWI Tbk,ZICO TRUST (S) LTD,Trustee Bank,F,,SINGAPORE,104625000,0,104625000,3.88
30-Jun-2026,SPTO,SURYA PERTIWI Tbk,PANGOLIN INV MANAG PTE LTD-PANGOLIN ASIA FUND,Investment Advisors,F,,CAYMAN ISLANDS,114552500,0,114552500,4.24
30-Jun-2026,SPTO,SURYA PERTIWI Tbk,BANK OF SINGAPORE LIMITED,Private Bank,F,,SINGAPORE,43668700,0,43668700,1.62
30-Jun-2026,SPTO,SURYA PERTIWI Tbk,DRS.JOHNNY,Individual,L,INDONESIAN,INDONESIA,31100000,0,31100000,1.15
30-Jun-2026,SPTO,SURYA PERTIWI Tbk,DUNROSS AND CO SA SICAV SIF,Mutual Funds,F,,LUXEMBOURG,129340700,0,129340700,4.79
30-Jun-2026,SPTO,SURYA PERTIWI Tbk,FOURTON KOMODO INDONESIA EQUITY INVESTMENT FUND,Mutual Funds,F,,FINLAND,40920000,0,40920000,1.52
30-Jun-2026,SPTO,SURYA PERTIWI Tbk,JPMCB NA AIF CLT RE-FIDELITY ASIAN VALUES PLC,Mutual Funds,F,,UNITED KINGDOM,55088600,0,55088600,2.04
30-Jun-2026,SPTO,SURYA PERTIWI Tbk,FIDELITY FUNDS,Mutual Funds,F,,LUXEMBOURG,136689000,0,136689000,5.06
30-Jun-2026,SPTO,SURYA PERTIWI Tbk,AVANDA GLOBAL MULTI-ASSET MASTER FUND,Mutual Funds,F,,CAYMAN ISLANDS,28214300,0,28214300,1.04
30-Jun-2026,SQMI,WILTON MAKMUR INDONESIA Tbk,PT PERUSAHAAN BONGKAR MUAT TRI MULIA BARUNA PERKASA,Corporate,L,,INDONESIA,185000000,0,185000000,1.19
30-Jun-2026,SQMI,WILTON MAKMUR INDONESIA Tbk,WILTON RESOURCES HOLDING PTE LTD,Private Equity,F,,SINGAPORE,8152954942,0,8152954942,52.47
30-Jun-2026,SQMI,WILTON MAKMUR INDONESIA Tbk,CGS INTERNATIONAL SECURITIES SINGAPORE PTE LTD,Private Bank,F,,SINGAPORE,3492256629,0,3492256629,22.48
30-Jun-2026,SQMI,WILTON MAKMUR INDONESIA Tbk,BANK JULIUS BAER & CO. LTD,Private Bank,F,,SINGAPORE,240970560,0,240970560,1.55
30-Jun-2026,SQMI,WILTON MAKMUR INDONESIA Tbk,RAHMAN KAMARUDDIN,Individual,L,INDONESIAN,INDONESIA,175000000,0,175000000,1.13
30-Jun-2026,SQMI,WILTON MAKMUR INDONESIA Tbk,ALPHONSUS A  DHARMAWAN,Individual,L,INDONESIAN,INDONESIA,160279400,0,160279400,1.03
30-Jun-2026,SQMI,WILTON MAKMUR INDONESIA Tbk,SUTIKNO KHUSUMO,Individual,L,INDONESIAN,INDONESIA,774395000,0,774395000,4.98
30-Jun-2026,SQMI,WILTON MAKMUR INDONESIA Tbk,MARCO HALIM LEMENA,Individual,L,INDONESIAN,INDONESIA,156894681,0,156894681,1.01
30-Jun-2026,SRAJ,"SEJAHTERARAYA ANUGRAHJAYA Tbk, PT",PT SURYA CIPTA INTI CEMERLANG,Firm,L,,INDONESIA,6152378489,0,6152378489,50.27
30-Jun-2026,SRAJ,"SEJAHTERARAYA ANUGRAHJAYA Tbk, PT",UNITY RISE LIMITED,Corporate,F,,"VIRGIN ISLANDS, BRITISH",580000000,0,580000000,4.74
30-Jun-2026,SRAJ,"SEJAHTERARAYA ANUGRAHJAYA Tbk, PT","BCSS MAVERICK (A) I, LP",Commanditaire Vennootschap (CV) Or Limited Partnership,F,,UNITED STATES,238254545,0,238254545,1.95
30-Jun-2026,SRAJ,"SEJAHTERARAYA ANUGRAHJAYA Tbk, PT","BCSS BORON A I, LP",Commanditaire Vennootschap (CV) Or Limited Partnership,F,,UNITED STATES,1046836254,0,1046836254,8.55
30-Jun-2026,SRAJ,"SEJAHTERARAYA ANUGRAHJAYA Tbk, PT",WING HARVEST LIMITED,Corporate,F,,"VIRGIN ISLANDS, BRITISH",675665754,0,675665754,5.52
30-Jun-2026,SRAJ,"SEJAHTERARAYA ANUGRAHJAYA Tbk, PT",CGS INTERNATIONAL SECURITIES SINGAPORE PTE LTD,Private Bank,F,,SINGAPORE,600001100,0,600001100,4.9
30-Jun-2026,SRAJ,"SEJAHTERARAYA ANUGRAHJAYA Tbk, PT",HARRY WANGIDJAJA,Individual,L,INDONESIAN,INDONESIA,255904100,0,255904100,2.09
30-Jun-2026,SRAJ,"SEJAHTERARAYA ANUGRAHJAYA Tbk, PT",HIGH PRO INVESTMENTS LIMITED,Private Equity,F,,"VIRGIN ISLANDS, BRITISH",2179993002,0,2179993002,17.81
30-Jun-2026,SRIL,SRI REJEKI ISMAN Tbk,PT HUDDLESTON INDONESIA,Corporate,L,,INDONESIA,11854091076,218750000,12072841076,59.03
30-Jun-2026,SRIL,SRI REJEKI ISMAN Tbk,CASSELL INTERNATIONAL PTE LTD,Corporate,F,,SINGAPORE,733734000,0,733734000,3.59
30-Jun-2026,SRIL,SRI REJEKI ISMAN Tbk,GRAFTON CAPITAL RESOURCES PTE LTD,Corporate,F,,SINGAPORE,900000000,0,900000000,4.4
30-Jun-2026,SRIL,SRI REJEKI ISMAN Tbk,CHESNEY INTERNATIONAL PTE LTD,Corporate,F,,SINGAPORE,925000000,0,925000000,4.52
30-Jun-2026,SRIL,SRI REJEKI ISMAN Tbk,KIATNAKIN PHATRA BANK PUBLIC COMPANY LIMITED,Bank,F,,THAILAND,437593400,0,437593400,2.14
30-Jun-2026,SRIL,SRI REJEKI ISMAN Tbk,DRS LO KHENG HONG,Individual,L,INDONESIAN,INDONESIA,209339500,0,209339500,1.02
30-Jun-2026,SRSN,INDO ACIDATAMA Tbk,"Budhi Bersaudara Manunggal, PT",Corporate,L,,INDONESIA,851685910,0,851685910,14.15
30-Jun-2026,SRSN,INDO ACIDATAMA Tbk,"SARANA INTEGRITAS, PT",Corporate,L,,INDONESIA,303457702,0,303457702,5.04
30-Jun-2026,SRSN,INDO ACIDATAMA Tbk,"KEMIRI SARANA INVESTAMA, PT",Investment Advisors,L,,INDONESIA,819055188,0,819055188,13.61
30-Jun-2026,SRSN,INDO ACIDATAMA Tbk,PT SAMA MANDIRI,Corporate,L,,INDONESIA,148125500,0,148125500,2.46
30-Jun-2026,SRSN,INDO ACIDATAMA Tbk,RENAISSANCE CAPITAL MGT INVT.,Private Equity,F,,SINGAPORE,133427500,0,133427500,2.22
30-Jun-2026,SRSN,INDO ACIDATAMA Tbk,BUDHI HARTONO,Individual,L,INDONESIAN,INDONESIA,596233053,0,596233053,9.9
30-Jun-2026,SRSN,INDO ACIDATAMA Tbk,BUDHI MOELJONO,Individual,L,INDONESIAN,INDONESIA,632261282,0,632261282,10.5
30-Jun-2026,SRSN,INDO ACIDATAMA Tbk,MULYADI UTOMO BUDHI MOELJONO,Individual,L,INDONESIAN,INDONESIA,166388388,0,166388388,2.76
30-Jun-2026,SRSN,INDO ACIDATAMA Tbk,FX BOEDI SOEBIANTO,Individual,L,INDONESIAN,INDONESIA,60244700,0,60244700,1.0
30-Jun-2026,SRSN,INDO ACIDATAMA Tbk,BUDHI SANTOSO,Individual,L,INDONESIAN,INDONESIA,596233053,0,596233053,9.9
30-Jun-2026,SRTG,SARATOGA INVESTAMA SEDAYA Tbk,PT UNITRAS PERTAMA,Corporate,L,,INDONESIA,3369610000,0,3369610000,24.84
30-Jun-2026,SRTG,SARATOGA INVESTAMA SEDAYA Tbk,PT UNITRAS KAPITAL INDONESIA,Corporate,L,,INDONESIA,534500000,0,534500000,3.94
30-Jun-2026,SRTG,SARATOGA INVESTAMA SEDAYA Tbk,EDWIN SOERYADJAYA,Individual,L,INDONESIAN,INDONESIA,4867505690,0,4867505690,35.88
30-Jun-2026,SRTG,SARATOGA INVESTAMA SEDAYA Tbk,SANDIAGA SALAHUDDIN UNO,Individual,L,INDONESIAN,INDONESIA,2917827145,0,2917827145,21.51
30-Jun-2026,SRTG,SARATOGA INVESTAMA SEDAYA Tbk,ZICO TRUST (S) LTD ATO BALANCE ENTERPRISE FIXED INCOME FUND,Private Equity,F,,SINGAPORE,460000000,0,460000000,3.39
30-Jun-2026,SSIA,SURYA SEMESTA INTERNUSA Tbk,PT DWIMURIA INVESTAMA ANDALAN,Private Equity,L,,INDONESIA,482000000,0,482000000,10.24
30-Jun-2026,SSIA,SURYA SEMESTA INTERNUSA Tbk,PERSADA CAPITAL INVESTAMA,Corporate,L,,INDONESIA,369188000,0,369188000,7.85
30-Jun-2026,SSIA,SURYA SEMESTA INTERNUSA Tbk,PT GEMA ADHINUSA PERSADA. PT,Corporate,L,,INDONESIA,91139888,0,91139888,1.94
30-Jun-2026,SSIA,SURYA SEMESTA INTERNUSA Tbk,PT ARMAN INVESTMENTS UTAMA,Private Equity,L,,INDONESIA,400826144,0,400826144,8.52
30-Jun-2026,SSIA,SURYA SEMESTA INTERNUSA Tbk,PT CHANDRA ASRI PACIFIC TBK,Corporate,L,,INDONESIA,229846365,0,229846365,4.88
30-Jun-2026,SSIA,SURYA SEMESTA INTERNUSA Tbk,INTREPID INVESTMENTS LIMITED,Corporate,F,,"VIRGIN ISLANDS, BRITISH",386015600,0,386015600,8.2
30-Jun-2026,SSIA,SURYA SEMESTA INTERNUSA Tbk,UBS AG SINGAPORE BRANCH,Private Bank,F,,SINGAPORE,51200000,0,51200000,1.09
30-Jun-2026,SSIA,SURYA SEMESTA INTERNUSA Tbk,HONKY HARJO,Individual,L,INDONESIAN,INDONESIA,47548500,0,47548500,1.01
30-Jun-2026,SSIA,SURYA SEMESTA INTERNUSA Tbk,FERRY SUDJONO,Individual,L,INDONESIAN,INDONESIA,122823443,0,122823443,2.61
30-Jun-2026,SSIA,SURYA SEMESTA INTERNUSA Tbk,REKSA DANA SYARIAH HENAN EKUITAS SYARIAH BERKAH,Mutual Funds,L,,INDONESIA,68052200,0,68052200,1.45
30-Jun-2026,SSIA,SURYA SEMESTA INTERNUSA Tbk,PT HENAN PUTIHRAI ASSET MANAGEMENT,Investment Manager,L,,INDONESIA,605392500,0,605392500,12.87
30-Jun-2026,SSIA,SURYA SEMESTA INTERNUSA Tbk,MORGAN STANLEY SMITH BARNEY LLC S/A MSSB LLC SECURITIES CLEARANCE,Investment Advisors,F,,UNITED STATES,154256076,0,154256076,3.28
30-Jun-2026,SSMS,SAWIT SUMBERMAS SARANA Tbk,CITRA BORNEO INDAH,Firm,L,,INDONESIA,1150247400,5120000000,6270247400,65.83
30-Jun-2026,SSMS,SAWIT SUMBERMAS SARANA Tbk,PT PUTRA BORNEO AGRO LESTARI,Firm,L,,INDONESIA,476938451,0,476938451,5.01
30-Jun-2026,SSMS,SAWIT SUMBERMAS SARANA Tbk,ALTO VITO INVESTMENTS LTD,Corporate,F,,"VIRGIN ISLANDS, BRITISH",350000000,0,350000000,3.67
30-Jun-2026,SSMS,SAWIT SUMBERMAS SARANA Tbk,MAYBANK SINGAPORE LIMITED,Bank,F,,SINGAPORE,447675000,0,447675000,4.7
30-Jun-2026,SSMS,SAWIT SUMBERMAS SARANA Tbk,OMAN INVESTMENT AUTHORITY,State Owned Enterprises,F,,OMAN,467592593,0,467592593,4.91
30-Jun-2026,SSMS,SAWIT SUMBERMAS SARANA Tbk,CGS INTERNATIONAL SECURITIES SINGAPORE PTE LTD,Private Bank,F,,SINGAPORE,332764950,0,332764950,3.49
30-Jun-2026,SSMS,SAWIT SUMBERMAS SARANA Tbk,MAYBANK GLOBAL GROWTH FUND VCC - MAYBANK GLOBAL GROWTH FUND 1,Investment Advisors,F,,SINGAPORE,471487500,0,471487500,4.95
30-Jun-2026,SSMS,SAWIT SUMBERMAS SARANA Tbk,MAYBANK SECURITIES PTE LTD,Brokerage Firms,F,,SINGAPORE,143387975,0,143387975,1.51
30-Jun-2026,SSTM,SUNSON TEXTILE MANUFACTURER Tbk,SISCA,Individual,L,INDONESIAN,INDONESIA,13645100,0,13645100,1.17
30-Jun-2026,SSTM,SUNSON TEXTILE MANUFACTURER Tbk,SUNDJONO SURIADI,Individual,L,INDONESIAN,INDONESIA,27358500,450519181,477877681,40.81
30-Jun-2026,SSTM,SUNSON TEXTILE MANUFACTURER Tbk,SILVIA SURIADI,Individual,L,INDONESIAN,,14051000,5100000,19151000,1.64
30-Jun-2026,SSTM,SUNSON TEXTILE MANUFACTURER Tbk,RUDIYANTO,Individual,L,INDONESIAN,INDONESIA,22475000,0,22475000,1.92
30-Jun-2026,SSTM,SUNSON TEXTILE MANUFACTURER Tbk,MARIAH SURIADI,Individual,L,INDONESIAN,,21782000,0,21782000,1.86
30-Jun-2026,SSTM,SUNSON TEXTILE MANUFACTURER Tbk,REISE SURIADI,Individual,L,INDONESIAN,,13797000,5100000,18897000,1.61
30-Jun-2026,SSTM,SUNSON TEXTILE MANUFACTURER Tbk,OEMAR SURIADI,,,,,0,18000000,18000000,1.54
30-Jun-2026,SSTM,SUNSON TEXTILE MANUFACTURER Tbk,BERNARDI WIDJAJAKUSUMA,,,,,0,14031500,14031500,1.2
30-Jun-2026,SSTM,SUNSON TEXTILE MANUFACTURER Tbk,"SUNSONINDO TEXTILE INVESTAMA, PT",,,,,0,480000000,480000000,40.99
30-Jun-2026,STAA,SUMBER TANI AGUNG RESOURCES Tbk,PT MALIBU INDAH LESTARI,Corporate,L,,INDONESIA,0,4000610106,4000610106,36.69
30-Jun-2026,STAA,SUMBER TANI AGUNG RESOURCES Tbk,PT OAKMONT GLOBAL INVESTMENT,Private Equity,L,,INDONESIA,500513500,0,500513500,4.59
30-Jun-2026,STAA,SUMBER TANI AGUNG RESOURCES Tbk,PT GREEN CAPITAL PARTNERS,Private Equity,L,,INDONESIA,430124600,0,430124600,3.94
30-Jun-2026,STAA,SUMBER TANI AGUNG RESOURCES Tbk,PT CENTRAL INVESTA NUSANTARA,Corporate,L,,INDONESIA,176824800,0,176824800,1.62
30-Jun-2026,STAA,SUMBER TANI AGUNG RESOURCES Tbk,PT KEDATON PERKASA,Corporate,L,,INDONESIA,0,3147542660,3147542660,28.87
30-Jun-2026,STAA,SUMBER TANI AGUNG RESOURCES Tbk,PT. LAJU BERSAMA SEJATI,Corporate,L,,INDONESIA,500000000,0,500000000,4.59
30-Jun-2026,STAA,SUMBER TANI AGUNG RESOURCES Tbk,PT. INTAN PELITA LESTARI,Corporate,L,,INDONESIA,295918400,0,295918400,2.71
30-Jun-2026,STAA,SUMBER TANI AGUNG RESOURCES Tbk,PT. TIGA UNGGUL BERSAMA,Corporate,L,,INDONESIA,224489800,0,224489800,2.06
30-Jun-2026,STAA,SUMBER TANI AGUNG RESOURCES Tbk,"PELITA SUKSES SEJATI, PT",Corporate,L,,INDONESIA,681948774,0,681948774,6.25
30-Jun-2026,STAA,SUMBER TANI AGUNG RESOURCES Tbk,UNITED OVERSEAS BANK NOMINEES (PRIVATE) LIMITED,Private Bank,F,,SINGAPORE,517910260,0,517910260,4.75
30-Jun-2026,STAR,BUANA ARTHA ANUGERAH Tbk,PT BATAVIA DANA ULTIMA,Corporate,L,,INDONESIA,235000000,0,235000000,4.9
30-Jun-2026,STAR,BUANA ARTHA ANUGERAH Tbk,PT. Sejahtera Mahkota Persada,Corporate,L,,INDONESIA,238897300,0,238897300,4.98
30-Jun-2026,STAR,BUANA ARTHA ANUGERAH Tbk,PT ZED UTAMA PERSADA,Firm,L,,INDONESIA,50384100,0,50384100,1.05
30-Jun-2026,STAR,BUANA ARTHA ANUGERAH Tbk,PT. ALANA CIPTA SELARAS,Corporate,L,,INDONESIA,160167600,0,160167600,3.34
30-Jun-2026,STAR,BUANA ARTHA ANUGERAH Tbk,PT TIRTA CITRA SOLUSI,Corporate,L,,INDONESIA,51605100,0,51605100,1.08
30-Jun-2026,STAR,BUANA ARTHA ANUGERAH Tbk,"SUMBER TEKNOLOGI MULIA, PT",Corporate,L,,INDONESIA,236076000,0,236076000,4.92
30-Jun-2026,STAR,BUANA ARTHA ANUGERAH Tbk,PT SETIABUDI DANA PRIMA,Corporate,L,,INDONESIA,237000000,0,237000000,4.94
30-Jun-2026,STAR,BUANA ARTHA ANUGERAH Tbk,PT. BARA SEJAHTERA SUKSES,Corporate,L,,INDONESIA,65100000,0,65100000,1.36
30-Jun-2026,STAR,BUANA ARTHA ANUGERAH Tbk,PT BNP PESONA SOLARIS,Corporate,L,,INDONESIA,237240000,0,237240000,4.94
30-Jun-2026,STAR,BUANA ARTHA ANUGERAH Tbk,LION ALPHA LIMITED,Investment Advisors,F,,HONG KONG,93750600,0,93750600,1.95
30-Jun-2026,STAR,BUANA ARTHA ANUGERAH Tbk,CALCULUS INVESTMENT PTE.LTD,Investment Advisors,F,,SINGAPORE,1544925000,0,1544925000,32.19
30-Jun-2026,STAR,BUANA ARTHA ANUGERAH Tbk,LGT GLOBAL LIMITED,Corporate,F,,HONG KONG,232120000,0,232120000,4.84
30-Jun-2026,STAR,BUANA ARTHA ANUGERAH Tbk,STONEPEAK INVESTMENT LIMITED,Investment Advisors,F,,HONG KONG,235000000,0,235000000,4.9
30-Jun-2026,STAR,BUANA ARTHA ANUGERAH Tbk,BANQUE PICTET AND CIE SA,Bank,F,,SWITZERLAND,219383600,0,219383600,4.57
30-Jun-2026,STAR,BUANA ARTHA ANUGERAH Tbk,REKSA DANA FOSTER EQUITY FUND,Mutual Funds,L,,INDONESIA,69810000,0,69810000,1.45
30-Jun-2026,STAR,BUANA ARTHA ANUGERAH Tbk,REKSA DANA GEMILANG DANA SAHAM INDONESIA,Mutual Funds,L,,INDONESIA,48851100,0,48851100,1.02
30-Jun-2026,STAR,BUANA ARTHA ANUGERAH Tbk,REKSA DANA CAPITAL BALANCED FUND,Mutual Funds,L,,INDONESIA,88644200,0,88644200,1.85
30-Jun-2026,STAR,BUANA ARTHA ANUGERAH Tbk,REKSA DANA CAPITAL EQUITY FUND,Mutual Funds,L,,INDONESIA,83700000,0,83700000,1.74
30-Jun-2026,STAR,BUANA ARTHA ANUGERAH Tbk,EASTERN PEAK GROUP CORPORATION,Partnership,F,,"VIRGIN ISLANDS, BRITISH",197758500,0,197758500,4.12
30-Jun-2026,STAR,BUANA ARTHA ANUGERAH Tbk,PT. CAPITAL ASSET MANAGEMENT,Investment Manager,L,,INDONESIA,193000000,0,193000000,4.02
30-Jun-2026,STRK,LOVINA BEACH BREWERY Tbk,BARITO MAS SUKSES,Corporate,L,,INDONESIA,6633434000,0,6633434000,61.87
30-Jun-2026,STRK,LOVINA BEACH BREWERY Tbk,SELALU BERSAMA ANUGERAH PT,Corporate,L,,INDONESIA,350598900,0,350598900,3.27
30-Jun-2026,STRK,LOVINA BEACH BREWERY Tbk,DBS BANK LTD.,Bank,F,,SINGAPORE,107754100,0,107754100,1.0
30-Jun-2026,STRK,LOVINA BEACH BREWERY Tbk,VERONICA PUDJIATI LIAS,Individual,L,INDONESIAN,INDONESIA,107579000,0,107579000,1.0
30-Jun-2026,STRK,LOVINA BEACH BREWERY Tbk,PHILLIP SECURITIES PTE LTD,Investment Manager,F,,SINGAPORE,1700042700,0,1700042700,15.86
30-Jun-2026,STTP,SIANTAR TOP Tbk,PT. HARAPAN CAHAYA NUSANTARA,Corporate,L,,INDONESIA,25000000,0,25000000,1.91
30-Jun-2026,STTP,SIANTAR TOP Tbk,SHINDO TIARA TUNGGAL,Corporate,L,,INDONESIA,743600500,0,743600500,56.76
30-Jun-2026,STTP,SIANTAR TOP Tbk,DBS BANK LTD.,Bank,F,,SINGAPORE,56750000,0,56750000,4.33
30-Jun-2026,STTP,SIANTAR TOP Tbk,HENG HOK SOEI,Individual,L,INDONESIAN,INDONESIA,40605000,0,40605000,3.1
30-Jun-2026,STTP,SIANTAR TOP Tbk,ROBIN SINDO,Individual,L,INDONESIAN,INDONESIA,94103900,0,94103900,7.18
30-Jun-2026,STTP,SIANTAR TOP Tbk,MARIATI,Individual,L,INDONESIAN,INDONESIA,84072300,0,84072300,6.42
30-Jun-2026,STTP,SIANTAR TOP Tbk,HENG BOEN LOEN,Individual,L,INDONESIAN,INDONESIA,26403200,0,26403200,2.02
30-Jun-2026,STTP,SIANTAR TOP Tbk,AMELIA SINTARI,Individual,L,INDONESIAN,INDONESIA,87143100,0,87143100,6.65
30-Jun-2026,STTP,SIANTAR TOP Tbk,MELISSA SINTARI,Individual,L,INDONESIAN,INDONESIA,20619200,0,20619200,1.57
30-Jun-2026,STTP,SIANTAR TOP Tbk,JULIA SINTARI,Individual,L,INDONESIAN,INDONESIA,64834000,0,64834000,4.95
30-Jun-2026,SUGI,"SUGIH ENERGY Tbk, PT",BUMI SUMBER SWARNA PT,Corporate,L,,INDONESIA,793166486,0,793166486,3.2
30-Jun-2026,SUGI,"SUGIH ENERGY Tbk, PT",SUNRISE ASSETS GROUP LIMITED,Corporate,F,,"VIRGIN ISLANDS, BRITISH",1609680300,0,1609680300,6.49
30-Jun-2026,SUGI,"SUGIH ENERGY Tbk, PT",HORIZONTE OPPORTUNITIES FUND SPC,Corporate,F,,CAYMAN ISLANDS,1197156233,0,1197156233,4.82
30-Jun-2026,SUGI,"SUGIH ENERGY Tbk, PT",ORTUS HOLDING LTD WM CLIENT,Corporate,F,,"VIRGIN ISLANDS, BRITISH",488750000,0,488750000,1.97
30-Jun-2026,SUGI,"SUGIH ENERGY Tbk, PT",Louisa.DM,Individual,L,INDONESIAN,,255656619,0,255656619,1.03
30-Jun-2026,SUGI,"SUGIH ENERGY Tbk, PT",GLENN RAHAYU ADLI ARIFF,Individual,L,INDONESIAN,,1152022299,0,1152022299,4.64
30-Jun-2026,SUGI,"SUGIH ENERGY Tbk, PT",Effie Agustina S,Individual,L,INDONESIAN,,428169038,0,428169038,1.73
30-Jun-2026,SUGI,"SUGIH ENERGY Tbk, PT",AJB BUMI PUTERA 1912,Insurance,L,,INDONESIA,620990100,0,620990100,2.5
30-Jun-2026,SUGI,"SUGIH ENERGY Tbk, PT",PT. ASURANSI JIWA IFG,Insurance,L,,INDONESIA,969305073,0,969305073,3.91
30-Jun-2026,SUGI,"SUGIH ENERGY Tbk, PT",REKSA DANA NARADA SAHAM INDONESIA,Mutual Funds,L,,INDONESIA,379068800,0,379068800,1.53
30-Jun-2026,SUGI,"SUGIH ENERGY Tbk, PT",REKSA DANA OSO FLORES EQUITY FUND,Mutual Funds,L,,INDONESIA,477645200,0,477645200,1.93
30-Jun-2026,SUGI,"SUGIH ENERGY Tbk, PT",JAKSA AGUNG MUDA BIDANG TINDAK PIDANA KHUSUS KEJAKSAAN REPUBLIK INDONESIA KEJAKSAAN REPUBLIK INDONESIA,Government,L,,INDONESIA,511628140,0,511628140,2.06
30-Jun-2026,SUGI,"SUGIH ENERGY Tbk, PT",ASIACITI TRUST SINGAPORE PTE.LTD,Private Equity,F,,SINGAPORE,2857994407,0,2857994407,11.52
30-Jun-2026,SUGI,"SUGIH ENERGY Tbk, PT",INTERVENTURES  CAPITAL PTE. LTD,Corporate,F,,SINGAPORE,1912283046,0,1912283046,7.71
30-Jun-2026,SUGI,"SUGIH ENERGY Tbk, PT",DANA PENSIUN PERTAMINA,Pension Funds,L,,INDONESIA,1997328440,0,1997328440,8.05
30-Jun-2026,SUGI,"SUGIH ENERGY Tbk, PT",PT ALDIRACITA SEKURITAS INDONESIA,Securities Company,L,,INDONESIA,410148500,0,410148500,1.65
30-Jun-2026,SUGI,"SUGIH ENERGY Tbk, PT",GOLDMAN SACHS INTERNATIONAL,Securities Company,F,,UNITED KINGDOM,357868850,0,357868850,1.44
30-Jun-2026,SUGI,"SUGIH ENERGY Tbk, PT",CREDIT SUISSE SEC (EUROPE) LIMITED-94644000,Securities Company,F,,UNITED KINGDOM,393285300,0,393285300,1.59
30-Jun-2026,SULI,SLJ GLOBAL Tbk,PT PUTRA BUANA INDONESIA WOOD INDUSTRY,Corporate,L,,INDONESIA,327182564,0,327182564,5.18
30-Jun-2026,SULI,SLJ GLOBAL Tbk,PT MAHANUSA BUMI PERTIWI,Corporate,L,,INDONESIA,134834800,0,134834800,2.13
30-Jun-2026,SULI,SLJ GLOBAL Tbk,PT SANI MARDANI RESOURCES,Corporate,L,,INDONESIA,84509628,0,84509628,1.34
30-Jun-2026,SULI,SLJ GLOBAL Tbk,PT BORNEO KARYA PERSADA,Corporate,L,,INDONESIA,286666667,0,286666667,4.54
30-Jun-2026,SULI,SLJ GLOBAL Tbk,PT PELAYARAN SENTRA ARUNG MAKMUR,Corporate,L,,INDONESIA,296528691,0,296528691,4.69
30-Jun-2026,SULI,SLJ GLOBAL Tbk,NATUREVERSE INC. (PTE. LTD.),Corporate,F,,SINGAPORE,2269423302,0,2269423302,35.9
30-Jun-2026,SULI,SLJ GLOBAL Tbk,BANK JULIUS BAER & CO. LTD,Private Bank,F,,SINGAPORE,114750000,0,114750000,1.82
30-Jun-2026,SULI,SLJ GLOBAL Tbk,UBS AG HONGKONG,Private Bank,F,,HONG KONG,162000000,0,162000000,2.56
30-Jun-2026,SULI,SLJ GLOBAL Tbk,AMIR SUNARKO,Individual,L,INDONESIAN,INDONESIA,288330746,0,288330746,4.56
30-Jun-2026,SULI,SLJ GLOBAL Tbk,SIENNY MURNIAWANTI,Individual,L,INDONESIAN,INDONESIA,226524400,0,226524400,3.58
30-Jun-2026,SULI,SLJ GLOBAL Tbk,HERLINA TJHANG,Individual,L,INDONESIAN,,101974104,0,101974104,1.61
30-Jun-2026,SULI,SLJ GLOBAL Tbk,GOH POH HENG,Individual,F,MALAYSIAN,,99865800,0,99865800,1.58
30-Jun-2026,SULI,SLJ GLOBAL Tbk,HUI PAK KONG,Individual,F,,HONG KONG,104733333,0,104733333,1.66
30-Jun-2026,SULI,SLJ GLOBAL Tbk,MATARAM LIMITED,Investment Manager,F,,"VIRGIN ISLANDS, BRITISH",954043418,0,954043418,15.09
30-Jun-2026,SUNI,SUNINDO PRATAMA Tbk,PT SUNINDO PRATAMA TBK,Corporate,L,,INDONESIA,93600000,0,93600000,3.74
30-Jun-2026,SUNI,SUNINDO PRATAMA Tbk,KEMAS ABDURRACHMAN,Individual,L,INDONESIAN,INDONESIA,40700000,0,40700000,1.63
30-Jun-2026,SUNI,SUNINDO PRATAMA Tbk,SRIE MARTINA,Individual,L,INDONESIAN,INDONESIA,38800000,0,38800000,1.55
30-Jun-2026,SUNI,SUNINDO PRATAMA Tbk,WILLY JOHAN CHANDRA,Individual,L,INDONESIAN,INDONESIA,0,285000000,285000000,11.4
30-Jun-2026,SUNI,SUNINDO PRATAMA Tbk,SOE TO TIE LIN,Individual,L,INDONESIAN,INDONESIA,0,1615000000,1615000000,64.6
30-Jun-2026,SUNI,SUNINDO PRATAMA Tbk,CHONG HON CHO,Individual,F,CHINESE,CHINA,98786500,0,98786500,3.95
30-Jun-2026,SUNI,SUNINDO PRATAMA Tbk,WEE CHAN TEIN,Individual,F,CHINESE,CHINA,93767500,0,93767500,3.75
30-Jun-2026,SUNI,SUNINDO PRATAMA Tbk,CHIN YAN ZOE FUNG,Individual,F,CHINESE,CHINA,106562300,0,106562300,4.26
30-Jun-2026,SUPA,SUPER BANK INDONESIA Tbk,PT ELANG MEDIA VISITAMA,Corporate,L,,INDONESIA,9379640459,0,9379640459,27.67
30-Jun-2026,SUPA,SUPER BANK INDONESIA Tbk,KUDO TEKNOLOGI INDONESIA,Corporate,L,,INDONESIA,5311370522,338970200,5650340722,16.67
30-Jun-2026,SUPA,SUPER BANK INDONESIA Tbk,PT TIGA SIRA SEJAHTERA,Corporate,L,,INDONESIA,958207669,0,958207669,2.83
30-Jun-2026,SUPA,SUPER BANK INDONESIA Tbk,A5-DB HOLDINGS PTE. LTD.,Venture Capital,F,,SINGAPORE,5605786773,0,5605786773,16.54
30-Jun-2026,SUPA,SUPER BANK INDONESIA Tbk,KAKAOBANK CORP,Bank,F,,"KOREA, REPUBLIC OF",2934040535,0,2934040535,8.66
30-Jun-2026,SUPA,SUPER BANK INDONESIA Tbk,GXS BANK PTE. LTD.,Bank,F,,SINGAPORE,2446594050,3538848642,5985442692,17.66
30-Jun-2026,SUPA,SUPER BANK INDONESIA Tbk,GLAS TRUST (S) LTD.,Trustee Bank,F,,SINGAPORE,650000000,0,650000000,1.92
30-Jun-2026,SUPR,SOLUSI TUNAS PRATAMA Tbk,PT PROFESIONAL TELEKOMUNIKASI INDONESIA,Corporate,L,,INDONESIA,235,1107187654,1107187889,97.33
30-Jun-2026,SUPR,SOLUSI TUNAS PRATAMA Tbk,PT IFORTE SOLUSI INFOTEK,Corporate,L,,INDONESIA,29411765,0,29411765,2.59
30-Jun-2026,SURE,SUPER ENERGY Tbk,TOKYO GAS ASIA PTE. LTD.,Corporate,F,,SINGAPORE,500190643,0,500190643,33.4
30-Jun-2026,SURE,SUPER ENERGY Tbk,Moh. Sjahrullah,Individual,L,INDONESIAN,INDONESIA,26987900,0,26987900,1.8
30-Jun-2026,SURE,SUPER ENERGY Tbk,"Asian Global Energy, Pte. Ltd",Corporate,F,,"VIRGIN ISLANDS, BRITISH",72000000,0,72000000,4.81
30-Jun-2026,SURE,SUPER ENERGY Tbk,PT SUPER CAPITAL INDONESIA,,,,,0,881590000,881590000,58.87
30-Jun-2026,SURI,MAJA AGUNG LATEXINDO Tbk,PT TRIMITRA CIPTASELARAS,Firm,L,,INDONESIA,164445800,0,164445800,2.6
30-Jun-2026,SURI,MAJA AGUNG LATEXINDO Tbk,HANSEN JAP,Individual,L,INDONESIAN,INDONESIA,5413105100,0,5413105100,85.46
30-Jun-2026,SURI,MAJA AGUNG LATEXINDO Tbk,LEO AGUNG VITO WICAKSANA,Individual,L,INDONESIAN,INDONESIA,88050000,0,88050000,1.39
30-Jun-2026,SWAT,SRIWAHANA ADITYAKARTA Tbk,SUMBER MAKMUR LUMINTU PT,Corporate,L,,,0,2331450000,2331450000,77.22
30-Jun-2026,SWAT,SRIWAHANA ADITYAKARTA Tbk,ARIO TRIDA WIDYATMOKO,Individual,L,INDONESIAN,INDONESIA,49712400,0,49712400,1.65
30-Jun-2026,SWAT,SRIWAHANA ADITYAKARTA Tbk,MAKMUR STEPFANIE,Individual,L,INDONESIAN,INDONESIA,49988400,0,49988400,1.66
30-Jun-2026,SWAT,SRIWAHANA ADITYAKARTA Tbk,HOK GWAN (DHARMO BUDIONO),Individual,L,INDONESIAN,INDONESIA,80616100,0,80616100,2.67
30-Jun-2026,SWID,SARASWANTI INDOLAND DEVELOPMENT Tbk,PT. SURAPON BERKAH MAKMUR,Corporate,L,,INDONESIA,149770700,0,149770700,2.78
30-Jun-2026,SWID,SARASWANTI INDOLAND DEVELOPMENT Tbk,UMAR RAHMADHANI,Individual,L,INDONESIAN,INDONESIA,222322034,0,222322034,4.13
30-Jun-2026,SWID,SARASWANTI INDOLAND DEVELOPMENT Tbk,BOGAT AGUS RIYONO,Individual,L,INDONESIAN,INDONESIA,4962700,855084746,860047446,15.97
30-Jun-2026,SWID,SARASWANTI INDOLAND DEVELOPMENT Tbk,HARI GUNAWAN LIANTO,Individual,L,INDONESIAN,INDONESIA,205220339,0,205220339,3.81
30-Jun-2026,SWID,SARASWANTI INDOLAND DEVELOPMENT Tbk,H ULYA ABDILLAH,Individual,L,INDONESIAN,INDONESIA,179567797,0,179567797,3.33
30-Jun-2026,SWID,SARASWANTI INDOLAND DEVELOPMENT Tbk,NADIA CITRANTI ANDARINI,Individual,L,INDONESIAN,INDONESIA,162466101,0,162466101,3.02
30-Jun-2026,SWID,SARASWANTI INDOLAND DEVELOPMENT Tbk,PT SARASWANTI UTAMA,,,,,0,3420338983,3420338983,63.52
30-Jun-2026,TALF,TUNAS ALFIN Tbk,PT PROINVESTINDO,Private Equity,L,,INDONESIA,1223595500,0,1223595500,90.41
30-Jun-2026,TALF,TUNAS ALFIN Tbk,FIONA MINTARYA,Individual,L,INDONESIAN,INDONESIA,15000000,0,15000000,1.11
30-Jun-2026,TALF,TUNAS ALFIN Tbk,FREDY M LIANDO,Individual,L,INDONESIAN,INDONESIA,16000000,0,16000000,1.18
30-Jun-2026,TALF,TUNAS ALFIN Tbk,HANDY WIDJAJA,Individual,L,INDONESIAN,INDONESIA,15000000,0,15000000,1.11
30-Jun-2026,TALF,TUNAS ALFIN Tbk,UOB KAY HIAN PTE LTD,Securities Company,F,,SINGAPORE,65223700,0,65223700,4.82
30-Jun-2026,TAMA,LANCARTAMA SEJATI Tbk,"LANCARTAMA TIRTA ANGGARA, PT",Corporate,L,,INDONESIA,519720020,84255114,603975134,50.33
30-Jun-2026,TAMA,LANCARTAMA SEJATI Tbk,DARREN DWI JAYA,Individual,L,INDONESIAN,INDONESIA,52800100,0,52800100,4.4
30-Jun-2026,TAMA,LANCARTAMA SEJATI Tbk,JONI,Individual,L,INDONESIAN,INDONESIA,18615600,0,18615600,1.55
30-Jun-2026,TAMA,LANCARTAMA SEJATI Tbk,FELICIA STEPHANIE,Individual,L,INDONESIAN,INDONESIA,28888200,0,28888200,2.41
30-Jun-2026,TAMA,LANCARTAMA SEJATI Tbk,KATHRIN WIDJAJA,Individual,L,INDONESIAN,INDONESIA,139280200,0,139280200,11.61
30-Jun-2026,TAMA,LANCARTAMA SEJATI Tbk,HENDRA,Individual,L,INDONESIAN,INDONESIA,21773900,0,21773900,1.81
30-Jun-2026,TAMA,LANCARTAMA SEJATI Tbk,VERAH WAHYUDI S WONG,Individual,L,INDONESIAN,INDONESIA,117482600,0,117482600,9.79
30-Jun-2026,TAMU,PELAYARAN TAMARIN SAMUDRA Tbk,PT ANDALAN LEPAS PANTAI,Corporate,L,,INDONESIA,29999900000,0,29999900000,80.0
30-Jun-2026,TAMU,PELAYARAN TAMARIN SAMUDRA Tbk,STAR TREASURE GROUP LIMITED,Firm,F,,"VIRGIN ISLANDS, BRITISH",1140638064,0,1140638064,3.04
30-Jun-2026,TAMU,PELAYARAN TAMARIN SAMUDRA Tbk,VENTURE BLUE HOLDINGS LIMITED,Venture Capital,F,,"VIRGIN ISLANDS, BRITISH",832541256,0,832541256,2.22
30-Jun-2026,TAMU,PELAYARAN TAMARIN SAMUDRA Tbk,CAPITAL PLAN INTERNATIONAL LIMITED,Venture Capital,F,,"VIRGIN ISLANDS, BRITISH",1754100000,0,1754100000,4.68
30-Jun-2026,TAMU,PELAYARAN TAMARIN SAMUDRA Tbk,UBS SWITZERLAND AG,Trustee Bank,F,,SWITZERLAND,1551591000,0,1551591000,4.14
30-Jun-2026,TAPG,TRIPUTRA AGRO PERSADA Tbk,PERSADA CAPITAL INVESTAMA,Corporate,L,,INDONESIA,6565109373,0,6565109373,33.07
30-Jun-2026,TAPG,TRIPUTRA AGRO PERSADA Tbk,DAYA ADICIPTA MUSTIKA PT,Firm,L,,INDONESIA,3958643004,0,3958643004,19.94
30-Jun-2026,TAPG,TRIPUTRA AGRO PERSADA Tbk,TRIPUTRA INVESTINDO ARYA,Corporate,L,,INDONESIA,4785958455,0,4785958455,24.11
30-Jun-2026,TAPG,TRIPUTRA AGRO PERSADA Tbk,IR. T. PERMADI RACHMAT,Individual,L,INDONESIAN,INDONESIA,1012515800,0,1012515800,5.1
30-Jun-2026,TAPG,TRIPUTRA AGRO PERSADA Tbk,NY. T. P. RACHMAT L. R. IMANTO,Individual,L,INDONESIAN,INDONESIA,678431368,0,678431368,3.42
30-Jun-2026,TARA,AGUNG SEMESTA SEJAHTERA Tbk,PT ZED UTAMA PERSADA,Firm,L,,INDONESIA,418551000,0,418551000,4.16
30-Jun-2026,TARA,AGUNG SEMESTA SEJAHTERA Tbk,PT. ALANA CIPTA SELARAS,Corporate,L,,INDONESIA,400000035,0,400000035,3.97
30-Jun-2026,TARA,AGUNG SEMESTA SEJAHTERA Tbk,PT. Askar Pelangi Abadi,Corporate,L,,INDONESIA,418550000,0,418550000,4.16
30-Jun-2026,TARA,AGUNG SEMESTA SEJAHTERA Tbk,PT TIRTA CITRA SOLUSI,Corporate,L,,INDONESIA,418550000,0,418550000,4.16
30-Jun-2026,TARA,AGUNG SEMESTA SEJAHTERA Tbk,"SUMBER TEKNOLOGI MULIA, PT",Corporate,L,,INDONESIA,418550000,0,418550000,4.16
30-Jun-2026,TARA,AGUNG SEMESTA SEJAHTERA Tbk,PT PACIFIC INDOCORPORA INDONESIA,Corporate,L,,INDONESIA,465088700,0,465088700,4.62
30-Jun-2026,TARA,AGUNG SEMESTA SEJAHTERA Tbk,PT FALCON ASIA INVESTAMA,Investment Advisors,L,,INDONESIA,235000000,0,235000000,2.33
30-Jun-2026,TARA,AGUNG SEMESTA SEJAHTERA Tbk,PT. BARA SEJAHTERA SUKSES,Corporate,L,,INDONESIA,247600000,0,247600000,2.46
30-Jun-2026,TARA,AGUNG SEMESTA SEJAHTERA Tbk,PT. MEGAH ANGKASA PERKASA,Corporate,L,,INDONESIA,418550000,0,418550000,4.16
30-Jun-2026,TARA,AGUNG SEMESTA SEJAHTERA Tbk,PT ARIMA KARYA PERSADA,Corporate,L,,INDONESIA,233390000,0,233390000,2.32
30-Jun-2026,TARA,AGUNG SEMESTA SEJAHTERA Tbk,PT. NILA BANYU PERMAI,Firm,L,,INDONESIA,373697400,0,373697400,3.71
30-Jun-2026,TARA,AGUNG SEMESTA SEJAHTERA Tbk,PT.SURYA BUANA MAKMUR,Commanditaire Vennootschap (CV) Or Limited Partnership,L,,INDONESIA,1514019800,0,1514019800,15.04
30-Jun-2026,TARA,AGUNG SEMESTA SEJAHTERA Tbk,PT GLENWOOD CORPORATION,Corporate,F,,SAMOA,1097615715,0,1097615715,10.9
30-Jun-2026,TARA,AGUNG SEMESTA SEJAHTERA Tbk,RONNY LUKITO,Individual,L,INDONESIAN,INDONESIA,164500000,0,164500000,1.63
30-Jun-2026,TARA,AGUNG SEMESTA SEJAHTERA Tbk,DANNY NUGROHO,Individual,L,INDONESIAN,INDONESIA,306185000,0,306185000,3.04
30-Jun-2026,TARA,AGUNG SEMESTA SEJAHTERA Tbk,"CAPITAL LIFE SYARIAH, PT",Insurance,L,,INDONESIA,200804000,0,200804000,1.99
30-Jun-2026,TARA,AGUNG SEMESTA SEJAHTERA Tbk,PERUSAHAAN PERSEROAN (PERSERO) PT ASABRI,State Owned Enterprises,L,,INDONESIA,551389038,0,551389038,5.48
30-Jun-2026,TARA,AGUNG SEMESTA SEJAHTERA Tbk,REKSA DANA VICTORIA PRIME EQUITY FUND,Mutual Funds,L,,INDONESIA,141111200,0,141111200,1.4
30-Jun-2026,TARA,AGUNG SEMESTA SEJAHTERA Tbk,REKSA DANA SUCORINVEST EQUITY PRIMA FUND,Mutual Funds,L,,INDONESIA,148000500,0,148000500,1.47
30-Jun-2026,TARA,AGUNG SEMESTA SEJAHTERA Tbk,REKSA DANA GEMILANG DANA SAHAM INDONESIA,Mutual Funds,L,,INDONESIA,492040000,0,492040000,4.89
30-Jun-2026,TARA,AGUNG SEMESTA SEJAHTERA Tbk,REKSA DANA EMCO MANTAP,Mutual Funds,L,,INDONESIA,117942000,0,117942000,1.17
30-Jun-2026,TARA,AGUNG SEMESTA SEJAHTERA Tbk,REKSA DANA DANAPATHI MITRA MAXIMA EKUITAS,Mutual Funds,L,,INDONESIA,137628400,0,137628400,1.37
30-Jun-2026,TARA,AGUNG SEMESTA SEJAHTERA Tbk,PT PACIFIC CAPITAL INVESTMENT,Investment Manager,L,,INDONESIA,116350000,0,116350000,1.16
30-Jun-2026,TAXI,EXPRESS TRANSINDO UTAMA Tbk,"VALBURY ASIA FUTURES, PT",Brokerage Firms,L,,INDONESIA,105014613,0,105014613,1.03
30-Jun-2026,TAXI,EXPRESS TRANSINDO UTAMA Tbk,"HP CAPITAL RESOURCES, PT",Corporate,L,,INDONESIA,145404800,0,145404800,1.42
30-Jun-2026,TAXI,EXPRESS TRANSINDO UTAMA Tbk,PT JAKARTA SINAR INTERTRADE,Corporate,L,,INDONESIA,242341415,0,242341415,2.37
30-Jun-2026,TAXI,EXPRESS TRANSINDO UTAMA Tbk,PO SUSANTO,Individual,L,INDONESIAN,INDONESIA,587001300,0,587001300,5.74
30-Jun-2026,TAXI,EXPRESS TRANSINDO UTAMA Tbk,LAUW SUSANTO,Individual,L,INDONESIAN,INDONESIA,404351300,0,404351300,3.96
30-Jun-2026,TAXI,EXPRESS TRANSINDO UTAMA Tbk,SIAUW YUNUS SUBANDI,Individual,L,INDONESIAN,INDONESIA,103550000,0,103550000,1.01
30-Jun-2026,TAXI,EXPRESS TRANSINDO UTAMA Tbk,AGUS PRAYITNO WIRAWAN,Individual,L,INDONESIAN,INDONESIA,180629200,0,180629200,1.77
30-Jun-2026,TAXI,EXPRESS TRANSINDO UTAMA Tbk,VERAWATY LING,Individual,L,INDONESIAN,INDONESIA,107775600,0,107775600,1.05
30-Jun-2026,TAXI,EXPRESS TRANSINDO UTAMA Tbk,Adi Indarto Hartono,Individual,L,INDONESIAN,,126166306,0,126166306,1.23
30-Jun-2026,TAXI,EXPRESS TRANSINDO UTAMA Tbk,ROBERT,Individual,L,INDONESIAN,INDONESIA,450049000,0,450049000,4.4
30-Jun-2026,TAYS,JAYA SWARASA AGUNG Tbk,PT WYNFIELD GLOBAL VENTURES,Venture Capital,L,,INDONESIA,112857100,0,112857100,10.27
30-Jun-2026,TAYS,JAYA SWARASA AGUNG Tbk,MIXIO HOLDINGS INCORPORATED,PermanentEstablishment,F,,JAPAN,164700000,0,164700000,14.99
30-Jun-2026,TAYS,JAYA SWARASA AGUNG Tbk,ANDREW SANUSI,Individual,L,INDONESIAN,INDONESIA,51984400,0,51984400,4.73
30-Jun-2026,TAYS,JAYA SWARASA AGUNG Tbk,ALEXANDER ANWAR,Individual,L,INDONESIAN,INDONESIA,79800000,0,79800000,7.26
30-Jun-2026,TAYS,JAYA SWARASA AGUNG Tbk,THOMAS TAMPI,Individual,L,INDONESIAN,INDONESIA,50000000,0,50000000,4.55
30-Jun-2026,TAYS,JAYA SWARASA AGUNG Tbk,ANWAR TAY,Individual,L,INDONESIAN,INDONESIA,205534300,0,205534300,18.7
30-Jun-2026,TAYS,JAYA SWARASA AGUNG Tbk,SUSANTO,Individual,L,INDONESIAN,INDONESIA,0,59700000,59700000,5.43
30-Jun-2026,TAYS,JAYA SWARASA AGUNG Tbk,HARNO HASJIM,Individual,L,INDONESIAN,INDONESIAN,0,19940000,19940000,1.81
30-Jun-2026,TAYS,JAYA SWARASA AGUNG Tbk,IKIN WIRAWAN,Individual,L,INDONESIAN,INDONESIA,30000000,0,30000000,2.73
30-Jun-2026,TBIG,TOWER BERSAMA INFRASTRUCTURE Tbk,WAHANA ANUGERAH SEJAHTERA,Corporate,L,,INDONESIA,2122271590,0,2122271590,9.37
30-Jun-2026,TBIG,TOWER BERSAMA INFRASTRUCTURE Tbk,BERSAMA DIGITAL INFRASTRUCTURE ASIA PTE. LTD.,Corporate,F,,SINGAPORE,18418171023,0,18418171023,81.29
30-Jun-2026,TBIG,TOWER BERSAMA INFRASTRUCTURE Tbk,BANGKOK BANK PUBLIC COMPANY LIMITED,Bank,F,,THAILAND,482249618,0,482249618,2.13
30-Jun-2026,TBLA,TUNAS BARU LAMPUNG Tbk,PT SUNGAI BUDI,Corporate,L,,INDONESIA,1600505696,0,1600505696,26.56
30-Jun-2026,TBLA,TUNAS BARU LAMPUNG Tbk,PT BUDI DELTA SWAKARYA,Corporate,L,,INDONESIA,1974403475,0,1974403475,32.77
30-Jun-2026,TBLA,TUNAS BARU LAMPUNG Tbk,BONHAM NOMINEES PTE LTD,Trustee Bank,F,,SINGAPORE,293208483,0,293208483,4.87
30-Jun-2026,TBLA,TUNAS BARU LAMPUNG Tbk,ATRIUM ASIA INVESTMENT MANAGEMENT PTE LTD.,Corporate,F,,SINGAPORE,274627442,0,274627442,4.56
30-Jun-2026,TBLA,TUNAS BARU LAMPUNG Tbk,CGS INTERNATIONAL SECURITIES SINGAPORE PTE LTD,Private Bank,F,,SINGAPORE,224539300,0,224539300,3.73
30-Jun-2026,TBLA,TUNAS BARU LAMPUNG Tbk,ARWIN,Individual,L,INDONESIAN,,77626500,0,77626500,1.29
30-Jun-2026,TBLA,TUNAS BARU LAMPUNG Tbk,"PANIN SEKURITAS Tbk, PT",Securities Company,L,,INDONESIA,123427280,0,123427280,2.05
30-Jun-2026,TBLA,TUNAS BARU LAMPUNG Tbk,DBS VICKERS SECS SINGAPORE (PTE) LTD A/C CLIENTS,Securities Company,F,,SINGAPORE,86883071,0,86883071,1.44
30-Jun-2026,TBLA,TUNAS BARU LAMPUNG Tbk,UOB KAY HIAN PTE LTD,Securities Company,F,,SINGAPORE,256149029,0,256149029,4.25
30-Jun-2026,TBLA,TUNAS BARU LAMPUNG Tbk,MAYBANK SECURITIES PTE. LTD.,Investment Manager,F,,SINGAPORE,220822971,0,220822971,3.66
30-Jun-2026,TBLA,TUNAS BARU LAMPUNG Tbk,PHILLIP SECURITIES PTE LTD,Investment Manager,F,,SINGAPORE,255842828,0,255842828,4.25
30-Jun-2026,TBMS,TEMBAGA MULIA SEMANAN Tbk,"JEMBO CABLE COMPANY TBK, PT",Corporate,L,,,0,12000000,12000000,1.63
30-Jun-2026,TBMS,TEMBAGA MULIA SEMANAN Tbk,Toyota Tsusho Corporation,Corporate,F,,JAPAN,73468000,0,73468000,10.0
30-Jun-2026,TBMS,TEMBAGA MULIA SEMANAN Tbk,The Furukawa Electric Co.Ltd.,Corporate,F,,,47640000,264000000,311640000,42.42
30-Jun-2026,TBMS,TEMBAGA MULIA SEMANAN Tbk,NATALIA SUSENO,Individual,L,INDONESIAN,INDONESIA,11804000,0,11804000,1.61
30-Jun-2026,TBMS,TEMBAGA MULIA SEMANAN Tbk,LILY LESTARI SUSENO,Individual,L,INDONESIAN,INDONESIA,7764000,0,7764000,1.06
30-Jun-2026,TBMS,TEMBAGA MULIA SEMANAN Tbk,REKSA DANA BALANCED FUND SUCORINVEST ANAK PINTAR,Mutual Funds,L,,INDONESIA,8330700,0,8330700,1.13
30-Jun-2026,TBMS,TEMBAGA MULIA SEMANAN Tbk,SUPREME CABLE MANUFACTURING CORP.,,,,,0,248400000,248400000,33.81
30-Jun-2026,TCID,MANDOM INDONESIA Tbk,MANDOM CORPORATION,Corporate,F,,JAPAN,5012692,262317382,267330074,66.48
30-Jun-2026,TCID,MANDOM INDONESIA Tbk,"SIE, DAVID GUNAWAN",Individual,L,INDONESIAN,INDONESIA,7630700,0,7630700,1.9
30-Jun-2026,TCID,MANDOM INDONESIA Tbk,Sudiman Lee,Individual,L,INDONESIAN,,5670272,0,5670272,1.41
30-Jun-2026,TCID,MANDOM INDONESIA Tbk,WILSON SURYADI SUTAN,Individual,L,INDONESIAN,INDONESIA,18442300,0,18442300,4.59
30-Jun-2026,TCID,MANDOM INDONESIA Tbk,SUKIMAN LEE,Individual,L,INDONESIAN,INDONESIA,4316848,0,4316848,1.07
30-Jun-2026,TCID,MANDOM INDONESIA Tbk,Tora Sutanto,Individual,L,INDONESIAN,INDONESIAN,172000,4391520,4563520,1.13
30-Jun-2026,TCID,MANDOM INDONESIA Tbk,ASIA JAYA PARAMITA,,,,,0,45716520,45716520,11.37
30-Jun-2026,TCID,MANDOM INDONESIA Tbk,ASIA PARAMITA INDAH,,,,,0,6520768,6520768,1.62
30-Jun-2026,TCPI,TRANSCOAL PACIFIC Tbk,KARYA PERMATA INSANI PT,Corporate,L,,INDONESIA,100000000,1150000006,1250000006,25.0
30-Jun-2026,TCPI,TRANSCOAL PACIFIC Tbk,UBS SWITZERLAND AG,Trustee Bank,F,,SWITZERLAND,88067800,0,88067800,1.76
30-Jun-2026,TCPI,TRANSCOAL PACIFIC Tbk,ADI PUTRO,Individual,L,INDONESIAN,INDONESIA,74942200,0,74942200,1.5
30-Jun-2026,TCPI,TRANSCOAL PACIFIC Tbk,SUSANTI,Individual,L,INDONESIAN,INDONESIA,105359200,0,105359200,2.11
30-Jun-2026,TCPI,TRANSCOAL PACIFIC Tbk,PT OCBC SEKURITAS INDONESIA,Securities Company,L,,INDONESIA,52720000,0,52720000,1.05
30-Jun-2026,TCPI,TRANSCOAL PACIFIC Tbk,CGS INTERNATIONAL SEKURITAS INDONESIA,Securities Company,L,,INDONESIA,78365554,0,78365554,1.57
30-Jun-2026,TCPI,TRANSCOAL PACIFIC Tbk,OCBC SECURITIES PRIVATE LIMITED,Securities Company,F,,SINGAPORE,111944500,0,111944500,2.24
30-Jun-2026,TCPI,TRANSCOAL PACIFIC Tbk,UOB KAY HIAN PTE LTD,Securities Company,F,,SINGAPORE,91192000,0,91192000,1.82
30-Jun-2026,TCPI,TRANSCOAL PACIFIC Tbk,SARI NUSANTARA GEMILANG PT,,,,,0,2749999994,2749999994,55.0
30-Jun-2026,TDPM,TRIDOMAIN PERFORMANCE MATERIALS Tbk,PT BERLIAN INTI ATLANTIK,Corporate,L,,INDONESIA,166398000,0,166398000,1.59
30-Jun-2026,TDPM,TRIDOMAIN PERFORMANCE MATERIALS Tbk,PT SINAR MAS MULTIARTHA Tbk,Corporate,L,,INDONESIA,119127550,0,119127550,1.14
30-Jun-2026,TDPM,TRIDOMAIN PERFORMANCE MATERIALS Tbk,OSVILLE FINANCE LTD,Firm,F,,"VIRGIN ISLANDS, BRITISH",360956000,0,360956000,3.44
30-Jun-2026,TDPM,TRIDOMAIN PERFORMANCE MATERIALS Tbk,DH CORPORATION LTD,Firm,F,,SEYCHELLES,7602265670,0,7602265670,72.51
30-Jun-2026,TDPM,TRIDOMAIN PERFORMANCE MATERIALS Tbk,XING WANG INTERNATIONAL LIMITED,Corporate,F,,"VIRGIN ISLANDS, BRITISH",263044000,0,263044000,2.51
30-Jun-2026,TDPM,TRIDOMAIN PERFORMANCE MATERIALS Tbk,CASCADEN INVESTMENT LIMITED,Investment Advisors,F,,"VIRGIN ISLANDS, BRITISH",503446350,0,503446350,4.8
30-Jun-2026,TDPM,TRIDOMAIN PERFORMANCE MATERIALS Tbk,NIVEN HOLDINGS LIMITED,Investment Advisors,F,,"VIRGIN ISLANDS, BRITISH",400000000,0,400000000,3.81
30-Jun-2026,TDPM,TRIDOMAIN PERFORMANCE MATERIALS Tbk,BOQUETE GROUP S.A.,Investment Advisors,F,,"VIRGIN ISLANDS, BRITISH",200000000,0,200000000,1.91
30-Jun-2026,TDPM,TRIDOMAIN PERFORMANCE MATERIALS Tbk,MAYBANK SECURITIES PTE. LTD.,Investment Manager,F,,SINGAPORE,263887500,0,263887500,2.52
30-Jun-2026,TEBE,DANA BRATA LUHUR Tbk,PT. DUA SAMUDERA PERKASA,Corporate,L,,INDONESIA,988336981,0,988336981,76.91
30-Jun-2026,TEBE,DANA BRATA LUHUR Tbk,PANG GERALD,Individual,F,SINGAPOREAN,SINGAPORE,32183496,0,32183496,2.5
30-Jun-2026,TEBE,DANA BRATA LUHUR Tbk,YONG POH CHOO,Individual,F,MALAYSIAN,MALAYSIA,31960700,0,31960700,2.49
30-Jun-2026,TEBE,DANA BRATA LUHUR Tbk,REKSA DANA ASHMORE SAHAM DINAMIS NUSANTARA,Mutual Funds,L,,INDONESIA,15438300,0,15438300,1.2
30-Jun-2026,TECH,INDOSTERLING TECHNOMEDIA Tbk,PT. Bahtera Agung Sarana,Corporate,L,,INDONESIA,39604300,0,39604300,3.15
30-Jun-2026,TECH,INDOSTERLING TECHNOMEDIA Tbk,PT CITRA CEMERLANG JAYARAYA,Corporate,L,,INDONESIA,74068019,0,74068019,5.9
30-Jun-2026,TECH,INDOSTERLING TECHNOMEDIA Tbk,PT SUMBER ARTHAGUNA BERSAMA,Corporate,L,,INDONESIA,52282800,0,52282800,4.16
30-Jun-2026,TECH,INDOSTERLING TECHNOMEDIA Tbk,PT. INDOSTERLING SARANA INVESTA,Firm,L,,INDONESIA,419680829,0,419680829,33.41
30-Jun-2026,TECH,INDOSTERLING TECHNOMEDIA Tbk,CHARISMATIC CAPITAL LIMITED,Sole Proprietorship,F,,"VIRGIN ISLANDS, BRITISH",105200871,0,105200871,8.37
30-Jun-2026,TECH,INDOSTERLING TECHNOMEDIA Tbk,CARRINGTON MFO VCC - CHARISMATIC DEBT EQUITY FUND,Sole Proprietorship,F,,SINGAPORE,286958100,0,286958100,22.84
30-Jun-2026,TECH,INDOSTERLING TECHNOMEDIA Tbk,BEKTI SUTIKNA,Individual,L,INDONESIAN,INDONESIA,13632700,0,13632700,1.09
30-Jun-2026,TECH,INDOSTERLING TECHNOMEDIA Tbk,JEREMY LAU KENG KIT,Individual,F,SINGAPOREAN,SINGAPORE,55106900,0,55106900,4.39
30-Jun-2026,TECH,INDOSTERLING TECHNOMEDIA Tbk,OCBC SECURITIES PRIVATE LIMITED,Securities Company,F,,SINGAPORE,100000000,0,100000000,7.96
30-Jun-2026,TELE,OMNI INOVASI INDONESIA Tbk,PT SWADAYA NUSA ARTHA,Corporate,L,,INDONESIA,184158000,0,184158000,2.52
30-Jun-2026,TELE,OMNI INOVASI INDONESIA Tbk,PT SWADAYA NUSA BHAKTI,Corporate,L,,INDONESIA,297736100,0,297736100,4.07
30-Jun-2026,TELE,OMNI INOVASI INDONESIA Tbk,PT.PINS Indonesia,Corporate,L,,INDONESIA,1754641247,0,1754641247,24.0
30-Jun-2026,TELE,OMNI INOVASI INDONESIA Tbk,DELTACOMSEL INDONESIA DISTRINDO,Corporate,L,,INDONESIA,279287300,0,279287300,3.82
30-Jun-2026,TELE,OMNI INOVASI INDONESIA Tbk,UPAYA CIPTA SEJAHTERA PT.,Corporate,L,,INDONESIA,2728700000,0,2728700000,37.32
30-Jun-2026,TELE,OMNI INOVASI INDONESIA Tbk,HAIYANTO,Individual,L,INDONESIAN,INDONESIA,607625900,0,607625900,8.31
30-Jun-2026,TFAS,TELEFAST INDONESIA Tbk,PT. KRESNA ASSET MANAGEMENT S/A PT. M CASH INTEGRASI TBK,Corporate,L,,INDONESIA,699093200,0,699093200,41.95
30-Jun-2026,TFAS,TELEFAST INDONESIA Tbk,PT. DIGITAL CONSUMER ENGAGEMENT,Corporate,L,,INDONESIA,38300000,0,38300000,2.3
30-Jun-2026,TFAS,TELEFAST INDONESIA Tbk,PT. DIGITAL MEDIATAMA MAXIMA TBK,Firm,L,,INDONESIA,62416900,0,62416900,3.75
30-Jun-2026,TFAS,TELEFAST INDONESIA Tbk,PT. TELEFAST INVESTAMA INDONESIA,Corporate,L,,INDONESIA,213312000,0,213312000,12.8
30-Jun-2026,TFAS,TELEFAST INDONESIA Tbk,PT NFC INDONESIA TBK,Corporate,L,,INDONESIA,40609700,0,40609700,2.44
30-Jun-2026,TFAS,TELEFAST INDONESIA Tbk,PT DISTRIBUSI VOUCHER NUSANTARA TBK,Corporate,L,,INDONESIA,271039200,0,271039200,16.26
30-Jun-2026,TFAS,TELEFAST INDONESIA Tbk,BANK OF SINGAPORE LIMITED,Private Bank,F,,SINGAPORE,124523900,0,124523900,7.47
30-Jun-2026,TFCO,TIFICO FIBER INDONESIA Tbk,WIRATAMA KARYA SEJATI PT,Corporate,L,,INDONESIA,162460000,647112997,809572997,16.79
30-Jun-2026,TFCO,TIFICO FIBER INDONESIA Tbk,PT. HERMAWAN SENTRAL INVESTAMA,Private Equity,L,,INDONESIA,162460000,675922111,838382111,17.38
30-Jun-2026,TFCO,TIFICO FIBER INDONESIA Tbk,JERRY WIRATAMA,Individual,L,INDONESIAN,INDONESIA,0,78769606,78769606,1.63
30-Jun-2026,TFCO,TIFICO FIBER INDONESIA Tbk,SILVIA WIRATAMA,Individual,L,INDONESIAN,INDONESIAN,0,78768726,78768726,1.63
30-Jun-2026,TFCO,TIFICO FIBER INDONESIA Tbk,TATANG HERMAWAN,Individual,L,INDONESIAN,INDONESIA,238993580,0,238993580,4.96
30-Jun-2026,TFCO,TIFICO FIBER INDONESIA Tbk,ANTON WIRATAMA,Individual,L,INDONESIAN,INDONESIAN,0,307305122,307305122,6.37
30-Jun-2026,TFCO,TIFICO FIBER INDONESIA Tbk,SANDRIANI YOHAN,Individual,L,INDONESIAN,INDONESIA,228583516,0,228583516,4.74
30-Jun-2026,TFCO,TIFICO FIBER INDONESIA Tbk,AFANDI HERMAWAN,Individual,L,INDONESIAN,INDONESIA,217700,254030938,254248638,5.27
30-Jun-2026,TFCO,TIFICO FIBER INDONESIA Tbk,ALING HERMAWAN,,,,,0,254030938,254030938,5.27
30-Jun-2026,TFCO,TIFICO FIBER INDONESIA Tbk,PROSPECT MOTOR,,,,,0,1595335024,1595335024,33.08
30-Jun-2026,TFCO,TIFICO FIBER INDONESIA Tbk,TOMMY WIRATAMA,,,,,0,78769606,78769606,1.63
30-Jun-2026,TGKA,TIGARAKSA SATRIA Tbk,PT WIDJAJATUNGGAL SEJAHTERA,Corporate,L,,INDONESIA,232845900,0,232845900,25.35
30-Jun-2026,TGKA,TIGARAKSA SATRIA Tbk,PT. EKATRIADI KUSUMA,Corporate,L,,INDONESIA,43040000,0,43040000,4.69
30-Jun-2026,TGKA,TIGARAKSA SATRIA Tbk,PT. SARANA LEDAUN,Corporate,L,,INDONESIA,269484150,0,269484150,29.34
30-Jun-2026,TGKA,TIGARAKSA SATRIA Tbk,PT PEMUDA JAYA RAYA,Corporate,L,,INDONESIA,11263800,0,11263800,1.23
30-Jun-2026,TGKA,TIGARAKSA SATRIA Tbk,PENTA WIDJAJA INVESTINDO,Investment Advisors,L,,INDONESIA,332627350,0,332627350,36.21
30-Jun-2026,TGRA,TERREGRA ASIA ENERGY Tbk,"TERREGRA ASIA EQUITY, PT",Venture Capital,L,,INDONESIA,452676000,0,452676000,16.46
30-Jun-2026,TGRA,TERREGRA ASIA ENERGY Tbk,BUDI SISWA,Educational Institution,L,,INDONESIA,121309300,0,121309300,4.41
30-Jun-2026,TGRA,TERREGRA ASIA ENERGY Tbk,GIAM ESTHER INDRAWATI,Individual,L,INDONESIAN,INDONESIA,37348200,0,37348200,1.36
30-Jun-2026,TGRA,TERREGRA ASIA ENERGY Tbk,INDRAWATI,Individual,L,INDONESIAN,INDONESIA,72929700,0,72929700,2.65
30-Jun-2026,TGRA,TERREGRA ASIA ENERGY Tbk,YOHANES HALIM,Individual,L,INDONESIAN,INDONESIA,99045100,0,99045100,3.6
30-Jun-2026,TGRA,TERREGRA ASIA ENERGY Tbk,YOSUA IVAN JUNAIDI,Individual,L,INDONESIAN,INDONESIA,28602400,0,28602400,1.04
30-Jun-2026,TGRA,TERREGRA ASIA ENERGY Tbk,IWAN SUGIARJO,Individual,L,INDONESIAN,INDONESIA,34193400,0,34193400,1.24
30-Jun-2026,TGRA,TERREGRA ASIA ENERGY Tbk,INGRID MATTUALY,Individual,L,INDONESIAN,INDONESIA,30997100,0,30997100,1.13
30-Jun-2026,TGRA,TERREGRA ASIA ENERGY Tbk,ROY PETRUS CHALIM,Individual,L,INDONESIAN,,40070000,0,40070000,1.46
30-Jun-2026,TGRA,TERREGRA ASIA ENERGY Tbk,SUSANNA HENDRO,Individual,L,INDONESIAN,INDONESIA,31983400,0,31983400,1.16
30-Jun-2026,TGRA,TERREGRA ASIA ENERGY Tbk,INDAH MAYASARI,Individual,L,INDONESIAN,INDONESIA,36626500,0,36626500,1.33
30-Jun-2026,TGRA,TERREGRA ASIA ENERGY Tbk,HANS LUKAS JUNAIDI,Individual,L,INDONESIAN,INDONESIA,29317400,0,29317400,1.07
30-Jun-2026,TGRA,TERREGRA ASIA ENERGY Tbk,NJONO SAMPOERNO,Individual,L,INDONESIAN,INDONESIA,34088900,0,34088900,1.24
30-Jun-2026,TGRA,TERREGRA ASIA ENERGY Tbk,RAHMA HERLINA,Individual,L,INDONESIAN,INDONESIA,85079000,0,85079000,3.09
30-Jun-2026,TGRA,TERREGRA ASIA ENERGY Tbk,DJANI SUTEDJA,Individual,L,INDONESIAN,,87588200,0,87588200,3.19
30-Jun-2026,TGRA,TERREGRA ASIA ENERGY Tbk,NIZAR SUNGKAR,Individual,L,INDONESIAN,INDONESIA,47925500,0,47925500,1.74
30-Jun-2026,TGRA,TERREGRA ASIA ENERGY Tbk,KEUSKUPAN AGUNG MEDAN,Diocese,L,,INDONESIA,35371600,0,35371600,1.29
30-Jun-2026,TGRA,TERREGRA ASIA ENERGY Tbk,DANA PENSIUN LEMBAGA KATOLIK YADAPEN,Pension Funds,L,,INDONESIA,115128100,0,115128100,4.19
30-Jun-2026,TGRA,TERREGRA ASIA ENERGY Tbk,DANA PENSIUN KONFERENSI WALIGEREJA INDONESIA,Pension Funds,L,,INDONESIA,80118800,0,80118800,2.91
30-Jun-2026,TGRA,TERREGRA ASIA ENERGY Tbk,"PT RELIANCE SEKURITAS INDONESIA, TBK",Securities Company,L,,INDONESIA,36278400,0,36278400,1.32
30-Jun-2026,TGUK,PLATINUM WAHAB NUSANTARA Tbk,BUDIANTO M KURNIAWAN,Individual,L,INDONESIAN,INDONESIA,41644800,0,41644800,1.17
30-Jun-2026,TGUK,PLATINUM WAHAB NUSANTARA Tbk,MADA AZHARI,Individual,L,INDONESIAN,INDONESIA,89500000,0,89500000,2.51
30-Jun-2026,TGUK,PLATINUM WAHAB NUSANTARA Tbk,ANTONY LESMANA,Individual,L,INDONESIAN,INDONESIA,266787600,0,266787600,7.47
30-Jun-2026,TGUK,PLATINUM WAHAB NUSANTARA Tbk,ANTONIUS BOBBY SISWANTO,Individual,L,INDONESIAN,INDONESIA,89896700,0,89896700,2.52
30-Jun-2026,TGUK,PLATINUM WAHAB NUSANTARA Tbk,EDIE,Individual,L,INDONESIAN,INDONESIA,36319600,0,36319600,1.02
30-Jun-2026,TGUK,PLATINUM WAHAB NUSANTARA Tbk,JERRI YOHANES SARAUN,Individual,L,INDONESIAN,INDONESIA,37055300,0,37055300,1.04
30-Jun-2026,TGUK,PLATINUM WAHAB NUSANTARA Tbk,JANNI,Individual,L,INDONESIAN,INDONESIA,178500000,0,178500000,5.0
30-Jun-2026,TGUK,PLATINUM WAHAB NUSANTARA Tbk,PT DINASTI KREATIF INDONESIA,,,,,0,2476250000,2476250000,69.33
30-Jun-2026,TIFA,KDB TIFA FINANCE Tbk,PT DWI SATRYA UTAMA,Corporate,L,,INDONESIA,532707259,0,532707259,15.0
30-Jun-2026,TIFA,KDB TIFA FINANCE Tbk,PT BLUE CROSS INDONESIA,Corporate,L,,INDONESIA,79919857,0,79919857,2.25
30-Jun-2026,TIFA,KDB TIFA FINANCE Tbk,THE KOREA DEVELOPMENT BANK,Bank,F,,"KOREA, REPUBLIC OF",2752920825,0,2752920825,77.5
30-Jun-2026,TIFA,KDB TIFA FINANCE Tbk,PT KOREA INVESTMENT AND SEKURITAS INDONESIA - REGISTRAR,Securities Company,L,,INDONESIA,172806881,0,172806881,4.86
30-Jun-2026,TINS,TIMAH Tbk,DJS KETENAGAKERJAAN PROGRAM JAMINAN HARI TUA,State Owned Enterprises,L,,INDONESIA,124147661,0,124147661,1.67
30-Jun-2026,TINS,TIMAH Tbk,PT. PRUDENTIAL LIFE ASSURANCE,Insurance,L,,INDONESIA,82335600,0,82335600,1.11
30-Jun-2026,TINS,TIMAH Tbk,GOVERNMENT OF NORWAY,Sovereign Wealth Fund,F,,NORWAY,93535500,0,93535500,1.26
30-Jun-2026,TINS,TIMAH Tbk,PT MINERAL INDUSTRI INDONESIA (PERSERO),,,,,0,4841053951,4841053951,65.0
30-Jun-2026,TIRA,TIRA AUSTENITE Tbk,PT SURYASENTRA GEMILANG SENTOSA,Corporate,L,,INDONESIA,22947966,0,22947966,3.9
30-Jun-2026,TIRA,TIRA AUSTENITE Tbk,PT WIDJAJATUNGGAL SEJAHTERA,Corporate,L,,INDONESIA,282426340,0,282426340,48.03
30-Jun-2026,TIRA,TIRA AUSTENITE Tbk,RELEVANSI ALIANSI KAPITAL PT,Corporate,L,,INDONESIA,20000000,0,20000000,3.4
30-Jun-2026,TIRA,TIRA AUSTENITE Tbk,PT MARTENSITE UNGGUL,Corporate,L,,INDONESIA,168091694,0,168091694,28.59
30-Jun-2026,TIRA,TIRA AUSTENITE Tbk,PENTA WIDJAJA INVESTINDO,Investment Advisors,L,,INDONESIA,21605000,0,21605000,3.67
30-Jun-2026,TIRA,TIRA AUSTENITE Tbk,OKTRIANTO BAGUS R KOTTAMA,Individual,L,INDONESIAN,INDONESIA,9900000,0,9900000,1.68
30-Jun-2026,TIRA,TIRA AUSTENITE Tbk,NJONO SAMPOERNO,Individual,L,INDONESIAN,INDONESIA,15000000,0,15000000,2.55
30-Jun-2026,TIRT,TIRTA MAHAKAM RESOURCES Tbk,HARITA JAYARAYA,Corporate,L,,INDONESIA,719672310,0,719672310,71.13
30-Jun-2026,TIRT,TIRTA MAHAKAM RESOURCES Tbk,HERYANTO SALIM,Individual,L,INDONESIAN,INDONESIA,83318100,0,83318100,8.23
30-Jun-2026,TIRT,TIRTA MAHAKAM RESOURCES Tbk,LIM YULIANA RITA INDRIAWATI,Individual,L,INDONESIAN,INDONESIA,24477500,0,24477500,2.42
30-Jun-2026,TIRT,TIRTA MAHAKAM RESOURCES Tbk,JOHN LEVIE SARAGIH,Individual,L,,,12476500,0,12476500,1.23
30-Jun-2026,TKIM,PABRIK KERTAS TJIWI KIMIA Tbk,PT LANGGENG MURNI LAKSANA,Corporate,L,,INDONESIA,96546630,0,96546630,3.1
30-Jun-2026,TKIM,PABRIK KERTAS TJIWI KIMIA Tbk,PT PORTGATE ASET INDONESIA,Corporate,L,,INDONESIA,148420464,0,148420464,4.77
30-Jun-2026,TKIM,PABRIK KERTAS TJIWI KIMIA Tbk,PT APP PURINUSA EKAPERSADA,Corporate,L,,INDONESIA,0,1857744987,1857744987,59.67
30-Jun-2026,TKIM,PABRIK KERTAS TJIWI KIMIA Tbk,BROADBAND GLOBAL PARTNERS INC.,Investment Advisors,F,,"VIRGIN ISLANDS, BRITISH",149873096,0,149873096,4.81
30-Jun-2026,TKIM,PABRIK KERTAS TJIWI KIMIA Tbk,CASCADEN INVESTMENT LIMITED,Investment Advisors,F,,"VIRGIN ISLANDS, BRITISH",155549440,0,155549440,5.0
30-Jun-2026,TKIM,PABRIK KERTAS TJIWI KIMIA Tbk,NIVEN HOLDING LIMITED,,F,,,0,92058700,92058700,2.96
30-Jun-2026,TKIM,PABRIK KERTAS TJIWI KIMIA Tbk,BOQUETE GROUP S.A.,,F,,,0,83852816,83852816,2.69
30-Jun-2026,TKIM,PABRIK KERTAS TJIWI KIMIA Tbk,UOB KAY HIAN PTE LTD,Securities Company,F,,SINGAPORE,32801000,0,32801000,1.05
30-Jun-2026,TKIM,PABRIK KERTAS TJIWI KIMIA Tbk,NEAT  ACTION  FINANCE  LIMITED,,,,,0,48825300,48825300,1.57
30-Jun-2026,TKIM,PABRIK KERTAS TJIWI KIMIA Tbk,ACMESTAR INVESTMENT LIMITED,,,,,0,107554408,107554408,3.45
30-Jun-2026,TLDN,TELADAN PRIMA AGRO Tbk,PT TELADAN RESOURCES,Firm,L,,INDONESIA,7752052400,0,7752052400,59.88
30-Jun-2026,TLDN,TELADAN PRIMA AGRO Tbk,"UBS AG, LONDON",Bank,F,,SWITZERLAND,453652300,0,453652300,3.5
30-Jun-2026,TLDN,TELADAN PRIMA AGRO Tbk,AHMAD GUNUNG,Individual,L,INDONESIAN,INDONESIA,2100563000,0,2100563000,16.22
30-Jun-2026,TLDN,TELADAN PRIMA AGRO Tbk,WISHNU WARDHANA,Individual,L,INDONESIAN,INDONESIA,2100563000,0,2100563000,16.22
30-Jun-2026,TLKM,TELKOM INDONESIA (PERSERO) Tbk,PERUSAHAAN PERSEROAN (PERSERO) PT DANANTARA ASSET MANAGEMENT,Corporate,L,,,0,51086330024,51086330024,51.57
30-Jun-2026,TLKM,TELKOM INDONESIA (PERSERO) Tbk,THE BANK OF NEW YORK MELLON,Bank,F,,UNITED STATES,6224018780,0,6224018780,6.28
30-Jun-2026,TLKM,TELKOM INDONESIA (PERSERO) Tbk,DJS KETENAGAKERJAAN PROGRAM JAMINAN HARI TUA,State Owned Enterprises,L,,INDONESIA,2379601300,0,2379601300,2.4
30-Jun-2026,TLKM,TELKOM INDONESIA (PERSERO) Tbk,THE PRUDENTIAL ASSURANCE COMPANY LIMITED,Insurance,F,,UNITED KINGDOM,1010645200,0,1010645200,1.02
30-Jun-2026,TLKM,TELKOM INDONESIA (PERSERO) Tbk,EMPLOYEES PROVIDENT FUND BOARD,Pension Funds,F,,MALAYSIA,1788534797,0,1788534797,1.81
30-Jun-2026,TMAS,TEMAS Tbk,PT TEMAS LESTARI,Corporate,L,,INDONESIA,41198076300,6532392200,47730468500,83.66
30-Jun-2026,TMAS,TEMAS Tbk,LIDYA LIBERTH,Individual,L,INDONESIAN,INDONESIA,1997495700,0,1997495700,3.5
30-Jun-2026,TMAS,TEMAS Tbk,ARIE RINALDI,Individual,L,INDONESIAN,INDONESIA,802395400,0,802395400,1.41
30-Jun-2026,TMAS,TEMAS Tbk,CHONG FIE FAH,Individual,L,INDONESIAN,INDONESIA,642166000,0,642166000,1.13
30-Jun-2026,TMAS,TEMAS Tbk,RICKO WIJAYA,Individual,L,INDONESIAN,,836286300,0,836286300,1.47
30-Jun-2026,TMAS,TEMAS Tbk,PT ASURANSI JIWA MANULIFE INDONESIA,Insurance,L,,INDONESIA,1236539600,0,1236539600,2.17
30-Jun-2026,TMPO,TEMPO INTI MEDIA Tbk,PT.Grafiti Pers,Corporate,L,,INDONESIA,104587270,152372733,256960003,24.28
30-Jun-2026,TMPO,TEMPO INTI MEDIA Tbk,PT. Persaudaraan Bersatu Esa,Corporate,L,,INDONESIA,11495900,0,11495900,1.09
30-Jun-2026,TMPO,TEMPO INTI MEDIA Tbk,. YAYASAN 21 JUNI 1994,Foundation,L,,INDONESIA,1322500,180000000,181322500,17.13
30-Jun-2026,TMPO,TEMPO INTI MEDIA Tbk,"EFG BANK AG, SINGAPORE BRANCH A/C CLIENTS",Private Bank,F,,SINGAPORE,33000000,0,33000000,3.12
30-Jun-2026,TMPO,TEMPO INTI MEDIA Tbk,PT YULIE SEKURITAS INDONESIA TBK,Securities Company,L,,INDONESIA,34031000,0,34031000,3.22
30-Jun-2026,TMPO,TEMPO INTI MEDIA Tbk,YAYASAN PEMBANGUNAN JAYA RAYA,,,,,0,90429394,90429394,8.54
30-Jun-2026,TMPO,TEMPO INTI MEDIA Tbk,YAYASAN KARYAWAN TEMPO,,,,,0,87627267,87627267,8.28
30-Jun-2026,TMPO,TEMPO INTI MEDIA Tbk,"JAYA RAYA UTAMA, PT",,,,,0,172329205,172329205,16.28
30-Jun-2026,TMPO,TEMPO INTI MEDIA Tbk,BURLINGHAM INTERNATIONAL LTD,,,,,0,25000000,25000000,2.36
30-Jun-2026,TNCA,TRIMUDA NUANSA CITRA Tbk,PT AKULAKU SILVRR INDONESIA,Corporate,L,,INDONESIA,133333400,0,133333400,31.62
30-Jun-2026,TNCA,TRIMUDA NUANSA CITRA Tbk,Holyhead East Limited,Corporate,F,,HONG KONG,115910400,0,115910400,27.49
30-Jun-2026,TNCA,TRIMUDA NUANSA CITRA Tbk,EKA SUHENDRA,Individual,L,INDONESIAN,INDONESIA,24263300,0,24263300,5.75
30-Jun-2026,TNCA,TRIMUDA NUANSA CITRA Tbk,HERI SANTOSO LIEM,Individual,L,INDONESIAN,INDONESIA,8199800,0,8199800,1.94
30-Jun-2026,TNCA,TRIMUDA NUANSA CITRA Tbk,JONATHAN CHANG,Individual,L,INDONESIAN,INDONESIA,8300000,0,8300000,1.97
30-Jun-2026,TNCA,TRIMUDA NUANSA CITRA Tbk,PT. Asuransi Intra Asia,Insurance,L,,INDONESIA,21082000,0,21082000,5.0
30-Jun-2026,TOBA,TBS ENERGI UTAMA Tbk,PT TOBA SEJAHTRA,Corporate,L,,INDONESIA,658488144,0,658488144,7.91
30-Jun-2026,TOBA,TBS ENERGI UTAMA Tbk,PT. SINERGI SUKSES UTAMA,Corporate,L,,INDONESIA,326800000,0,326800000,3.93
30-Jun-2026,TOBA,TBS ENERGI UTAMA Tbk,PT Bara Makmur Abadi,Firm,L,,INDONESIA,126146700,0,126146700,1.52
30-Jun-2026,TOBA,TBS ENERGI UTAMA Tbk,HIGHLAND STRATEGIC HOLDINGS PTE LTD,Corporate,F,,SINGAPORE,4983799956,0,4983799956,59.9
30-Jun-2026,TOBA,TBS ENERGI UTAMA Tbk,ROBY BUDI PRAKOSO,Individual,L,INDONESIAN,INDONESIA,119671600,0,119671600,1.44
30-Jun-2026,TOBA,TBS ENERGI UTAMA Tbk,DICKY YORDAN,Individual,L,INDONESIAN,INDONESIA,176911571,0,176911571,2.13
30-Jun-2026,TOOL,ROHARTINDO NUSANTARA LUAS Tbk,PT ROHARTINDO MAJU PERKASA,Corporate,L,,INDONESIA,1560000000,0,1560000000,76.1
30-Jun-2026,TOOL,ROHARTINDO NUSANTARA LUAS Tbk,RONALD HARTONO TAN,Individual,L,INDONESIAN,INDONESIA,72000000,0,72000000,3.51
30-Jun-2026,TOPS,TOTALINDO EKA PERSADA Tbk,"PRIMAJAYA PERDANA UTAMA, PT",Corporate,L,,INDONESIA,1030650200,0,1030650200,3.09
30-Jun-2026,TOPS,TOTALINDO EKA PERSADA Tbk,"TOTALINDO INVESTAMA PERSADA, PT",Private Equity,L,,INDONESIA,15793752633,0,15793752633,47.39
30-Jun-2026,TOPS,TOTALINDO EKA PERSADA Tbk,WG CAPITAL LTD.,Commanditaire Vennootschap (CV) Or Limited Partnership,F,,BAHAMAS,1237825800,0,1237825800,3.71
30-Jun-2026,TOPS,TOTALINDO EKA PERSADA Tbk,LAUW SUSANTO,Individual,L,INDONESIAN,INDONESIA,388626400,0,388626400,1.17
30-Jun-2026,TOPS,TOTALINDO EKA PERSADA Tbk,SANTO - IDD1501D0254571,Individual,L,INDONESIAN,INDONESIA,851649241,0,851649241,2.56
30-Jun-2026,TOPS,TOTALINDO EKA PERSADA Tbk,IR FEBRI WIBAWA PARSA SIHOMBING,Individual,L,INDONESIAN,INDONESIA,500000200,0,500000200,1.5
30-Jun-2026,TOPS,TOTALINDO EKA PERSADA Tbk,R. ISKANDAR HIDAYAT,Individual,L,INDONESIAN,INDONESIA,1931692700,0,1931692700,5.8
30-Jun-2026,TOPS,TOTALINDO EKA PERSADA Tbk,UOB KAY HIAN PTE LTD,Securities Company,F,,SINGAPORE,536713200,0,536713200,1.61
30-Jun-2026,TOSK,TOPINDO SOLUSI KOMUNIKA Tbk,PT TOPINDO MEDIA INVESTAMA,Corporate,L,,,0,87062500,87062500,1.99
30-Jun-2026,TOSK,TOPINDO SOLUSI KOMUNIKA Tbk,ROBI CAHYADI,Individual,L,INDONESIAN,INDONESIA,518000100,0,518000100,11.84
30-Jun-2026,TOSK,TOPINDO SOLUSI KOMUNIKA Tbk,SEIKO MANITO,Individual,L,INDONESIAN,INDONESIA,2370130000,0,2370130000,54.17
30-Jun-2026,TOSK,TOPINDO SOLUSI KOMUNIKA Tbk,RUDY,Individual,L,INDONESIAN,INDONESIA,45210900,0,45210900,1.03
30-Jun-2026,TOSK,TOPINDO SOLUSI KOMUNIKA Tbk,DEDEN HENDRA PERMANA,Individual,L,INDONESIAN,INDONESIA,297150000,0,297150000,6.79
30-Jun-2026,TOTL,TOTAL BANGUN PERSADA Tbk,TOTAL INTI PERSADA PT,Corporate,L,,,0,1926650000,1926650000,56.5
30-Jun-2026,TOTL,TOTAL BANGUN PERSADA Tbk,"JAGA BANGUNPERSADA KOMAJAYA,PT",Corporate,L,,INDONESIA,111221880,0,111221880,3.26
30-Jun-2026,TOTL,TOTAL BANGUN PERSADA Tbk,DJADJANG TANUWIDJAJA,Individual,L,INDONESIAN,INDONESIA,377354240,0,377354240,11.07
30-Jun-2026,TOTL,TOTAL BANGUN PERSADA Tbk,PINARTO SUTANTO,Individual,L,INDONESIAN,INDONESIAN,0,62232500,62232500,1.83
30-Jun-2026,TOTL,TOTAL BANGUN PERSADA Tbk,HONKY HARJO,Individual,L,INDONESIAN,INDONESIA,47855800,0,47855800,1.4
30-Jun-2026,TOTL,TOTAL BANGUN PERSADA Tbk,FOURTON KOMODO INDONESIA EQUITY INVESTMENT FUND,Mutual Funds,F,,FINLAND,38034300,0,38034300,1.12
30-Jun-2026,TOTL,TOTAL BANGUN PERSADA Tbk,DBS VICKERS SECS SINGAPORE (PTE) LTD A/C CLIENTS,Securities Company,F,,SINGAPORE,108582900,0,108582900,3.18
30-Jun-2026,TOTO,SURYA TOTO INDONESIA Tbk,"Multifortuna Asindo, PT",Corporate,L,,INDONESIA,545841050,2486707200,3032548250,29.39
30-Jun-2026,TOTO,SURYA TOTO INDONESIA Tbk,ZICO TRUST (S) LTD,Trustee Bank,F,,SINGAPORE,111166200,0,111166200,1.08
30-Jun-2026,TOTO,SURYA TOTO INDONESIA Tbk,SURYAPARAMITRA ABADI,,,,,0,2486707200,2486707200,24.1
30-Jun-2026,TOTO,SURYA TOTO INDONESIA Tbk,TOTO LIMITED,,,,,0,3777446800,3777446800,36.6
30-Jun-2026,TOWR,SARANA MENARA NUSANTARA Tbk,PT SARANA MENARA NUSANTARA TBK,Corporate,L,,INDONESIA,998296554,0,998296554,1.69
30-Jun-2026,TOWR,SARANA MENARA NUSANTARA Tbk,PT DWIMURIA INVESTAMA ANDALAN,Private Equity,L,,INDONESIA,4401224985,7391464952,11792689937,19.95
30-Jun-2026,TOWR,SARANA MENARA NUSANTARA Tbk,PT SAPTA ADHIKARI INVESTAMA PT,Corporate,L,,INDONESIA,1231625200,25532620965,26764246165,45.29
30-Jun-2026,TOWR,SARANA MENARA NUSANTARA Tbk,PT. LINGKARMULIA INDAH,Corporate,L,,INDONESIA,3151757446,0,3151757446,5.33
30-Jun-2026,TOWR,SARANA MENARA NUSANTARA Tbk,UBS AG SINGAPORE BRANCH,Private Bank,F,,SINGAPORE,1834004121,0,1834004121,3.1
30-Jun-2026,TOWR,SARANA MENARA NUSANTARA Tbk,SIX SIS LTD,Capital Market Supporting Institutions And Professions,F,,SWITZERLAND,893364100,0,893364100,1.51
30-Jun-2026,TOWR,SARANA MENARA NUSANTARA Tbk,IR CHANDRA ADISUSANTO,Individual,L,INDONESIAN,INDONESIA,958227000,0,958227000,1.62
30-Jun-2026,TOWR,SARANA MENARA NUSANTARA Tbk,DJS KETENAGAKERJAAN PROGRAM JAMINAN HARI TUA,State Owned Enterprises,L,,INDONESIA,1079520500,0,1079520500,1.83
30-Jun-2026,TOYS,SUNINDO ADIPERSADA Tbk,PT. HOEKEL BANGUN ABADI,Firm,L,,INDONESIA,296521959,0,296521959,20.66
30-Jun-2026,TOYS,SUNINDO ADIPERSADA Tbk,MAWAS NABILA PUTRI,Individual,L,INDONESIAN,INDONESIA,22082300,0,22082300,1.54
30-Jun-2026,TOYS,SUNINDO ADIPERSADA Tbk,IWAN TIRTHA,Individual,L,INDONESIAN,INDONESIA,414089900,0,414089900,28.86
30-Jun-2026,TOYS,SUNINDO ADIPERSADA Tbk,RUDY,Individual,L,INDONESIAN,INDONESIA,20130000,0,20130000,1.4
30-Jun-2026,TOYS,SUNINDO ADIPERSADA Tbk,SRIYONO,Individual,L,INDONESIAN,INDONESIA,16708700,0,16708700,1.16
30-Jun-2026,TOYS,SUNINDO ADIPERSADA Tbk,CELINE,Individual,L,INDONESIAN,INDONESIA,21450000,0,21450000,1.49
30-Jun-2026,TOYS,SUNINDO ADIPERSADA Tbk,PETER INDRA LEMBONG,Individual,L,INDONESIAN,INDONESIA,75750000,0,75750000,5.28
30-Jun-2026,TOYS,SUNINDO ADIPERSADA Tbk,GOICHI MORI,Individual,F,JAPANESE,INDONESIA,75750000,0,75750000,5.28
30-Jun-2026,TPIA,CHANDRA ASRI PACIFIC Tbk,PT TOP INVESTMENT INDONESIA,Corporate,L,,INDONESIA,0,12976731760,12976731760,15.0
30-Jun-2026,TPIA,CHANDRA ASRI PACIFIC Tbk,BARITO PACIFIC TBK,Corporate,L,,INDONESIA,11825453500,18132216900,29957670400,34.63
30-Jun-2026,TPIA,CHANDRA ASRI PACIFIC Tbk,MARIGOLD RESOURCES PTE. LTD.,Corporate,F,,SINGAPORE,3387243720,0,3387243720,3.92
30-Jun-2026,TPIA,CHANDRA ASRI PACIFIC Tbk,SCG CHEMICALS PUBLIC COMPANY LIMITED,Corporate,F,,THAILAND,0,13589972562,13589972562,15.71
30-Jun-2026,TPIA,CHANDRA ASRI PACIFIC Tbk,BANGKOK BANK PUBLIC COMPANY LIMITED,Bank,F,,THAILAND,4317648400,0,4317648400,4.99
30-Jun-2026,TPIA,CHANDRA ASRI PACIFIC Tbk,PRAJOGO PANGESTU,Individual,L,INDONESIAN,INDONESIA,4354382164,0,4354382164,5.03
30-Jun-2026,TPMA,TRANS POWER MARINE Tbk,PT PATIN RESOURCES,Corporate,L,,INDONESIA,315896590,0,315896590,9.01
30-Jun-2026,TPMA,TRANS POWER MARINE Tbk,PT INVESTASI JAYA CEMERLANG,Corporate,L,,INDONESIA,78748500,0,78748500,2.25
30-Jun-2026,TPMA,TRANS POWER MARINE Tbk,PT ARTHA WIJAYA KAPITAL,Corporate,L,,INDONESIA,100000000,0,100000000,2.85
30-Jun-2026,TPMA,TRANS POWER MARINE Tbk,PT DWITUNGGAL PERKASA MANDIRI,Corporate,L,,INDONESIA,1825430197,0,1825430197,52.04
30-Jun-2026,TPMA,TRANS POWER MARINE Tbk,ALBERTH  KINDANGEN,Individual,L,INDONESIAN,INDONESIA,126169687,0,126169687,3.6
30-Jun-2026,TPMA,TRANS POWER MARINE Tbk,RIDOAN MADJUKIE,Individual,L,INDONESIAN,INDONESIA,50000000,0,50000000,1.43
30-Jun-2026,TPMA,TRANS POWER MARINE Tbk,KARDINATA ALIWARGA,Individual,L,INDONESIAN,INDONESIA,42700000,0,42700000,1.22
30-Jun-2026,TPMA,TRANS POWER MARINE Tbk,RONNY KURNIAWAN,Individual,L,INDONESIAN,INDONESIA,76060387,0,76060387,2.17
30-Jun-2026,TRAM,TRADA ALAM MINERA Tbk,"ANGKASA BUMI MAS, PT",Venture Capital,L,,INDONESIA,709749700,0,709749700,1.43
30-Jun-2026,TRAM,TRADA ALAM MINERA Tbk,PT JASA INVESTINDO,Corporate,L,,INDONESIA,1250000000,0,1250000000,2.52
30-Jun-2026,TRAM,TRADA ALAM MINERA Tbk,Hendra Haryanto,Individual,L,INDONESIAN,INDONESIA,990000200,0,990000200,1.99
30-Jun-2026,TRAM,TRADA ALAM MINERA Tbk,TAN SECILIA BUDIJANTO,Individual,L,INDONESIAN,INDONESIA,2473490000,0,2473490000,4.98
30-Jun-2026,TRAM,TRADA ALAM MINERA Tbk,JUNI SETIAWATI WONOWIDJOJO,Individual,L,INDONESIAN,INDONESIA,2472367100,0,2472367100,4.98
30-Jun-2026,TRAM,TRADA ALAM MINERA Tbk,PT. ASURANSI JIWA IFG,Insurance,L,,INDONESIA,793986133,0,793986133,1.6
30-Jun-2026,TRAM,TRADA ALAM MINERA Tbk,PERUSAHAAN PERSEROAN (PERSERO) PT ASABRI,State Owned Enterprises,L,,INDONESIA,2526967937,0,2526967937,5.09
30-Jun-2026,TRAM,TRADA ALAM MINERA Tbk,REKSA DANA SYARIAH AURORA SHARIA EQUITY,Mutual Funds,L,,INDONESIA,601268000,0,601268000,1.21
30-Jun-2026,TRAM,TRADA ALAM MINERA Tbk,Reksa Dana Syariah Pan Arcadia Ekuitas Syariah Progresif,Mutual Funds,L,,INDONESIA,572200309,0,572200309,1.15
30-Jun-2026,TRAM,TRADA ALAM MINERA Tbk,REKSA DANA POOL ADVISTA KAPITAL OPTIMAL,Mutual Funds,L,,INDONESIA,709193700,0,709193700,1.43
30-Jun-2026,TRAM,TRADA ALAM MINERA Tbk,VANGUARD TOTAL INTERNATIONAL STOCK INDEX FUND,Mutual Funds,F,,UNITED STATES,537807334,0,537807334,1.08
30-Jun-2026,TRAM,TRADA ALAM MINERA Tbk,JAKSA AGUNG MUDA BIDANG TINDAK PIDANA KHUSUS KEJAKSAAN REPUBLIK INDONESIA KEJAKSAAN REPUBLIK INDONESIA,Government,L,,INDONESIA,23402869906,0,23402869906,47.14
30-Jun-2026,TRAM,TRADA ALAM MINERA Tbk,PT Artha Sekuritas Indonesia,Securities Company,L,,INDONESIA,857044620,0,857044620,1.73
30-Jun-2026,TRGU,CERESTAR INDONESIA Tbk,PT SUNTERRA INDONESIA,Firm,L,,INDONESIA,2389286000,4056096700,6445382700,81.12
30-Jun-2026,TRGU,CERESTAR INDONESIA Tbk,THRESHOLD ASIA HOLDINGS PTE LTD,Private Equity,F,,SINGAPORE,337752200,0,337752200,4.25
30-Jun-2026,TRGU,CERESTAR INDONESIA Tbk,IRES CREST PTE LTD,Corporate,F,,SINGAPORE,393241900,0,393241900,4.95
30-Jun-2026,TRGU,CERESTAR INDONESIA Tbk,OAKSHIRE CAPITAL ADVISORS PTE LTD,Investment Advisors,F,,SINGAPORE,290119500,0,290119500,3.65
30-Jun-2026,TRIL,TRIWIRA INSANLESTARI Tbk,PT. HENGTRACO PROTECSINDO,Corporate,L,,INDONESIA,173150000,0,173150000,14.43
30-Jun-2026,TRIL,TRIWIRA INSANLESTARI Tbk,PT ARTHABUANA KARYA MANDIRI,Corporate,L,,INDONESIA,690483740,0,690483740,57.54
30-Jun-2026,TRIL,TRIWIRA INSANLESTARI Tbk,RENAISSANCE CAPITAL MGT INVT.,Private Equity,F,,SINGAPORE,48071500,0,48071500,4.01
30-Jun-2026,TRIL,TRIWIRA INSANLESTARI Tbk,Priscillia Lybianto,Individual,L,INDONESIAN,INDONESIA,16600000,0,16600000,1.38
30-Jun-2026,TRIL,TRIWIRA INSANLESTARI Tbk,SIAUW YUNUS SUBANDI,Individual,L,INDONESIAN,INDONESIA,23072900,0,23072900,1.92
30-Jun-2026,TRIL,TRIWIRA INSANLESTARI Tbk,ANTONIUS GUNAWAN GHO,Individual,L,INDONESIAN,,22291000,0,22291000,1.86
30-Jun-2026,TRIL,TRIWIRA INSANLESTARI Tbk,HERMANTO,Individual,L,INDONESIAN,,12390000,0,12390000,1.03
30-Jun-2026,TRIM,TRIMEGAH SEKURITAS INDONESIA Tbk,PT PHILADEL TERRA LESTARI,Corporate,L,,INDONESIA,153000000,0,153000000,2.15
30-Jun-2026,TRIM,TRIMEGAH SEKURITAS INDONESIA Tbk,PT. BALI BINTANG SEJAHTERA,Private Equity,L,,INDONESIA,71226300,0,71226300,1.0
30-Jun-2026,TRIM,TRIMEGAH SEKURITAS INDONESIA Tbk,TERRA KONSUMA INVESTAMA,Private Equity,L,,INDONESIA,120570500,0,120570500,1.7
30-Jun-2026,TRIM,TRIMEGAH SEKURITAS INDONESIA Tbk,"PURI DAMAI SEJAHTERA, PT",Corporate,L,,INDONESIA,261780000,0,261780000,3.68
30-Jun-2026,TRIM,TRIMEGAH SEKURITAS INDONESIA Tbk,NUANSA INDAH KREASI PT,Private Equity,L,,INDONESIA,93000000,0,93000000,1.31
30-Jun-2026,TRIM,TRIMEGAH SEKURITAS INDONESIA Tbk,PT. SUKSES PERDANA MANDIRI,Corporate,L,,INDONESIA,340805250,0,340805250,4.79
30-Jun-2026,TRIM,TRIMEGAH SEKURITAS INDONESIA Tbk,UNION SAMPOERNA PT,Corporate,L,,INDONESIA,413000000,0,413000000,5.81
30-Jun-2026,TRIM,TRIMEGAH SEKURITAS INDONESIA Tbk,"TRINUGRAHA THOHIR HARMONI, PT",Corporate,L,,INDONESIA,79793000,0,79793000,1.12
30-Jun-2026,TRIM,TRIMEGAH SEKURITAS INDONESIA Tbk,CITIBANK N.A.,Private Bank,F,,SINGAPORE,354450000,0,354450000,4.99
30-Jun-2026,TRIM,TRIMEGAH SEKURITAS INDONESIA Tbk,GARIBALDI THOHIR,Individual,L,INDONESIAN,INDONESIA,2465846700,0,2465846700,34.68
30-Jun-2026,TRIM,TRIMEGAH SEKURITAS INDONESIA Tbk,ADELLENE ODELIA TANURI,Individual,L,INDONESIAN,INDONESIA,355000000,0,355000000,4.99
30-Jun-2026,TRIM,TRIMEGAH SEKURITAS INDONESIA Tbk,VERONICA COLONDAM,Individual,L,INDONESIAN,INDONESIA,345320000,0,345320000,4.86
30-Jun-2026,TRIM,TRIMEGAH SEKURITAS INDONESIA Tbk,YABES TANURI,Individual,L,INDONESIAN,INDONESIA,97646800,0,97646800,1.37
30-Jun-2026,TRIM,TRIMEGAH SEKURITAS INDONESIA Tbk,MARUARAR SIRAIT,Individual,L,INDONESIAN,INDONESIA,78444800,0,78444800,1.1
30-Jun-2026,TRIM,TRIMEGAH SEKURITAS INDONESIA Tbk,PHILMON SAMUEL TANURI,Individual,L,INDONESIAN,INDONESIA,559044000,0,559044000,7.86
30-Jun-2026,TRIM,TRIMEGAH SEKURITAS INDONESIA Tbk,PT TRIMEGAH SEKURITAS INDONESIA TBK,Securities Company,L,,INDONESIA,177700064,0,177700064,2.5
30-Jun-2026,TRIM,TRIMEGAH SEKURITAS INDONESIA Tbk,"NAITO SECURITIES CO., LTD.",Securities Company,F,,JAPAN,245870800,0,245870800,3.46
30-Jun-2026,TRIM,TRIMEGAH SEKURITAS INDONESIA Tbk,UOB KAY HIAN PTE LTD,Securities Company,F,,SINGAPORE,259056900,0,259056900,3.64
30-Jun-2026,TRIN,PERINTIS TRINITI PROPERTI Tbk,PT KUNCI DAUD INDONESIA,Corporate,L,,INDONESIA,1628738000,0,1628738000,35.78
30-Jun-2026,TRIN,PERINTIS TRINITI PROPERTI Tbk,PT. SUKSES SEJATI SEJAHTERA,Corporate,L,,INDONESIA,53197528,0,53197528,1.17
30-Jun-2026,TRIN,PERINTIS TRINITI PROPERTI Tbk,PT PANCA MUARA JAYA,Corporate,L,,INDONESIA,264109000,0,264109000,5.8
30-Jun-2026,TRIN,PERINTIS TRINITI PROPERTI Tbk,PT INTAN INVESTAMA INTERNASIONAL,Private Equity,L,,INDONESIA,1241574500,0,1241574500,27.28
30-Jun-2026,TRIN,PERINTIS TRINITI PROPERTI Tbk,PT RADA SARASWATI SURYA,Investment Advisors,L,,INDONESIA,45514600,0,45514600,1.0
30-Jun-2026,TRIN,PERINTIS TRINITI PROPERTI Tbk,PT RAKSAKA SATYA DEVYA,Investment Advisors,L,,INDONESIA,133068072,0,133068072,2.92
30-Jun-2026,TRIN,PERINTIS TRINITI PROPERTI Tbk,OKIE DJAYA RAHARDJA,Individual,L,INDONESIAN,INDONESIA,48365000,0,48365000,1.06
30-Jun-2026,TRIN,PERINTIS TRINITI PROPERTI Tbk,DJONI,Individual,L,INDONESIAN,INDONESIA,68300000,0,68300000,1.5
30-Jun-2026,TRIN,PERINTIS TRINITI PROPERTI Tbk,ISHAK CHANDRA,Individual,L,INDONESIAN,INDONESIA,49711235,0,49711235,1.09
30-Jun-2026,TRIN,PERINTIS TRINITI PROPERTI Tbk,SUTOPO WIDODO,Individual,L,INDONESIAN,INDONESIA,52867100,0,52867100,1.16
30-Jun-2026,TRIN,PERINTIS TRINITI PROPERTI Tbk,MANGGARAI ANUGERAH SEMESTA PT,,,,,0,47892223,47892223,1.05
30-Jun-2026,TRIO,TRIKOMSEL OKE Tbk,"SUKSES PERDANA PRIMA, PT",Corporate,L,,INDONESIA,0,9948636242,9948636242,38.25
30-Jun-2026,TRIO,TRIKOMSEL OKE Tbk,TIGADARI FIESTA .PT - CPD2505K0189508,Corporate,L,,INDONESIA,2259227224,0,2259227224,8.69
30-Jun-2026,TRIO,TRIKOMSEL OKE Tbk,PT. HUAWEI TECH INVESTMENT,PermanentEstablishment,L,,INDONESIA,312196260,0,312196260,1.2
30-Jun-2026,TRIO,TRIKOMSEL OKE Tbk,ESCOMINDO PTE.LTD - CPF031149811431,Corporate,F,,SINGAPORE,367529716,0,367529716,1.41
30-Jun-2026,TRIO,TRIKOMSEL OKE Tbk,JPMCB NA RE-POLARIS LTD,Corporate,F,,SINGAPORE,2136744500,0,2136744500,8.22
30-Jun-2026,TRIO,TRIKOMSEL OKE Tbk,PT BANK DBS INDONESIA,Bank,L,,INDONESIA,452943913,0,452943913,1.74
30-Jun-2026,TRIO,TRIKOMSEL OKE Tbk,GLAS TRUST (S) LTD.,Trustee Bank,F,,SINGAPORE,9277500,6631323456,6640600956,25.53
30-Jun-2026,TRIO,TRIKOMSEL OKE Tbk,UOB KAY HIAN PTE LTD,Securities Company,F,,SINGAPORE,3372249347,0,3372249347,12.97
30-Jun-2026,TRIS,TRISULA INTERNATIONAL Tbk,PT TRISULA INTERNATIONAL TBK,Corporate,L,,INDONESIA,48232500,0,48232500,1.54
30-Jun-2026,TRIS,TRISULA INTERNATIONAL Tbk,PT. KARYA DWIMANUNGGAL SEJAHTERA,Corporate,L,,INDONESIA,190037000,280000000,470037000,14.96
30-Jun-2026,TRIS,TRISULA INTERNATIONAL Tbk,PT. INTI NUSA DAMAI,Corporate,L,,INDONESIA,0,633384048,633384048,20.16
30-Jun-2026,TRIS,TRISULA INTERNATIONAL Tbk,PT.TRITIRTA INTI MANDIRI,Corporate,L,,INDONESIA,54887874,0,54887874,1.75
30-Jun-2026,TRIS,TRISULA INTERNATIONAL Tbk,PT TRISULA INSAN TIARA,Corporate,L,,INDONESIA,99814700,403000000,502814700,16.01
30-Jun-2026,TRIS,TRISULA INTERNATIONAL Tbk,UBS AG SINGAPORE BRANCH,Private Bank,F,,SINGAPORE,153500000,0,153500000,4.89
30-Jun-2026,TRIS,TRISULA INTERNATIONAL Tbk,NIVEN HOLDINGS LIMITED,Investment Advisors,F,,"VIRGIN ISLANDS, BRITISH",36159850,0,36159850,1.15
30-Jun-2026,TRIS,TRISULA INTERNATIONAL Tbk,KIKY SUHERLAN,Individual,L,INDONESIAN,INDONESIA,507072000,0,507072000,16.14
30-Jun-2026,TRIS,TRISULA INTERNATIONAL Tbk,DEDIE SUHERLAN,Individual,L,INDONESIAN,INDONESIA,507072000,0,507072000,16.14
30-Jun-2026,TRIS,TRISULA INTERNATIONAL Tbk,REKSA DANA DANAMAS STABIL,Mutual Funds,L,,INDONESIA,39275100,0,39275100,1.25
30-Jun-2026,TRIS,TRISULA INTERNATIONAL Tbk,INTERVENTURES  CAPITAL PTE. LTD,Corporate,F,,SINGAPORE,48229375,0,48229375,1.54
30-Jun-2026,TRJA,TRANSKON JAYA Tbk,PT. DAMAI INVESTAMA SUKSES,Private Equity,L,,INDONESIA,79496700,0,79496700,5.26
30-Jun-2026,TRJA,TRANSKON JAYA Tbk,PT ANEKA,Corporate,L,,INDONESIA,28321700,0,28321700,1.88
30-Jun-2026,TRJA,TRANSKON JAYA Tbk,PT SAMINDO RESOURCES TBK,Corporate,L,,INDONESIA,1265646100,0,1265646100,83.81
30-Jun-2026,TRJA,TRANSKON JAYA Tbk,SAUT MARULITUA SINAGA,Individual,L,INDONESIAN,INDONESIA,16244400,0,16244400,1.08
30-Jun-2026,TRON,TEKNOLOGI KARYA DIGITAL NUSA Tbk,"DAYA KEMILAU NUSANTARA INVESTAMA, PT",Private Equity,L,,INDONESIA,1742046400,0,1742046400,59.03
30-Jun-2026,TRON,TEKNOLOGI KARYA DIGITAL NUSA Tbk,PT KARYA DEWANTARA NASIONAL,Corporate,L,,INDONESIA,48941500,0,48941500,1.66
30-Jun-2026,TRON,TEKNOLOGI KARYA DIGITAL NUSA Tbk,EASTERN IDEAL HOLDING LIMITED,Corporate,F,,"VIRGIN ISLANDS, BRITISH",105503400,0,105503400,3.57
30-Jun-2026,TRON,TEKNOLOGI KARYA DIGITAL NUSA Tbk,WONG DAM SENG,Individual,L,INDONESIAN,INDONESIA,47839000,0,47839000,1.62
30-Jun-2026,TRON,TEKNOLOGI KARYA DIGITAL NUSA Tbk,OKTANTIO P NOERDIANSYAH,Individual,L,INDONESIAN,INDONESIA,135310900,0,135310900,4.58
30-Jun-2026,TRON,TEKNOLOGI KARYA DIGITAL NUSA Tbk,KOKARJADI CHANDRA,Individual,L,INDONESIAN,INDONESIA,105650190,0,105650190,3.58
30-Jun-2026,TRON,TEKNOLOGI KARYA DIGITAL NUSA Tbk,TAN TJOE LIANG,Individual,L,INDONESIAN,INDONESIA,53052100,0,53052100,1.8
30-Jun-2026,TRST,TRIAS SENTOSA Tbk,"PRIMA POLYCON INDAH, PT.",Corporate,L,,INDONESIA,162431360,0,162431360,5.78
30-Jun-2026,TRST,TRIAS SENTOSA Tbk,PT. KILO BRAVO INTI PERKASA,Corporate,L,,INDONESIA,139696000,0,139696000,4.97
30-Jun-2026,TRST,TRIAS SENTOSA Tbk,PT KL TRIO,Corporate,L,,INDONESIA,216463250,0,216463250,7.71
30-Jun-2026,TRST,TRIAS SENTOSA Tbk,"ADILAKSA MANUNGGAL, PT",Corporate,L,,,0,502784665,502784665,17.91
30-Jun-2026,TRST,TRIAS SENTOSA Tbk,PT. K AND L CAPITAL,Corporate,L,,INDONESIA,750133500,0,750133500,26.71
30-Jun-2026,TRST,TRIAS SENTOSA Tbk,GSI S/A CAPITALIGHT INVESTMENTS PTE. LTD,Corporate,F,,SINGAPORE,100000000,0,100000000,3.56
30-Jun-2026,TRST,TRIAS SENTOSA Tbk,EUGENE SURYONO KOHAR,Individual,L,INDONESIAN,,40000000,0,40000000,1.42
30-Jun-2026,TRST,TRIAS SENTOSA Tbk,TJENHARTO KOHAR,Individual,L,INDONESIAN,INDONESIA,85429000,0,85429000,3.04
30-Jun-2026,TRST,TRIAS SENTOSA Tbk,LEKONG KOHAR,Individual,L,INDONESIAN,INDONESIA,130000000,0,130000000,4.63
30-Jun-2026,TRST,TRIAS SENTOSA Tbk,MINTARJO WIDYA TJOA,Individual,L,INDONESIAN,INDONESIA,47311554,0,47311554,1.68
30-Jun-2026,TRST,TRIAS SENTOSA Tbk,JAMIN TJANDRA,Individual,L,INDONESIAN,INDONESIA,107338557,13750,107352307,3.82
30-Jun-2026,TRST,TRIAS SENTOSA Tbk,FRANSISCA FIFI YONG WIDYA TAN,Individual,L,INDONESIAN,INDONESIA,42095511,0,42095511,1.5
30-Jun-2026,TRST,TRIAS SENTOSA Tbk,KINDARTO KOHAR,Individual,L,INDONESIAN,SINGAPORE,136734500,0,136734500,4.87
30-Jun-2026,TRST,TRIAS SENTOSA Tbk,THE EMERGING MARKETS SMALL CAP SERIES OF THE DFA INVESTMENT TRUST COMPANY,Mutual Funds,F,,UNITED STATES,32818400,0,32818400,1.17
30-Jun-2026,TRUE,TRINITI DINAMIK Tbk,PT PANCA AGUNG GEMILANG,Corporate,L,,INDONESIA,277931456,0,277931456,3.67
30-Jun-2026,TRUE,TRINITI DINAMIK Tbk,PT PERINTIS TRINITI PROPERTI TBK,Corporate,L,,INDONESIA,0,1097261584,1097261584,14.49
30-Jun-2026,TRUE,TRINITI DINAMIK Tbk,PT AGUNG PERKASA INVESTINDO,Private Equity,L,,INDONESIA,4000000000,0,4000000000,52.83
30-Jun-2026,TRUE,TRINITI DINAMIK Tbk,VINCENT YO,Individual,L,INDONESIAN,INDONESIA,0,107569484,107569484,1.42
30-Jun-2026,TRUE,TRINITI DINAMIK Tbk,VALTOS GLOBALINDO PT,,L,,,0,205588000,205588000,2.72
30-Jun-2026,TRUK,GUNA TIMUR RAYA Tbk,PT CATUR DHARMA ANUGERAH SURYA,Corporate,L,,INDONESIA,87000000,0,87000000,20.0
30-Jun-2026,TRUK,GUNA TIMUR RAYA Tbk,PT GUNA MAKMUR RAYA,Corporate,L,,INDONESIA,109484700,0,109484700,25.17
30-Jun-2026,TRUK,GUNA TIMUR RAYA Tbk,FENTI HIDAJAT,Individual,L,INDONESIAN,INDONESIA,21225200,0,21225200,4.88
30-Jun-2026,TRUK,GUNA TIMUR RAYA Tbk,BUDI GUNAWAN,Individual,L,INDONESIAN,INDONESIA,21750000,0,21750000,5.0
30-Jun-2026,TRUK,GUNA TIMUR RAYA Tbk,SUWITO,Individual,L,INDONESIAN,INDONESIA,21750000,0,21750000,5.0
30-Jun-2026,TRUK,GUNA TIMUR RAYA Tbk,ERIC MOELJONO,Individual,L,INDONESIAN,INDONESIA,16200000,0,16200000,3.72
30-Jun-2026,TRUK,GUNA TIMUR RAYA Tbk,SEMILTA LESTARI,Individual,L,INDONESIAN,INDONESIA,12762100,0,12762100,2.93
30-Jun-2026,TRUK,GUNA TIMUR RAYA Tbk,CAROLINA KUSUMA,Individual,L,INDONESIAN,INDONESIA,21750000,0,21750000,5.0
30-Jun-2026,TRUK,GUNA TIMUR RAYA Tbk,SUMINTO HUSIN GIMAN,Individual,L,INDONESIAN,INDONESIA,21750000,0,21750000,5.0
30-Jun-2026,TRUK,GUNA TIMUR RAYA Tbk,ANTONIUS GUNAWAN GHO,Individual,L,INDONESIAN,,5250100,0,5250100,1.21
30-Jun-2026,TRUK,GUNA TIMUR RAYA Tbk,SUGANTO GUNAWAN,Individual,L,INDONESIAN,INDONESIA,21750000,0,21750000,5.0
30-Jun-2026,TRUK,GUNA TIMUR RAYA Tbk,SUSANA KOSASIH,Individual,L,INDONESIAN,INDONESIA,21584800,0,21584800,4.96
30-Jun-2026,TRUS,TRUST FINANCE INDONESIA Tbk,KUSUMA ANUGRAH ABADI PT,Corporate,L,,INDONESIA,32861000,0,32861000,4.11
30-Jun-2026,TRUS,TRUST FINANCE INDONESIA Tbk,PT ARTHA CAPITAL INDONESIA,Investment Advisors,L,,INDONESIA,223760000,0,223760000,27.97
30-Jun-2026,TRUS,TRUST FINANCE INDONESIA Tbk,"Artha Perdana Investama, PT",Investment Advisors,L,,INDONESIA,74760000,0,74760000,9.35
30-Jun-2026,TRUS,TRUST FINANCE INDONESIA Tbk,INTI INDAH RAYA PT,Corporate,L,,INDONESIA,32861000,0,32861000,4.11
30-Jun-2026,TRUS,TRUST FINANCE INDONESIA Tbk,RUSLI HAZALI,Individual,L,INDONESIAN,INDONESIA,22490000,0,22490000,2.81
30-Jun-2026,TRUS,TRUST FINANCE INDONESIA Tbk,HENDRY HARTATO,Individual,L,INDONESIAN,INDONESIA,56190000,0,56190000,7.02
30-Jun-2026,TRUS,TRUST FINANCE INDONESIA Tbk,TANNER ALWI,Individual,L,INDONESIAN,INDONESIA,15604900,0,15604900,1.95
30-Jun-2026,TRUS,TRUST FINANCE INDONESIA Tbk,RENEE TANG,Individual,L,INDONESIAN,INDONESIA,39505000,0,39505000,4.94
30-Jun-2026,TRUS,TRUST FINANCE INDONESIA Tbk,ELNI TANGKA,Individual,L,INDONESIAN,,39808000,0,39808000,4.98
30-Jun-2026,TRUS,TRUST FINANCE INDONESIA Tbk,MAJUJAYA TERUS SEJAHTERA PT,,,,,0,240000000,240000000,30.0
30-Jun-2026,TSPC,TEMPO SCAN PACIFIC Tbk,PT. BOGAMULIA NAGADI,Corporate,L,,INDONESIA,4097984318,0,4097984318,90.87
30-Jun-2026,TUGU,ASURANSI TUGU PRATAMA INDONESIA Tbk,PT PERTAMINA (PERSERO),Corporate,L,,INDONESIA,0,2080000000,2080000000,58.5
30-Jun-2026,TUGU,ASURANSI TUGU PRATAMA INDONESIA Tbk,SALVITAS INVESTMENT INC,Firm,F,,CAYMAN ISLANDS,146460582,0,146460582,4.12
30-Jun-2026,TUGU,ASURANSI TUGU PRATAMA INDONESIA Tbk,ROY TJOKROWIDJOYO,Individual,L,INDONESIAN,INDONESIA,36560000,0,36560000,1.03
30-Jun-2026,TUGU,ASURANSI TUGU PRATAMA INDONESIA Tbk,"SAMSUNG FIRE AND MARINE INSURANCE CO., LTD",Insurance,F,,"KOREA, REPUBLIC OF",188234000,0,188234000,5.29
30-Jun-2026,TUGU,ASURANSI TUGU PRATAMA INDONESIA Tbk,UOB KAY HIAN PTE LTD,Securities Company,F,,SINGAPORE,563200000,0,563200000,15.84
30-Jun-2026,TYRE,KING TIRE INDONESIA Tbk,PT. SENTRA NIAGA ABADI,Corporate,L,,INDONESIA,70120000,0,70120000,2.01
30-Jun-2026,TYRE,KING TIRE INDONESIA Tbk,PT PRAKARSA MITRA SENTOSA,Corporate,L,,INDONESIA,94743200,0,94743200,2.72
30-Jun-2026,TYRE,KING TIRE INDONESIA Tbk,PT HARAPAN PERSADA ABADI,Corporate,L,,INDONESIA,80881800,0,80881800,2.32
30-Jun-2026,TYRE,KING TIRE INDONESIA Tbk,PT KREASI SUKSES SEJATI,Corporate,L,,INDONESIA,61172300,0,61172300,1.76
30-Jun-2026,TYRE,KING TIRE INDONESIA Tbk,PT Surya Tunggal Utama,Corporate,L,,INDONESIA,116923000,0,116923000,3.36
30-Jun-2026,TYRE,KING TIRE INDONESIA Tbk,PT. SEMESTA RAYA PERMAI,Corporate,L,,INDONESIA,77559400,0,77559400,2.23
30-Jun-2026,TYRE,KING TIRE INDONESIA Tbk,PT KINGLAND INVESTINDO NUSANTARA,Corporate,L,,,0,1100000000,1100000000,31.6
30-Jun-2026,TYRE,KING TIRE INDONESIA Tbk,INDRA MULIAWAN,Individual,L,INDONESIAN,INDONESIA,0,554340000,554340000,15.93
30-Jun-2026,TYRE,KING TIRE INDONESIA Tbk,Harris Muliawan,Individual,L,INDONESIAN,INDONESIA,64376600,1121180000,1185556600,34.06
30-Jun-2026,UANG,PAKUAN Tbk,PT. BHINEKA ABADI INVESTAMA,Corporate,L,,INDONESIA,114773100,0,114773100,9.49
30-Jun-2026,UANG,PAKUAN Tbk,PT SIRIUS SURYA SENTOSA,Corporate,L,,INDONESIA,496049466,0,496049466,41.0
30-Jun-2026,UANG,PAKUAN Tbk,PT PANDAWA INDO INVESTAMA,Firm,L,,INDONESIA,59374600,0,59374600,4.91
30-Jun-2026,UANG,PAKUAN Tbk,PT TIRTA ORISA YASA,Corporate,L,,INDONESIA,196446000,0,196446000,16.24
30-Jun-2026,UANG,PAKUAN Tbk,HAPSORO,Individual,L,INDONESIAN,INDONESIA,234178350,0,234178350,19.35
30-Jun-2026,UANG,PAKUAN Tbk,SATRIO,Individual,L,INDONESIAN,INDONESIA,12140000,0,12140000,1.0
30-Jun-2026,UANG,PAKUAN Tbk,PEMERINTAH PROVINSI DAERAH KHUSUS IBUKOTA JAKARTA,,,,,0,13459000,13459000,1.11
30-Jun-2026,UCID,UNI-CHARM INDONESIA Tbk,PT APP PURINUSA EKAPERSADA,Corporate,L,,INDONESIA,550000000,314567054,864567054,20.8
30-Jun-2026,UCID,UNI-CHARM INDONESIA Tbk,JPMCB NA AIF CLT RE-THE SCOTTISH ORIENTAL SMALLER COMPANIES TRUST PLC,Firm,F,,UNITED KINGDOM,149308800,0,149308800,3.59
30-Jun-2026,UCID,UNI-CHARM INDONESIA Tbk,BANQUE PICTET AND CIE SA,Bank,F,,SWITZERLAND,71479000,0,71479000,1.72
30-Jun-2026,UCID,UNI-CHARM INDONESIA Tbk,"CACEIS BANK, LUXEMBOURG BRANCH/ UCITS CLIENTS",Bank,F,,LUXEMBOURG,45403400,0,45403400,1.09
30-Jun-2026,UCID,UNI-CHARM INDONESIA Tbk,SWEDBANK ROBUR SMALL CAP EMERGING MARKETS,Mutual Funds,F,,SWEDEN,72000000,0,72000000,1.73
30-Jun-2026,UCID,UNI-CHARM INDONESIA Tbk,UOB KAY HIAN PTE LTD,Securities Company,F,,SINGAPORE,54454900,0,54454900,1.31
30-Jun-2026,UCID,UNI-CHARM INDONESIA Tbk,UNICHARM CORPORATION,,,,,0,2460690846,2460690846,59.2
30-Jun-2026,UDNG,AGRO BAHARI NUSANTARA Tbk,PT BERJAYA TRIMAKMUR SEJAHTERA,Corporate,L,,INDONESIA,86615300,0,86615300,4.95
30-Jun-2026,UDNG,AGRO BAHARI NUSANTARA Tbk,FTAG INVESTMENT BANK LTD,Financial Institutional,F,,MALAYSIA,23315000,0,23315000,1.33
30-Jun-2026,UDNG,AGRO BAHARI NUSANTARA Tbk,JOSE LOUPIGA KELIAT,Individual,L,INDONESIAN,INDONESIA,397500000,0,397500000,22.71
30-Jun-2026,UDNG,AGRO BAHARI NUSANTARA Tbk,VINCENT LUKITO,Individual,L,INDONESIAN,INDONESIA,397500000,0,397500000,22.71
30-Jun-2026,UDNG,AGRO BAHARI NUSANTARA Tbk,GERI STEVANUS KOROMPIS,Individual,L,INDONESIAN,INDONESIA,87000000,0,87000000,4.97
30-Jun-2026,UDNG,AGRO BAHARI NUSANTARA Tbk,GILLIANT GRIMALDY KOROMPIS,Individual,L,INDONESIAN,INDONESIA,86702000,0,86702000,4.95
30-Jun-2026,UDNG,AGRO BAHARI NUSANTARA Tbk,BUDI MULJADI,Individual,L,INDONESIAN,INDONESIA,86183900,0,86183900,4.92
30-Jun-2026,UDNG,AGRO BAHARI NUSANTARA Tbk,Harijin Santoso,Individual,L,INDONESIAN,INDONESIA,82302100,0,82302100,4.7
30-Jun-2026,UDNG,AGRO BAHARI NUSANTARA Tbk,ANNA MAARTJE ROMPAS,Individual,L,INDONESIAN,INDONESIA,84000000,0,84000000,4.8
30-Jun-2026,UDNG,AGRO BAHARI NUSANTARA Tbk,OTNIEL I S KOROMPIS,Individual,L,INDONESIAN,INDONESIA,86049300,0,86049300,4.92
30-Jun-2026,UDNG,AGRO BAHARI NUSANTARA Tbk,CHRISTIAN BRANDON LIMBONO,Individual,L,INDONESIAN,INDONESIA,97500000,0,97500000,5.57
30-Jun-2026,UDNG,AGRO BAHARI NUSANTARA Tbk,HOESEN TABRANI,Individual,L,INDONESIAN,INDONESIA,32999400,0,32999400,1.89
30-Jun-2026,UDNG,AGRO BAHARI NUSANTARA Tbk,FEBRIYANTHY KURNIAWAN,Individual,L,INDONESIAN,INDONESIA,83937500,0,83937500,4.8
30-Jun-2026,UFOE,DAMAI SEJAHTERA ABADI Tbk,PT SELIS INVESTAMA INDONESIA,Corporate,L,,INDONESIA,124007669,0,124007669,4.28
30-Jun-2026,UFOE,DAMAI SEJAHTERA ABADI Tbk,DAMAI SEJAHTERA LESTARI INVESTAMA PT,Corporate,L,,,0,2086749000,2086749000,72.0
30-Jun-2026,UFOE,DAMAI SEJAHTERA ABADI Tbk,POEDJI HARIXON,Individual,L,INDONESIAN,INDONESIA,59649000,92744400,152393400,5.26
30-Jun-2026,UFOE,DAMAI SEJAHTERA ABADI Tbk,TJOA KING HOA,Individual,L,INDONESIAN,,107133972,0,107133972,3.7
30-Jun-2026,UFOE,DAMAI SEJAHTERA ABADI Tbk,IR PUDJI HARIANTO,Individual,L,INDONESIAN,INDONESIA,70475257,139116600,209591857,7.23
30-Jun-2026,ULTJ,ULTRAJAYA MILK INDUSTRY AND TRADING COMPANY Tbk,PRAWIRAWIDJAJA PRAKARSA PT,Corporate,L,,,0,2472304260,2472304260,23.78
30-Jun-2026,ULTJ,ULTRAJAYA MILK INDUSTRY AND TRADING COMPANY Tbk,SAMUDERA PRAWIRAWIDJAJA,Individual,L,INDONESIAN,INDONESIA,0,375000000,375000000,3.61
30-Jun-2026,ULTJ,ULTRAJAYA MILK INDUSTRY AND TRADING COMPANY Tbk,SABANA PRAWIRA WIDJAJA,Individual,L,INDONESIAN,,5528219300,0,5528219300,53.17
30-Jun-2026,ULTJ,ULTRAJAYA MILK INDUSTRY AND TRADING COMPANY Tbk,SUHENDRA PRAWIRAWIDJAJA,Individual,L,INDONESIAN,INDONESIA,47862200,109848160,157710360,1.52
30-Jun-2026,ULTJ,ULTRAJAYA MILK INDUSTRY AND TRADING COMPANY Tbk,PT Indolife Pensiontama,Insurance,L,,INDONESIA,247679200,0,247679200,2.38
30-Jun-2026,ULTJ,ULTRAJAYA MILK INDUSTRY AND TRADING COMPANY Tbk,PT ASURANSI JIWA CENTRAL ASIA RAYA,Insurance,L,,INDONESIA,170481500,0,170481500,1.64
30-Jun-2026,ULTJ,ULTRAJAYA MILK INDUSTRY AND TRADING COMPANY Tbk,NILA S,,,,,0,375000000,375000000,3.61
30-Jun-2026,UNIC,UNGGUL INDAH CAHAYA Tbk,PT. SALIM CHEMICALS CORPORA,Corporate,L,,INDONESIA,39635036,0,39635036,10.34
30-Jun-2026,UNIC,UNGGUL INDAH CAHAYA Tbk,"LAUTAN LUAS TBK, PT",Corporate,L,,INDONESIA,22858900,0,22858900,5.96
30-Jun-2026,UNIC,UNGGUL INDAH CAHAYA Tbk,PT UICCP INDONESIA,Corporate,L,,INDONESIA,13986000,0,13986000,3.65
30-Jun-2026,UNIC,UNGGUL INDAH CAHAYA Tbk,"ASPIRASI LUHUR,PT",Corporate,L,,INDONESIA,139351604,0,139351604,36.35
30-Jun-2026,UNIC,UNGGUL INDAH CAHAYA Tbk,PT Alas Pusaka,Corporate,L,,INDONESIA,43660821,0,43660821,11.39
30-Jun-2026,UNIC,UNGGUL INDAH CAHAYA Tbk,Ellen,Individual,L,INDONESIAN,,6727830,0,6727830,1.76
30-Jun-2026,UNIC,UNGGUL INDAH CAHAYA Tbk,Thomas Suseno,Individual,L,INDONESIAN,,13589428,0,13589428,3.55
30-Jun-2026,UNIC,UNGGUL INDAH CAHAYA Tbk,Widya Katuari,Individual,L,INDONESIAN,,7215076,0,7215076,1.88
30-Jun-2026,UNIC,UNGGUL INDAH CAHAYA Tbk,Yuber Hadi Yanto,Individual,L,INDONESIAN,INDONESIA,16475692,0,16475692,4.3
30-Jun-2026,UNIC,UNGGUL INDAH CAHAYA Tbk,Luciana Tanoyo,Individual,L,INDONESIAN,INDONESIA,16035840,0,16035840,4.18
30-Jun-2026,UNIC,UNGGUL INDAH CAHAYA Tbk,Tan Kong Han / Hendrik. T,Individual,L,INDONESIAN,,15000000,0,15000000,3.91
30-Jun-2026,UNIC,UNGGUL INDAH CAHAYA Tbk,John Michael Sutanto,Individual,L,INDONESIAN,,7160000,0,7160000,1.87
30-Jun-2026,UNIC,UNGGUL INDAH CAHAYA Tbk,HSBC RBWM MR SUJANTO HENDRA,Individual,L,INDONESIAN,,8085572,0,8085572,2.11
30-Jun-2026,UNIC,UNGGUL INDAH CAHAYA Tbk,Ronald Suciawan,Individual,L,INDONESIAN,,7225591,0,7225591,1.88
30-Jun-2026,UNIC,UNGGUL INDAH CAHAYA Tbk,Mimy Sulianti,Individual,L,INDONESIAN,INDONESIA,16476044,0,16476044,4.3
30-Jun-2026,UNIQ,ULIMA NITRA Tbk,BURHAN TJOKRO,Individual,L,INDONESIAN,INDONESIA,706818395,0,706818395,22.52
30-Jun-2026,UNIQ,ULIMA NITRA Tbk,JATI SIMINA,Individual,L,INDONESIAN,INDONESIA,375000000,0,375000000,11.95
30-Jun-2026,UNIQ,ULIMA NITRA Tbk,JULIANA HALIM,Individual,L,INDONESIAN,INDONESIA,100682500,0,100682500,3.21
30-Jun-2026,UNIQ,ULIMA NITRA Tbk,MERTY TJOKRO,Individual,L,INDONESIAN,INDONESIA,334302326,0,334302326,10.65
30-Jun-2026,UNIQ,ULIMA NITRA Tbk,ULUNG WIJAYA,Individual,L,INDONESIAN,INDONESIA,706818395,0,706818395,22.52
30-Jun-2026,UNIQ,ULIMA NITRA Tbk,NONI,Individual,L,INDONESIAN,INDONESIA,75595100,0,75595100,2.41
30-Jun-2026,UNIQ,ULIMA NITRA Tbk,MERTJE TJOKRO,Individual,L,INDONESIAN,INDONESIA,194767442,0,194767442,6.2
30-Jun-2026,UNIQ,ULIMA NITRA Tbk,TUTI NUARNI,Individual,L,INDONESIAN,INDONESIA,194767442,0,194767442,6.2
30-Jun-2026,UNIT,CAHAYA PERMATA SEJAHTERA Tbk,PT ENERGI HARAPAN BARU,Corporate,L,,INDONESIA,0,3735000,3735000,4.95
30-Jun-2026,UNIT,CAHAYA PERMATA SEJAHTERA Tbk,PT. Dunia Surya Bakti,Corporate,L,,INDONESIA,0,3735000,3735000,4.95
30-Jun-2026,UNIT,CAHAYA PERMATA SEJAHTERA Tbk,PT. Suge Talesta Guna,Corporate,L,,INDONESIA,0,3742800,3742800,4.96
30-Jun-2026,UNIT,CAHAYA PERMATA SEJAHTERA Tbk,PT KURNIA SENTOSA MULIA,Corporate,L,,INDONESIA,0,3725000,3725000,4.94
30-Jun-2026,UNIT,CAHAYA PERMATA SEJAHTERA Tbk,PT. Damar Jayastu Putra,Corporate,L,,INDONESIA,0,3701550,3701550,4.91
30-Jun-2026,UNIT,CAHAYA PERMATA SEJAHTERA Tbk,PT. Vito Purwa Cendana,Corporate,L,,INDONESIA,0,3700000,3700000,4.91
30-Jun-2026,UNIT,CAHAYA PERMATA SEJAHTERA Tbk,PT. Sandi Usaha Jaya,Corporate,L,,INDONESIA,0,3725000,3725000,4.94
30-Jun-2026,UNIT,CAHAYA PERMATA SEJAHTERA Tbk,PT. LENOVO WORLDWIDE CORPORATION,Corporate,F,,"VIRGIN ISLANDS, BRITISH",16423425,0,16423425,21.78
30-Jun-2026,UNIT,CAHAYA PERMATA SEJAHTERA Tbk,ANDY TANUJAYA,Individual,L,INDONESIAN,INDONESIA,952900,0,952900,1.26
30-Jun-2026,UNIT,CAHAYA PERMATA SEJAHTERA Tbk,LIEM SIEN LAN,Individual,L,INDONESIAN,,3727700,0,3727700,4.94
30-Jun-2026,UNIT,CAHAYA PERMATA SEJAHTERA Tbk,SIAUW YUNUS SUBANDI,Individual,L,INDONESIAN,INDONESIA,3546100,0,3546100,4.7
30-Jun-2026,UNIT,CAHAYA PERMATA SEJAHTERA Tbk,TANOKO MULYO ATMODJO,Individual,L,INDONESIAN,,2300250,0,2300250,3.05
30-Jun-2026,UNIT,CAHAYA PERMATA SEJAHTERA Tbk,RADIUS ERWIN DA SILVA S. KOM,Individual,L,INDONESIAN,INDONESIA,959800,0,959800,1.27
30-Jun-2026,UNIT,CAHAYA PERMATA SEJAHTERA Tbk,ANNA KAMAGI,Individual,L,INDONESIAN,,895000,0,895000,1.19
30-Jun-2026,UNIT,CAHAYA PERMATA SEJAHTERA Tbk,JAKSA AGUNG MUDA BIDANG TINDAK PIDANA KHUSUS KEJAKSAAN REPUBLIK INDONESIA KEJAKSAAN REPUBLIK INDONESIA,Government,L,,INDONESIA,3690100,0,3690100,4.89
30-Jun-2026,UNIT,CAHAYA PERMATA SEJAHTERA Tbk,BLOOM INTERNATIONAL LTD,Partnership,F,,UNITED KINGDOM,5749750,0,5749750,7.62
30-Jun-2026,UNSP,BAKRIE SUMATERA PLANTATIONS Tbk,PT BAKRIE CAPITAL INDONESIA,Corporate,L,,INDONESIA,445562965,0,445562965,17.82
30-Jun-2026,UNSP,BAKRIE SUMATERA PLANTATIONS Tbk,"Lingga Manik, PT",Private Equity,L,,INDONESIA,40257000,0,40257000,1.61
30-Jun-2026,UNSP,BAKRIE SUMATERA PLANTATIONS Tbk,PT BIOFUEL INDO SUMATRA,Corporate,L,,INDONESIA,92030400,0,92030400,3.68
30-Jun-2026,UNSP,BAKRIE SUMATERA PLANTATIONS Tbk,PARADISO RESOURCES LTD,Corporate,F,,"VIRGIN ISLANDS, BRITISH",152922232,0,152922232,6.12
30-Jun-2026,UNSP,BAKRIE SUMATERA PLANTATIONS Tbk,ERNAWATI ALI,Individual,L,INDONESIAN,INDONESIA,273921631,0,273921631,10.96
30-Jun-2026,UNSP,BAKRIE SUMATERA PLANTATIONS Tbk,STEFANIE DJAJALI,Individual,L,INDONESIAN,INDONESIA,230265187,0,230265187,9.21
30-Jun-2026,UNSP,BAKRIE SUMATERA PLANTATIONS Tbk,HON HERFENDI,Individual,L,INDONESIAN,INDONESIA,41888400,0,41888400,1.68
30-Jun-2026,UNSP,BAKRIE SUMATERA PLANTATIONS Tbk,MINARDI KONG,Individual,L,INDONESIAN,INDONESIA,43472700,0,43472700,1.74
30-Jun-2026,UNSP,BAKRIE SUMATERA PLANTATIONS Tbk,PT ASURANSI SIMAS JIWA,Insurance,L,,INDONESIA,34538050,0,34538050,1.38
30-Jun-2026,UNSP,BAKRIE SUMATERA PLANTATIONS Tbk,INDO ALAM RESOURCES PTE. LTD,Partnership,F,,SINGAPORE,94517496,0,94517496,3.78
30-Jun-2026,UNSP,BAKRIE SUMATERA PLANTATIONS Tbk,Meivel Holdings Corporation,Partnership,F,,BRITISH INDIAN OCEAN TERRITORY,32039650,0,32039650,1.28
30-Jun-2026,UNTD,TERANG DUNIA INTERNUSA Tbk,PT RODA LANGIT SEMESTA,Corporate,L,,INDONESIA,191647400,0,191647400,2.87
30-Jun-2026,UNTD,TERANG DUNIA INTERNUSA Tbk,PT WIRA CAKRA BERLIAN,Corporate,L,,INDONESIA,203409500,0,203409500,3.05
30-Jun-2026,UNTD,TERANG DUNIA INTERNUSA Tbk,PT FAJAR CAKRAWALA PRIMA,Corporate,L,,INDONESIA,178428200,0,178428200,2.68
30-Jun-2026,UNTD,TERANG DUNIA INTERNUSA Tbk,PT MULTI BUANA CARAKA,Corporate,L,,INDONESIA,127934300,0,127934300,1.92
30-Jun-2026,UNTD,TERANG DUNIA INTERNUSA Tbk,TE RAHARJO PRAYITNO,Individual,L,INDONESIAN,INDONESIA,0,125000000,125000000,1.87
30-Jun-2026,UNTD,TERANG DUNIA INTERNUSA Tbk,IAN TANUWIJAYA,Individual,L,INDONESIAN,INDONESIA,67831300,0,67831300,1.02
30-Jun-2026,UNTD,TERANG DUNIA INTERNUSA Tbk,MOSHE DARRON PANJAITAN,Individual,L,INDONESIAN,INDONESIA,217962500,0,217962500,3.27
30-Jun-2026,UNTD,TERANG DUNIA INTERNUSA Tbk,HENRY MULYADI,Individual,L,INDONESIAN,INDONESIA,0,1000000000,1000000000,15.0
30-Jun-2026,UNTD,TERANG DUNIA INTERNUSA Tbk,STEPHEN MULYADI,Individual,L,INDONESIAN,INDONESIA,0,1375000000,1375000000,20.62
30-Jun-2026,UNTD,TERANG DUNIA INTERNUSA Tbk,ANDREW MULYADI,Individual,L,INDONESIAN,INDONESIA,0,1000000000,1000000000,15.0
30-Jun-2026,UNTD,TERANG DUNIA INTERNUSA Tbk,TAN TJOE ING,Individual,L,INDONESIAN,INDONESIA,0,1500000000,1500000000,22.5
30-Jun-2026,UNTD,TERANG DUNIA INTERNUSA Tbk,YAFANG ZHOU,Individual,F,CHINESE,INDONESIA,72000000,0,72000000,1.08
30-Jun-2026,UNTR,UNITED TRACTORS Tbk,PT ASTRA INTERNATIONAL TBK,Corporate,L,,INDONESIA,0,2219317358,2219317358,59.5
30-Jun-2026,UNTR,UNITED TRACTORS Tbk,PT UNITED TRACTORS TBK,Corporate,L,,INDONESIA,237041600,0,237041600,6.35
30-Jun-2026,UNTR,UNITED TRACTORS Tbk,DJS KETENAGAKERJAAN PROGRAM JAMINAN HARI TUA,State Owned Enterprises,L,,INDONESIA,107479000,0,107479000,2.88
30-Jun-2026,UNTR,UNITED TRACTORS Tbk,EMPLOYEES PROVIDENT FUND BOARD,Pension Funds,F,,MALAYSIA,51522600,0,51522600,1.38
30-Jun-2026,UNVR,UNILEVER INDONESIA Tbk,UNILEVER INDONESIA HOLDING B.V.,Corporate,L,,,0,32424387500,32424387500,84.99
30-Jun-2026,UNVR,UNILEVER INDONESIA Tbk,DJS KETENAGAKERJAAN PROGRAM JAMINAN HARI TUA,State Owned Enterprises,L,,INDONESIA,404210300,0,404210300,1.06
30-Jun-2026,URBN,URBAN JAKARTA PROPERTINDO Tbk,PT. Nusa Wijaya Propertindo,Corporate,L,,INDONESIA,2401409999,0,2401409999,74.3
30-Jun-2026,URBN,URBAN JAKARTA PROPERTINDO Tbk,PT. Urban Jakarta Propertindo TBK.,Corporate,L,,INDONESIA,112524500,0,112524500,3.48
30-Jun-2026,URBN,URBAN JAKARTA PROPERTINDO Tbk,YONGKY WIJAYA,Individual,L,INDONESIAN,INDONESIA,44708800,0,44708800,1.38
30-Jun-2026,URBN,URBAN JAKARTA PROPERTINDO Tbk,WING SENG FONG,Individual,F,,INDONESIA,32600000,0,32600000,1.01
30-Jun-2026,URBN,URBAN JAKARTA PROPERTINDO Tbk,BUKITSHIRE CAPITAL LTD,Venture Capital,F,,"VIRGIN ISLANDS, BRITISH",160000000,0,160000000,4.95
30-Jun-2026,URBN,URBAN JAKARTA PROPERTINDO Tbk,IBUKOTA DEVELOPMENT LTD,Corporate,F,,"VIRGIN ISLANDS, BRITISH",310712500,0,310712500,9.61
30-Jun-2026,UVCR,TRIMEGAH KARYA PRATAMA Tbk,"SARAH GLOBAL INDONESIA, PT",Corporate,L,,INDONESIA,25903400,0,25903400,1.3
30-Jun-2026,UVCR,TRIMEGAH KARYA PRATAMA Tbk,PT TRIMEGAH SUMBER MAS,Corporate,L,,INDONESIA,623557467,0,623557467,31.18
30-Jun-2026,UVCR,TRIMEGAH KARYA PRATAMA Tbk,DAVIT GOLIAT,Individual,L,INDONESIAN,INDONESIA,63271000,0,63271000,3.16
30-Jun-2026,UVCR,TRIMEGAH KARYA PRATAMA Tbk,WINSTON TAN,Individual,L,INDONESIAN,INDONESIA,45000000,0,45000000,2.25
30-Jun-2026,UVCR,TRIMEGAH KARYA PRATAMA Tbk,MICHAEL JOVAN WIJAYA,Individual,L,INDONESIAN,INDONESIA,25228400,0,25228400,1.26
30-Jun-2026,UVCR,TRIMEGAH KARYA PRATAMA Tbk,DENNY TRICAHYA KUSUMA,Individual,L,INDONESIAN,INDONESIA,36279927,0,36279927,1.81
30-Jun-2026,UVCR,TRIMEGAH KARYA PRATAMA Tbk,gideon suryatika,Individual,L,INDONESIAN,INDONESIA,29917300,0,29917300,1.5
30-Jun-2026,UVCR,TRIMEGAH KARYA PRATAMA Tbk,HADY KUSWANTO S KOM,Individual,L,INDONESIAN,INDONESIA,47432400,0,47432400,2.37
30-Jun-2026,UVCR,TRIMEGAH KARYA PRATAMA Tbk,RIKY BOY H PERMATA,Individual,L,INDONESIAN,INDONESIA,81500000,0,81500000,4.07
30-Jun-2026,UVCR,TRIMEGAH KARYA PRATAMA Tbk,KOKARJADI CHANDRA,Individual,L,INDONESIAN,INDONESIA,51750000,0,51750000,2.59
30-Jun-2026,UVCR,TRIMEGAH KARYA PRATAMA Tbk,RONALD LIU,Individual,L,INDONESIAN,INDONESIA,57219100,0,57219100,2.86
30-Jun-2026,UVCR,TRIMEGAH KARYA PRATAMA Tbk,LUKIANTO HANAFIE,Individual,L,INDONESIAN,INDONESIA,74931900,0,74931900,3.75
30-Jun-2026,UVCR,TRIMEGAH KARYA PRATAMA Tbk,GENCAR,Individual,L,INDONESIAN,INDONESIA,95182300,0,95182300,4.76
30-Jun-2026,UVCR,TRIMEGAH KARYA PRATAMA Tbk,HENDRA WIJAYA,Individual,L,INDONESIAN,INDONESIA,28587800,0,28587800,1.43
30-Jun-2026,UVCR,TRIMEGAH KARYA PRATAMA Tbk,AGUSTIN WIDYAWATI,Individual,L,INDONESIAN,INDONESIA,56101700,0,56101700,2.8
30-Jun-2026,UVCR,TRIMEGAH KARYA PRATAMA Tbk,PT ERDHIKA ELIT SEKURITAS,Securities Company,L,,INDONESIA,45454500,0,45454500,2.27
30-Jun-2026,VAST,VASTLAND INDONESIA Tbk,PT. TEMBESU ELANG PERKASA,Corporate,L,,INDONESIA,0,2138400000,2138400000,69.98
30-Jun-2026,VAST,VASTLAND INDONESIA Tbk,"BERSATU KITA TANGGUH, PT",Corporate,L,,,0,237600000,237600000,7.78
30-Jun-2026,VAST,VASTLAND INDONESIA Tbk,ARIEF RAMON,Individual,L,INDONESIAN,INDONESIA,62938700,0,62938700,2.06
30-Jun-2026,VAST,VASTLAND INDONESIA Tbk,VICTOR ROY TEGUH,Individual,L,INDONESIAN,INDONESIA,79898800,0,79898800,2.61
30-Jun-2026,VAST,VASTLAND INDONESIA Tbk,JANE VALERIE PURNAWAN,Individual,L,INDONESIAN,INDONESIA,122809300,0,122809300,4.02
30-Jun-2026,VAST,VASTLAND INDONESIA Tbk,ARI ANASTASIA CHRISTIANA,Individual,L,INDONESIAN,INDONESIA,39659000,0,39659000,1.3
30-Jun-2026,VAST,VASTLAND INDONESIA Tbk,ANDI SOEGIARTO,Individual,L,INDONESIAN,INDONESIA,133660700,0,133660700,4.37
30-Jun-2026,VAST,VASTLAND INDONESIA Tbk,MOCHTAR SUHADI,Individual,L,INDONESIAN,INDONESIA,51772500,0,51772500,1.69
30-Jun-2026,VERN,VERONA INDAH PICTURES Tbk,ANGELIA PUSPITASARI,Individual,L,INDONESIAN,INDONESIA,226878900,0,226878900,4.76
30-Jun-2026,VERN,VERONA INDAH PICTURES Tbk,HANSEL,Individual,L,INDONESIAN,INDONESIA,222365600,0,222365600,4.67
30-Jun-2026,VERN,VERONA INDAH PICTURES Tbk,JUWARTI,Individual,L,INDONESIAN,INDONESIA,221165600,0,221165600,4.64
30-Jun-2026,VERN,VERONA INDAH PICTURES Tbk,PIE TITIN SURYANI,Individual,L,INDONESIAN,INDONESIA,2222325000,0,2222325000,46.63
30-Jun-2026,VERN,VERONA INDAH PICTURES Tbk,BEDY KUNADY,Individual,L,INDONESIAN,INDONESIA,1408925000,0,1408925000,29.56
30-Jun-2026,VERN,VERONA INDAH PICTURES Tbk,KUMALA KENCANAWATI,Individual,L,INDONESIAN,INDONESIA,208457700,0,208457700,4.37
30-Jun-2026,VICI,VICTORIA CARE INDONESIA Tbk,PT SINERGI SUMBER SEJAHTERA,Corporate,L,,INDONESIA,132660000,0,132660000,1.98
30-Jun-2026,VICI,VICTORIA CARE INDONESIA Tbk,PT. SUKSES SEJATI SEJAHTERA,Corporate,L,,INDONESIA,4021380000,0,4021380000,59.95
30-Jun-2026,VICI,VICTORIA CARE INDONESIA Tbk,HARVEST MULIA INVESTAMA PT,Private Equity,L,,INDONESIA,122888000,0,122888000,1.83
30-Jun-2026,VICI,VICTORIA CARE INDONESIA Tbk,PT SUMBER BERKAT PODOJOYO,Corporate,L,,INDONESIA,129848800,0,129848800,1.94
30-Jun-2026,VICI,VICTORIA CARE INDONESIA Tbk,BEAUTY BRANDS INTERNATIONAL PTE LTD,Private Equity,F,,SINGAPORE,1677000000,0,1677000000,25.0
30-Jun-2026,VICI,VICTORIA CARE INDONESIA Tbk,JOHANNES EDWIN PUTRA,Individual,L,INDONESIAN,INDONESIA,311462100,0,311462100,4.64
30-Jun-2026,VICO,VICTORIA INVESTAMA Tbk,PT. REGIS PRATAMA INDONESIA,Corporate,L,,INDONESIA,215696900,0,215696900,1.42
30-Jun-2026,VICO,VICTORIA INVESTAMA Tbk,PT Wahana Mutiara Pratama,Corporate,L,,INDONESIA,666464000,0,666464000,4.38
30-Jun-2026,VICO,VICTORIA INVESTAMA Tbk,PT. BINTANG MITRA SEMESTARAYA TBK,Corporate,L,,INDONESIA,721939800,0,721939800,4.74
30-Jun-2026,VICO,VICTORIA INVESTAMA Tbk,PT Nata Patindo,Corporate,L,,INDONESIA,339078724,0,339078724,2.23
30-Jun-2026,VICO,VICTORIA INVESTAMA Tbk,PT Gratamulia Pratama,Corporate,L,,INDONESIA,6856943900,0,6856943900,45.06
30-Jun-2026,VICO,VICTORIA INVESTAMA Tbk,PT Prima Solusindo Sejahtera,Corporate,L,,INDONESIA,369052000,0,369052000,2.43
30-Jun-2026,VICO,VICTORIA INVESTAMA Tbk,SAFIRE CAPITAL PTE.LTD.,Corporate,F,,SINGAPORE,264000000,0,264000000,1.73
30-Jun-2026,VICO,VICTORIA INVESTAMA Tbk,SUZANNA TANOJO,Individual,L,INDONESIAN,INDONESIA,4050858438,0,4050858438,26.62
30-Jun-2026,VICO,VICTORIA INVESTAMA Tbk,PT GMT INVESTAMA MANDIRI,Investment Advisors,L,,INDONESIA,354204000,0,354204000,2.33
30-Jun-2026,VINS,VICTORIA INSURANCE Tbk,PT. VICTORIA INVESTAMA Tbk,Brokerage Firms,L,,INDONESIA,1319359038,0,1319359038,84.93
30-Jun-2026,VINS,VICTORIA INSURANCE Tbk,PT Bintang Jaya Bara Sentosa,Corporate,L,,INDONESIA,39029700,0,39029700,2.51
30-Jun-2026,VINS,VICTORIA INSURANCE Tbk,PT NUSA RAMA ALAM UNGGUL,Corporate,L,,INDONESIA,39176500,0,39176500,2.52
30-Jun-2026,VINS,VICTORIA INSURANCE Tbk,PT. Askar Pelangi Abadi,Corporate,L,,INDONESIA,25200000,0,25200000,1.62
30-Jun-2026,VINS,VICTORIA INSURANCE Tbk,PT Prolestari Megapersada,Corporate,L,,INDONESIA,19181000,0,19181000,1.23
30-Jun-2026,VINS,VICTORIA INSURANCE Tbk,REKSA DANA PACIFIC BALANCE FUND III,Mutual Funds,L,,INDONESIA,22000000,0,22000000,1.42
30-Jun-2026,VINS,VICTORIA INSURANCE Tbk,REKSA DANA CAPITAL EQUITY FUND,Mutual Funds,L,,INDONESIA,21150000,0,21150000,1.36
30-Jun-2026,VISI,SATU VISI PUTRA Tbk,ATLAS RAYA ABADI PT,Corporate,L,,INDONESIA,312420000,0,312420000,10.16
30-Jun-2026,VISI,SATU VISI PUTRA Tbk,HARMONI SEMESTA INVESTAMA PT,Corporate,L,,INDONESIA,1901580000,0,1901580000,61.84
30-Jun-2026,VISI,SATU VISI PUTRA Tbk,"TRINUGRAHA THOHIR HARMONI, PT",Corporate,L,,INDONESIA,246000000,0,246000000,8.0
30-Jun-2026,VIVA,VISI MEDIA ASIA Tbk,PT. Bakrie Global Ventura,Corporate,L,,INDONESIA,5372678910,50950000,5423628910,32.94
30-Jun-2026,VIVA,VISI MEDIA ASIA Tbk,"SURYA GANESA AMANI, PT",Corporate,L,,INDONESIA,1135863245,0,1135863245,6.9
30-Jun-2026,VIVA,VISI MEDIA ASIA Tbk,BANQUE PICTET AND CIE SA,Bank,F,,SWITZERLAND,648500000,0,648500000,3.94
30-Jun-2026,VIVA,VISI MEDIA ASIA Tbk,DALEY CAPITAL LIMITED,Investment Advisors,F,,CAYMAN ISLANDS,180000000,0,180000000,1.09
30-Jun-2026,VIVA,VISI MEDIA ASIA Tbk,UBS AG SINGAPORE BRANCH,Private Bank,F,,SINGAPORE,714197000,0,714197000,4.34
30-Jun-2026,VIVA,VISI MEDIA ASIA Tbk,BANK OF SINGAPORE LIMITED,Private Bank,F,,SINGAPORE,594000000,0,594000000,3.61
30-Jun-2026,VIVA,VISI MEDIA ASIA Tbk,UBS AG HONGKONG,Private Bank,F,,HONG KONG,828013500,0,828013500,5.03
30-Jun-2026,VIVA,VISI MEDIA ASIA Tbk,DJONI,Individual,L,INDONESIAN,INDONESIA,300000000,0,300000000,1.82
30-Jun-2026,VIVA,VISI MEDIA ASIA Tbk,ASM CONNAUGHT HOUSE (MASTER) FUND V LP,Mutual Funds,F,,CAYMAN ISLANDS,361569300,0,361569300,2.2
30-Jun-2026,VIVA,VISI MEDIA ASIA Tbk,JPMORGAN CHASE BANK NA SINGAPORE BRANCH,Private Bank,F,,SINGAPORE,367625200,0,367625200,2.23
30-Jun-2026,VIVA,VISI MEDIA ASIA Tbk,OL MASTER LIMITED,Private Equity,F,,CAYMAN ISLANDS,680708800,0,680708800,4.13
30-Jun-2026,VKTR,VKTR TEKNOLOGI MOBILITAS Tbk,PT. SATYA INVESTA PERSADA,Private Equity,L,,INDONESIA,500000000,0,500000000,1.14
30-Jun-2026,VKTR,VKTR TEKNOLOGI MOBILITAS Tbk,"ZEUS PETRO ENERGI, PT",Corporate,L,,INDONESIA,1727354788,0,1727354788,3.95
30-Jun-2026,VKTR,VKTR TEKNOLOGI MOBILITAS Tbk,"PRAJA PERSADA IMPERIUM, PT",Investment Advisors,L,,INDONESIA,583913100,0,583913100,1.33
30-Jun-2026,VKTR,VKTR TEKNOLOGI MOBILITAS Tbk,PT ANAM TUJUH,Firm,L,,INDONESIA,450000000,0,450000000,1.03
30-Jun-2026,VKTR,VKTR TEKNOLOGI MOBILITAS Tbk,"Bakrie Metal Industries, PT",Corporate,L,,INDONESIA,6214036759,0,6214036759,14.2
30-Jun-2026,VKTR,VKTR TEKNOLOGI MOBILITAS Tbk,PT ENVISION GREEN ENERGY INDONESIA,Corporate,L,,INDONESIA,678873400,0,678873400,1.55
30-Jun-2026,VKTR,VKTR TEKNOLOGI MOBILITAS Tbk,"BAKRIE PIPE INDUSTRIES, PT",Corporate,L,,INDONESIA,551594800,0,551594800,1.26
30-Jun-2026,VKTR,VKTR TEKNOLOGI MOBILITAS Tbk,PETROMINE ENERGY TRADING,Corporate,L,,INDONESIA,1231575356,0,1231575356,2.82
30-Jun-2026,VKTR,VKTR TEKNOLOGI MOBILITAS Tbk,"BAKRIE & BROTHERS TBK, PT",Corporate,L,,INDONESIA,10676843318,0,10676843318,24.4
30-Jun-2026,VKTR,VKTR TEKNOLOGI MOBILITAS Tbk,MAJU PERKASA OPTIMA KARSA PT,Corporate,L,,INDONESIA,1594554500,0,1594554500,3.64
30-Jun-2026,VKTR,VKTR TEKNOLOGI MOBILITAS Tbk,PT. MANDALA RAYA YUWANA,Corporate,L,,INDONESIA,1233509187,0,1233509187,2.82
30-Jun-2026,VKTR,VKTR TEKNOLOGI MOBILITAS Tbk,"MARGA RAYA YASA, PT",Corporate,L,,INDONESIA,1533333334,0,1533333334,3.5
30-Jun-2026,VKTR,VKTR TEKNOLOGI MOBILITAS Tbk,"KALILA MUTIARA NUSANTARA, PT",Corporate,L,,INDONESIA,1387308333,0,1387308333,3.17
30-Jun-2026,VKTR,VKTR TEKNOLOGI MOBILITAS Tbk,PT TRIDAYA ASET GLOBALINDO,Corporate,L,,INDONESIA,1308103009,0,1308103009,2.99
30-Jun-2026,VKTR,VKTR TEKNOLOGI MOBILITAS Tbk,PT. GRAHA ADIKA NIAGA,Corporate,L,,INDONESIA,1215919700,0,1215919700,2.78
30-Jun-2026,VKTR,VKTR TEKNOLOGI MOBILITAS Tbk,SILVERY MOON INVESTMENTS LTD,Investment Advisors,F,,MARSHALL ISLANDS,1076638000,0,1076638000,2.46
30-Jun-2026,VKTR,VKTR TEKNOLOGI MOBILITAS Tbk,PT KUANTUM AKSELERASI INDONESIA,Investment Advisors,L,,INDONESIA,1390867600,0,1390867600,3.18
30-Jun-2026,VKTR,VKTR TEKNOLOGI MOBILITAS Tbk,RBC SINGAPORE - CLIENTS A/C,Private Bank,F,,SINGAPORE,558985760,0,558985760,1.28
30-Jun-2026,VKTR,VKTR TEKNOLOGI MOBILITAS Tbk,Indies Special Opportunities IV Ltd,Venture Capital,F,,CAYMAN ISLANDS,2062500000,0,2062500000,4.71
30-Jun-2026,VKTR,VKTR TEKNOLOGI MOBILITAS Tbk,Indies Special Opportunities III Ltd,Venture Capital,F,,CAYMAN ISLANDS,1031250000,0,1031250000,2.36
30-Jun-2026,VKTR,VKTR TEKNOLOGI MOBILITAS Tbk,GLENCORE INTERNATIONAL INVESTMENTS LTD.,Corporate,F,,BERMUDA,1438645500,0,1438645500,3.29
30-Jun-2026,VKTR,VKTR TEKNOLOGI MOBILITAS Tbk,PT. KB VALBURY SEKURITAS,Securities Company,L,,INDONESIA,1250000000,0,1250000000,2.86
30-Jun-2026,VOKS,VOKSEL ELECTRIC Tbk,PT PELITA DAYA UTAMA,Corporate,L,,INDONESIA,200000000,0,200000000,4.81
30-Jun-2026,VOKS,VOKSEL ELECTRIC Tbk,PT INTI GRAHA MEGAH,Corporate,L,,INDONESIA,206588200,0,206588200,4.97
30-Jun-2026,VOKS,VOKSEL ELECTRIC Tbk,"HENGTONG OPTIC ELECTRIC INTERNATIONAL CO., LIMITED",Corporate,F,,HONG KONG,2271920320,0,2271920320,54.67
30-Jun-2026,VOKS,VOKSEL ELECTRIC Tbk,WILSON LIUS,Individual,L,INDONESIAN,INDONESIA,190000000,0,190000000,4.57
30-Jun-2026,VOKS,VOKSEL ELECTRIC Tbk,MAYBANK SECURITIES PTE. LTD.,Investment Manager,F,,SINGAPORE,203500000,0,203500000,4.9
30-Jun-2026,VOKS,VOKSEL ELECTRIC Tbk,DBS VICKERS (HONG KONG) LIMITED A/C CLIENT,Securities Company,F,,HONG KONG,1046500000,0,1046500000,25.18
30-Jun-2026,VRNA,MIZUHO LEASING INDONESIA Tbk,PT. Verena Kapital,Corporate,L,,INDONESIA,243965040,0,243965040,4.29
30-Jun-2026,VRNA,MIZUHO LEASING INDONESIA Tbk,"BANK PAN INDONESIA TBK, PT",Bank,L,,INDONESIA,1290064004,135391600,1425455604,25.06
30-Jun-2026,VRNA,MIZUHO LEASING INDONESIA Tbk,MIZUHO LEASING CO LTD,Financial Institutional,F,,JAPAN,3835346804,0,3835346804,67.44
30-Jun-2026,VRNA,MIZUHO LEASING INDONESIA Tbk,DANA PENSIUN KARYAWAN PANIN BANK,Pension Funds,L,,INDONESIA,61904800,0,61904800,1.09
30-Jun-2026,VTNY,VENTENY FORTUNA INTERNATIONAL Tbk,PT KLIKALL TEKNOLOGI BERSAMA,Corporate,L,,INDONESIA,303021320,0,303021320,4.84
30-Jun-2026,VTNY,VENTENY FORTUNA INTERNATIONAL Tbk,PT ALTERA KREASI DINAMIKA,Corporate,L,,INDONESIA,229558100,0,229558100,3.66
30-Jun-2026,VTNY,VENTENY FORTUNA INTERNATIONAL Tbk,FINTECH BUSINESS INNOVATION LPS,Venture Capital,F,,JAPAN,605844660,0,605844660,9.67
30-Jun-2026,VTNY,VENTENY FORTUNA INTERNATIONAL Tbk,"SBI HOLDINGS, INC.",Investment Advisors,F,,JAPAN,77524300,0,77524300,1.24
30-Jun-2026,VTNY,VENTENY FORTUNA INTERNATIONAL Tbk,"CARTA HOLDINGS Co., Ltd.",Corporate,F,,JAPAN,1319341020,0,1319341020,21.06
30-Jun-2026,VTNY,VENTENY FORTUNA INTERNATIONAL Tbk,"RELO CLUB, LIMITED",Corporate,F,,JAPAN,470454560,0,470454560,7.51
30-Jun-2026,VTNY,VENTENY FORTUNA INTERNATIONAL Tbk,KK INVESTMENT HOLDINGS PTE. LTD.,Corporate,F,,SINGAPORE,536915060,0,536915060,8.57
30-Jun-2026,VTNY,VENTENY FORTUNA INTERNATIONAL Tbk,"OCEAN CAPITAL, Inc.,",Corporate,F,,JAPAN,695736080,0,695736080,11.1
30-Jun-2026,VTNY,VENTENY FORTUNA INTERNATIONAL Tbk,JUNICHIRO WAIDE,Individual,F,JAPANESE,INDONESIA,1256866974,0,1256866974,20.06
30-Jun-2026,WAPO,WAHANA PRONATURAL Tbk,PT. PESONA BANGUN MANDIRI,Corporate,L,,INDONESIA,55000000,0,55000000,4.43
30-Jun-2026,WAPO,WAHANA PRONATURAL Tbk,HIJAU SARI PT.,Corporate,L,,INDONESIA,447562500,0,447562500,36.07
30-Jun-2026,WAPO,WAHANA PRONATURAL Tbk,PT. Mitra Niaga Sakti,Corporate,L,,INDONESIA,402562500,0,402562500,32.44
30-Jun-2026,WAPO,WAHANA PRONATURAL Tbk,PT. SURYA PELANGI MANDIRI,Corporate,L,,INDONESIA,100000000,0,100000000,8.06
30-Jun-2026,WAPO,WAHANA PRONATURAL Tbk,CINDY JONATHAN,Individual,L,INDONESIAN,INDONESIA,15000000,0,15000000,1.21
30-Jun-2026,WAPO,WAHANA PRONATURAL Tbk,SRI WIDIAWATI,Individual,L,INDONESIAN,INDONESIA,15890000,0,15890000,1.28
30-Jun-2026,WAPO,WAHANA PRONATURAL Tbk,ADI HARYONO,Individual,L,INDONESIAN,INDONESIA,16775100,0,16775100,1.35
30-Jun-2026,WAPO,WAHANA PRONATURAL Tbk,SARAH CAHYA PRAWIRA,Individual,L,INDONESIAN,INDONESIA,13414000,0,13414000,1.08
30-Jun-2026,WAPO,WAHANA PRONATURAL Tbk,PT FORTE GLOBAL SEKURITAS,Securities Company,L,,INDONESIA,24699500,0,24699500,1.99
30-Jun-2026,WBSA,BSA LOGISTICS INDONESIA Tbk,CLSA GLOBAL MARKETS PTE. LTD.,Brokerage Firms,F,,SINGAPORE,118638900,0,118638900,1.37
30-Jun-2026,WBSA,BSA LOGISTICS INDONESIA Tbk,CAERDYDD INVESTMENTS PTE. LTD,Investment Advisors,F,,SINGAPORE,422142000,0,422142000,4.87
30-Jun-2026,WBSA,BSA LOGISTICS INDONESIA Tbk,LION TRUST (SINGAPORE) LIMITED,Trustee Bank,F,,SINGAPORE,356893800,0,356893800,4.11
30-Jun-2026,WBSA,BSA LOGISTICS INDONESIA Tbk,TIGA BERUANG KALIFORNIA PTE. LTD,Corporate,F,,,0,6853975000,6853975000,79.01
30-Jun-2026,WBSA,BSA LOGISTICS INDONESIA Tbk,CGS INTERNATIONAL SECURITIES SINGAPORE PTE LTD,Private Bank,F,,SINGAPORE,103144200,0,103144200,1.19
30-Jun-2026,WBSA,BSA LOGISTICS INDONESIA Tbk,ZICO TRUST (S) LTD,Trustee Bank,F,,SINGAPORE,89217400,0,89217400,1.03
30-Jun-2026,WEGE,WIJAYA KARYA BANGUNAN GEDUNG Tbk,PERUSAHAAN PERSEROAN (PERSERO) PT WIJAYA KARYA TBK,Corporate,L,,INDONESIA,0,6633000000,6633000000,69.3
30-Jun-2026,WEGE,WIJAYA KARYA BANGUNAN GEDUNG Tbk,KOPERASI KARYA MITRA SATYA,Cooperatives,L,,INDONESIA,316635100,0,316635100,3.31
30-Jun-2026,WEGE,WIJAYA KARYA BANGUNAN GEDUNG Tbk,PT YULIE SEKURITAS INDONESIA TBK,Securities Company,L,,INDONESIA,339578514,0,339578514,3.55
30-Jun-2026,WEHA,WEHA TRANSPORTASI INDONESIA Tbk,PT. CARTERA INVESTAMA INDONESIA,Investment Advisors,L,,INDONESIA,33203271,0,33203271,2.27
30-Jun-2026,WEHA,WEHA TRANSPORTASI INDONESIA Tbk,"WEHA INVESTAMA,PT",Corporate,L,,INDONESIA,211805686,0,211805686,14.5
30-Jun-2026,WEHA,WEHA TRANSPORTASI INDONESIA Tbk,PT PANORAMA SENTRAWISATA TBK,Corporate,L,,INDONESIA,766517000,0,766517000,52.48
30-Jun-2026,WEHA,WEHA TRANSPORTASI INDONESIA Tbk,"INFINITI CIPTA TEKNOLOGI, PT",Corporate,L,,INDONESIA,15720200,0,15720200,1.08
30-Jun-2026,WEHA,WEHA TRANSPORTASI INDONESIA Tbk,PT. AMAN DHITYA INVESTAMA,Corporate,L,,INDONESIA,29250000,0,29250000,2.0
30-Jun-2026,WEHA,WEHA TRANSPORTASI INDONESIA Tbk,PT GOLDEN SPICE,Corporate,L,,INDONESIA,30400000,0,30400000,2.08
30-Jun-2026,WEHA,WEHA TRANSPORTASI INDONESIA Tbk,"PANORAMA INVESTAMA,PT",Corporate,L,,INDONESIA,31568100,0,31568100,2.16
30-Jun-2026,WEHA,WEHA TRANSPORTASI INDONESIA Tbk,SATRIJANTO TIRTAWISATA,Individual,L,INDONESIAN,INDONESIA,12541000,3015000,15556000,1.07
30-Jun-2026,WEHA,WEHA TRANSPORTASI INDONESIA Tbk,ANDRIANTO PUTERA TIRTAWISATA,Individual,L,INDONESIAN,INDONESIA,19272300,0,19272300,1.32
30-Jun-2026,WEHA,WEHA TRANSPORTASI INDONESIA Tbk,RAMAJANTO TIRTAWISATA,Individual,L,INDONESIAN,INDONESIA,59001600,0,59001600,4.04
30-Jun-2026,WEHA,WEHA TRANSPORTASI INDONESIA Tbk,BUDIJANTO  TIRTAWISATA,Individual,L,INDONESIAN,INDONESIA,37500000,15000,37515000,2.57
30-Jun-2026,WGSH,WIRA GLOBAL SOLUSI Tbk,WALDEN GLOBAL SERVICES,Corporate,L,,INDONESIA,704293998,0,704293998,33.78
30-Jun-2026,WGSH,WIRA GLOBAL SOLUSI Tbk,PT SILICON VALLEY CONNECTION,Corporate,L,,INDONESIA,157240000,0,157240000,7.54
30-Jun-2026,WGSH,WIRA GLOBAL SOLUSI Tbk,PT WYNFIELD GLOBAL VENTURES,Venture Capital,L,,INDONESIA,233622000,0,233622000,11.2
30-Jun-2026,WGSH,WIRA GLOBAL SOLUSI Tbk,PT. PUSAKA MAS PERSADA,Corporate,L,,INDONESIA,193553202,0,193553202,9.28
30-Jun-2026,WGSH,WIRA GLOBAL SOLUSI Tbk,WALDEN GLOBAL SERVICES PTE LTD,Corporate,F,,SINGAPORE,38800000,0,38800000,1.86
30-Jun-2026,WGSH,WIRA GLOBAL SOLUSI Tbk,YENNY SHINTAWATI,Individual,L,INDONESIAN,INDONESIA,23000000,0,23000000,1.1
30-Jun-2026,WGSH,WIRA GLOBAL SOLUSI Tbk,PHILIP IRWAN,Individual,L,INDONESIAN,INDONESIA,22623500,0,22623500,1.09
30-Jun-2026,WGSH,WIRA GLOBAL SOLUSI Tbk,EDWIN,Individual,L,INDONESIAN,INDONESIA,60000000,0,60000000,2.88
30-Jun-2026,WGSH,WIRA GLOBAL SOLUSI Tbk,SILVIA DAISY NILASARI. L,Individual,L,INDONESIAN,,38017400,0,38017400,1.82
30-Jun-2026,WGSH,WIRA GLOBAL SOLUSI Tbk,ERWIN SENJAYA HARTANTO,Individual,L,INDONESIAN,INDONESIA,31100800,0,31100800,1.49
30-Jun-2026,WGSH,WIRA GLOBAL SOLUSI Tbk,HADY TEJA LAKSANA THE,Individual,L,INDONESIAN,INDONESIA,24825000,0,24825000,1.19
30-Jun-2026,WGSH,WIRA GLOBAL SOLUSI Tbk,LAURENSIUS DENNY SANTOSO,Individual,L,INDONESIAN,INDONESIA,25470900,0,25470900,1.22
30-Jun-2026,WGSH,WIRA GLOBAL SOLUSI Tbk,IKIN WIRAWAN,Individual,L,INDONESIAN,INDONESIA,258140000,0,258140000,12.38
30-Jun-2026,WGSH,WIRA GLOBAL SOLUSI Tbk,PT PROSPERA ASSET MANAGEMENT,Investment Manager,L,,INDONESIA,38663400,0,38663400,1.85
30-Jun-2026,WICO,WICAKSANA OVERSEAS INTERNATIONAL Tbk,CTLA SAFEKEEPING ACCOUNT DKSH HOLDING LTD,Corporate,F,,SWITZERLAND,2286096532,0,2286096532,95.5
30-Jun-2026,WICO,WICAKSANA OVERSEAS INTERNATIONAL Tbk,UOB KAY HIAN PTE LTD,Securities Company,F,,SINGAPORE,62200000,0,62200000,2.6
30-Jun-2026,WIDI,WIDIANT JAYA KRENINDO Tbk,BERNARD WIDIANTO,Individual,L,INDONESIAN,INDONESIA,124400000,800000000,924400000,57.77
30-Jun-2026,WIDI,WIDIANT JAYA KRENINDO Tbk,RANDIAWAN,Individual,L,INDONESIAN,INDONESIA,16467300,0,16467300,1.03
30-Jun-2026,WIDI,WIDIANT JAYA KRENINDO Tbk,NUR FAIZIN KADIR,Individual,L,INDONESIAN,INDONESIA,30500000,0,30500000,1.91
30-Jun-2026,WIFI,SOLUSI SINERGI DIGITAL Tbk,INVESTASI SUKSES BERSAMA PT,Private Equity,L,,INDONESIA,2889087404,0,2889087404,54.42
30-Jun-2026,WIFI,SOLUSI SINERGI DIGITAL Tbk,DJONI,Individual,L,INDONESIAN,INDONESIA,280000000,0,280000000,5.27
30-Jun-2026,WIFI,SOLUSI SINERGI DIGITAL Tbk,FRANSISKA DIANA PATRISIA VALENSIA,Individual,L,INDONESIAN,INDONESIA,55200026,0,55200026,1.04
30-Jun-2026,WIFI,SOLUSI SINERGI DIGITAL Tbk,GOVERNMENT OF NORWAY,Sovereign Wealth Fund,F,,NORWAY,82000000,0,82000000,1.54
30-Jun-2026,WIIM,WISMILAK INTI MAKMUR Tbk,TJUNG SUN FUNG,Individual,L,INDONESIAN,INDONESIA,44414100,0,44414100,2.12
30-Jun-2026,WIIM,WISMILAK INTI MAKMUR Tbk,DIPOYONO WINARKO,Individual,L,INDONESIAN,INDONESIAN,10208822,20365180,30574002,1.46
30-Jun-2026,WIIM,WISMILAK INTI MAKMUR Tbk,STEPHEN WALLA,Individual,L,INDONESIAN,INDONESIA,115110341,203651770,318762111,15.18
30-Jun-2026,WIIM,WISMILAK INTI MAKMUR Tbk,JENNY KURNIALIM,Individual,L,INDONESIAN,INDONESIAN,10208822,16970984,27179806,1.29
30-Jun-2026,WIIM,WISMILAK INTI MAKMUR Tbk,GITAWATI WINARKO,Individual,L,INDONESIAN,INDONESIA,20418154,40730360,61148514,2.91
30-Jun-2026,WIIM,WISMILAK INTI MAKMUR Tbk,"SUGITO WINARKO,IR",Individual,L,INDONESIAN,INDONESIAN,648400,152738830,153387230,7.3
30-Jun-2026,WIIM,WISMILAK INTI MAKMUR Tbk,SURYANI,Individual,L,INDONESIAN,INDONESIA,23242800,0,23242800,1.11
30-Jun-2026,WIIM,WISMILAK INTI MAKMUR Tbk,LIM IK NEN,Individual,L,INDONESIAN,INDONESIA,69894500,0,69894500,3.33
30-Jun-2026,WIIM,WISMILAK INTI MAKMUR Tbk,LIM IK TJE,Individual,L,INDONESIAN,,49021500,0,49021500,2.33
30-Jun-2026,WIIM,WISMILAK INTI MAKMUR Tbk,RONALD WALLA,Individual,L,INDONESIAN,INDONESIA,115498241,203651770,319150011,15.2
30-Jun-2026,WIIM,WISMILAK INTI MAKMUR Tbk,INDAHTATI WIDJAJADI,Individual,L,INDONESIAN,INDONESIAN,178664065,356390600,535054665,25.48
30-Jun-2026,WIIM,WISMILAK INTI MAKMUR Tbk,LIANTINI WINARKO,Individual,L,INDONESIAN,INDONESIA,77460825,0,77460825,3.69
30-Jun-2026,WIIM,WISMILAK INTI MAKMUR Tbk,PT. AIA FINANCIAL,Insurance,L,,INDONESIA,37626000,0,37626000,1.79
30-Jun-2026,WIKA,WIJAYA KARYA (PERSERO) Tbk,PERUSAHAAN PERSEROAN (PERSERO) PT DANANTARA ASSET MANAGEMENT,Corporate,L,,,0,35928785753,35928785753,90.11
30-Jun-2026,WINE,HATTEN BALI Tbk,PT BELINDA JAYA,Firm,L,,INDONESIA,63616515,0,63616515,2.35
30-Jun-2026,WINE,HATTEN BALI Tbk,PT. BELINDA MAKMUR PRATAMA,Corporate,L,,INDONESIA,51930800,0,51930800,1.92
30-Jun-2026,WINE,HATTEN BALI Tbk,"GOTAMA PUTRA, PT",Corporate,L,,,0,1016000000,1016000000,37.49
30-Jun-2026,WINE,HATTEN BALI Tbk,UBS AG SINGAPORE BRANCH,Private Bank,F,,SINGAPORE,40150800,0,40150800,1.48
30-Jun-2026,WINE,HATTEN BALI Tbk,IDA BAGUS RAI BUDARSA,Individual,L,INDONESIAN,INDONESIA,123900,1016000000,1016123900,37.5
30-Jun-2026,WINE,HATTEN BALI Tbk,UOB KAY HIAN PTE LTD,Securities Company,F,,SINGAPORE,196386000,0,196386000,7.25
30-Jun-2026,WINR,WINNER NUSANTARA JAYA Tbk,PT. PEMENANG NUSANTARA INTERNASIONAL,Corporate,L,,INDONESIA,2936449200,0,2936449200,56.09
30-Jun-2026,WINR,WINNER NUSANTARA JAYA Tbk,AKHMAD FAQIH,Individual,L,INDONESIAN,INDONESIA,53505000,0,53505000,1.02
30-Jun-2026,WINR,WINNER NUSANTARA JAYA Tbk,FERIC KURNIAWAN,Individual,L,INDONESIAN,INDONESIA,53000000,0,53000000,1.01
30-Jun-2026,WINR,WINNER NUSANTARA JAYA Tbk,EDVIN PHANGESTU,Individual,L,INDONESIAN,INDONESIA,55208700,0,55208700,1.05
30-Jun-2026,WINS,WINTERMAR OFFSHORE MARINE Tbk,PT WINTERMARJAYA LESTARI,Corporate,L,,INDONESIA,590008777,948567589,1538576366,34.02
30-Jun-2026,WINS,WINTERMAR OFFSHORE MARINE Tbk,WINTERMAR OFFSHORE MARINE TBK,Corporate,L,,INDONESIA,53414046,0,53414046,1.18
30-Jun-2026,WINS,WINTERMAR OFFSHORE MARINE Tbk,SURYA ANUGRAH MULYA,Corporate,L,,INDONESIA,60661865,0,60661865,1.34
30-Jun-2026,WINS,WINTERMAR OFFSHORE MARINE Tbk,UNITED OVERSEAS BANK NOMINEES (PRIVATE) LIMITED,Private Bank,F,,SINGAPORE,177882766,0,177882766,3.93
30-Jun-2026,WINS,WINTERMAR OFFSHORE MARINE Tbk,CGS INTERNATIONAL SECURITIES SINGAPORE PTE LTD,Private Bank,F,,SINGAPORE,206984936,0,206984936,4.58
30-Jun-2026,WINS,WINTERMAR OFFSHORE MARINE Tbk,DBS BANK LTD.,Bank,F,,SINGAPORE,72507052,0,72507052,1.6
30-Jun-2026,WINS,WINTERMAR OFFSHORE MARINE Tbk,UBS AG SINGAPORE BRANCH,Private Bank,F,,SINGAPORE,110050212,0,110050212,2.43
30-Jun-2026,WINS,WINTERMAR OFFSHORE MARINE Tbk,DHEERAJ  LACHMAN  BHARWANI,Individual,L,INDONESIAN,,60805061,0,60805061,1.34
30-Jun-2026,WINS,WINTERMAR OFFSHORE MARINE Tbk,JOHNSON WILLIANG SUTJIPTO,Individual,L,INDONESIAN,INDONESIA,328298022,0,328298022,7.26
30-Jun-2026,WINS,WINTERMAR OFFSHORE MARINE Tbk,SUGIMAN LAYANTO,Individual,L,INDONESIAN,INDONESIA,319046024,37090407,356136431,7.87
30-Jun-2026,WINS,WINTERMAR OFFSHORE MARINE Tbk,MURIANI,Individual,L,INDONESIAN,INDONESIA,46399652,0,46399652,1.03
30-Jun-2026,WINS,WINTERMAR OFFSHORE MARINE Tbk,PINKY NK,Individual,L,INDONESIAN,INDONESIA,249875968,0,249875968,5.52
30-Jun-2026,WINS,WINTERMAR OFFSHORE MARINE Tbk,MANOJ PITAMBER NANWANI,Individual,L,INDONESIAN,INDONESIA,268413503,0,268413503,5.93
30-Jun-2026,WINS,WINTERMAR OFFSHORE MARINE Tbk,LINA LAYANTO SURACHMAN,Individual,F,SINGAPOREAN,SINGAPORE,45550131,0,45550131,1.01
30-Jun-2026,WINS,WINTERMAR OFFSHORE MARINE Tbk,REKSA DANA TRIMEGAH BALANCED ABSOLUTE STRATEGY,Mutual Funds,L,,INDONESIA,99613084,0,99613084,2.2
30-Jun-2026,WIRG,WIR ASIA Tbk,PT LAUT BIRU TEKNOLOGI,Corporate,L,,INDONESIA,179569500,0,179569500,1.5
30-Jun-2026,WIRG,WIR ASIA Tbk,PT. BERLIAN TAMBANG INDONESIA,Corporate,L,,INDONESIA,167975500,0,167975500,1.41
30-Jun-2026,WIRG,WIR ASIA Tbk,PT Web Scientia,Corporate,L,,INDONESIA,190420000,0,190420000,1.59
30-Jun-2026,WIRG,WIR ASIA Tbk,PT WIR GLOBAL KREATIF,Investment Advisors,L,,INDONESIA,477563310,0,477563310,4.0
30-Jun-2026,WIRG,WIR ASIA Tbk,PT Sejahtera Bersama Triwira,Corporate,L,,,0,155820000,155820000,1.31
30-Jun-2026,WIRG,WIR ASIA Tbk,LIPPO-DRAGONSTONE ASIA STAR MASTER FUND,Investment Advisors,F,,CAYMAN ISLANDS,123707400,0,123707400,1.04
30-Jun-2026,WIRG,WIR ASIA Tbk,KENDRIK WISAN,Individual,L,INDONESIAN,INDONESIA,129823700,0,129823700,1.09
30-Jun-2026,WIRG,WIR ASIA Tbk,MARTIN KAUW,Individual,L,INDONESIAN,INDONESIA,134959900,0,134959900,1.13
30-Jun-2026,WIRG,WIR ASIA Tbk,ARDIANA BELINA NATASHA,Individual,L,INDONESIAN,INDONESIA,144559500,0,144559500,1.21
30-Jun-2026,WIRG,WIR ASIA Tbk,RUDY SUSANTO,Individual,L,INDONESIAN,INDONESIA,241957900,0,241957900,2.03
30-Jun-2026,WIRG,WIR ASIA Tbk,DRA ZANNUBA ARIFAH CH R,Individual,L,INDONESIAN,INDONESIA,177821000,0,177821000,1.49
30-Jun-2026,WIRG,WIR ASIA Tbk,FLORENSIA KARTINI TEDJA,Individual,F,US,UNITED STATES,572598238,0,572598238,4.8
30-Jun-2026,WIRG,WIR ASIA Tbk,PHEIM ASSET MANAGEMENT SDN.BHD.(269564-A),Trustee Bank,F,,MALAYSIA,119700700,0,119700700,1.0
30-Jun-2026,WMPP,WIDODO MAKMUR PERKASA Tbk,"GADING DANALESTARI, PT",Corporate,L,,INDONESIA,339422600,0,339422600,1.15
30-Jun-2026,WMPP,WIDODO MAKMUR PERKASA Tbk,PT SENTRAL TEKNOLOGI KAPITAL,Corporate,L,,INDONESIA,299854000,0,299854000,1.02
30-Jun-2026,WMPP,WIDODO MAKMUR PERKASA Tbk,PT. BAYU BERLIAN MAKMUR,Corporate,L,,INDONESIA,735246000,0,735246000,2.5
30-Jun-2026,WMPP,WIDODO MAKMUR PERKASA Tbk,RED DRAGON CAPITAL LTD,Investment Advisors,F,,"VIRGIN ISLANDS, BRITISH",1915475100,0,1915475100,6.51
30-Jun-2026,WMPP,WIDODO MAKMUR PERKASA Tbk,AFANDI TJANDRA,Individual,L,INDONESIAN,INDONESIA,312500000,0,312500000,1.06
30-Jun-2026,WMPP,WIDODO MAKMUR PERKASA Tbk,TUMIYANA,Individual,L,INDONESIAN,INDONESIA,9644587910,10050000000,19694587910,66.95
30-Jun-2026,WMPP,WIDODO MAKMUR PERKASA Tbk,KOPERASI KONSUMEN KARYAWAN BERKAH ABADI,Cooperatives,L,,INDONESIA,1080108200,0,1080108200,3.67
30-Jun-2026,WMPP,WIDODO MAKMUR PERKASA Tbk,KOPERASI KONSUMEN KARYAWAN MANDIRI WIDODO MAKMUR,Cooperatives,L,,INDONESIA,1307359400,0,1307359400,4.44
30-Jun-2026,WMUU,WIDODO MAKMUR UNGGAS Tbk,"WIDODO MAKMUR PERKASA TBK, PT",Corporate,L,,INDONESIA,3547794328,1750000000,5297794328,40.94
30-Jun-2026,WMUU,WIDODO MAKMUR UNGGAS Tbk,PT DIGITAL PASIFIK NUSANTARA,Corporate,L,,INDONESIA,296000000,0,296000000,2.29
30-Jun-2026,WMUU,WIDODO MAKMUR UNGGAS Tbk,AFANDI TJANDRA,Individual,L,INDONESIAN,INDONESIA,138888800,0,138888800,1.07
30-Jun-2026,WMUU,WIDODO MAKMUR UNGGAS Tbk,YANTI,Individual,L,INDONESIAN,INDONESIA,448480700,0,448480700,3.47
30-Jun-2026,WMUU,WIDODO MAKMUR UNGGAS Tbk,Kurniawan susanto,Individual,L,INDONESIAN,INDONESIA,178269800,0,178269800,1.38
30-Jun-2026,WMUU,WIDODO MAKMUR UNGGAS Tbk,KOPERASI KONSUMEN KARYAWAN BERKAH ABADI,Cooperatives,L,,INDONESIA,306267919,0,306267919,2.37
30-Jun-2026,WOMF,WAHANA OTTOMITRA MULTIARTHA Tbk,PT. WAHANA MAKMUR SEJATI,Corporate,L,,INDONESIA,870600000,0,870600000,25.01
30-Jun-2026,WOMF,WAHANA OTTOMITRA MULTIARTHA Tbk,PT MRVL ASIA INVESTAMA,Investment Advisors,L,,INDONESIA,37000000,0,37000000,1.06
30-Jun-2026,WOMF,WAHANA OTTOMITRA MULTIARTHA Tbk,PT BANK MAYBANK INDONESIA TBK,Bank,L,,INDONESIA,2349646729,0,2349646729,67.49
30-Jun-2026,WOMF,WAHANA OTTOMITRA MULTIARTHA Tbk,UBS AG SINGAPORE BRANCH,Private Bank,F,,SINGAPORE,55000000,0,55000000,1.58
30-Jun-2026,WOOD,INTEGRA INDOCABINET Tbk,PT DWIMURIA INVESTAMA ANDALAN,Private Equity,L,,INDONESIA,70144800,0,70144800,1.09
30-Jun-2026,WOOD,INTEGRA INDOCABINET Tbk,PT INTEGRA INDO LESTARI,Corporate,L,,INDONESIA,1096335000,3477500000,4573835000,71.05
30-Jun-2026,WOOD,INTEGRA INDOCABINET Tbk,INTEGRA INDOCABINET TBK PT,Firm,L,,INDONESIA,173543100,0,173543100,2.7
30-Jun-2026,WOOD,INTEGRA INDOCABINET Tbk,PT BHAKTI NUSA NIAGA,Corporate,L,,INDONESIA,300648500,0,300648500,4.67
30-Jun-2026,WOOD,INTEGRA INDOCABINET Tbk,"SINERGY MENTARI ALAM, PT",Corporate,L,,INDONESIA,228398000,0,228398000,3.55
30-Jun-2026,WOOD,INTEGRA INDOCABINET Tbk,INDRAWATI TJENDANA,Individual,L,INDONESIAN,INDONESIA,66991900,0,66991900,1.04
30-Jun-2026,WOWS,GINTING JAYA ENERGI Tbk,PT. Ginting Jaya,Corporate,L,,INDONESIA,1050673048,0,1050673048,42.44
30-Jun-2026,WOWS,GINTING JAYA ENERGI Tbk,ROBBY ADIJAYA,Individual,L,INDONESIAN,INDONESIA,120000000,0,120000000,4.85
30-Jun-2026,WOWS,GINTING JAYA ENERGI Tbk,VICTOR HALIM,Individual,L,INDONESIAN,INDONESIA,67956500,0,67956500,2.74
30-Jun-2026,WOWS,GINTING JAYA ENERGI Tbk,WELLY SUGIHARTO,Individual,L,INDONESIAN,INDONESIA,94000000,0,94000000,3.8
30-Jun-2026,WOWS,GINTING JAYA ENERGI Tbk,EDDY HIDAYAT LIM,,,,,0,36697968,36697968,1.48
30-Jun-2026,WSBP,WASKITA BETON PRECAST Tbk,PT TIGA SEKAWAN SERASI,Corporate,L,,INDONESIA,729371069,0,729371069,1.28
30-Jun-2026,WSBP,WASKITA BETON PRECAST Tbk,CV DJASA AUTOTRUCK,Commanditaire Vennootschap (CV) Or Limited Partnership,L,,INDONESIA,656266836,0,656266836,1.15
30-Jun-2026,WSBP,WASKITA BETON PRECAST Tbk,WIRYA KRENINDO PERKASA,Corporate,L,,INDONESIA,1233003206,0,1233003206,2.16
30-Jun-2026,WSBP,WASKITA BETON PRECAST Tbk,INTINIAGA SUKSES ABADI PT,Corporate,L,,INDONESIA,3918646978,0,3918646978,6.88
30-Jun-2026,WSBP,WASKITA BETON PRECAST Tbk,PT INTIRODA MAKMUR,Corporate,L,,INDONESIA,595567515,0,595567515,1.05
30-Jun-2026,WSBP,WASKITA BETON PRECAST Tbk,"PT WASKITA BETON PRECAST, TBK",Corporate,L,,INDONESIA,1845281000,0,1845281000,3.24
30-Jun-2026,WSBP,WASKITA BETON PRECAST Tbk,PT. Waskita Karya A/C MESA,Corporate,L,,INDONESIA,0,16017557697,16017557697,28.12
30-Jun-2026,WSBP,WASKITA BETON PRECAST Tbk,PT SINAR INDAHJAYA KENCANA,Corporate,L,,INDONESIA,1476851029,0,1476851029,2.59
30-Jun-2026,WSBP,WASKITA BETON PRECAST Tbk,PT. MULTI WELINDO,Corporate,L,,INDONESIA,987948658,0,987948658,1.73
30-Jun-2026,WSKT,WASKITA KARYA (PERSERO) Tbk,PERUSAHAAN PERSEROAN (PERSERO) PT DANANTARA ASSET MANAGEMENT,Corporate,L,,,0,21488577028,21488577028,74.6
30-Jun-2026,WSKT,WASKITA KARYA (PERSERO) Tbk,DJS KETENAGAKERJAAN PROGRAM JAMINAN HARI TUA,State Owned Enterprises,L,,INDONESIA,436461133,0,436461133,1.52
30-Jun-2026,WTON,WIJAYA KARYA BETON Tbk,PERUSAHAAN PERSEROAN (PERSERO) PT WIJAYA KARYA TBK,Corporate,L,,INDONESIA,0,5229279960,5229279960,60.0
30-Jun-2026,WTON,WIJAYA KARYA BETON Tbk,DJS KETENAGAKERJAAN PROGRAM JAMINAN HARI TUA,State Owned Enterprises,L,,INDONESIA,243629400,0,243629400,2.8
30-Jun-2026,WTON,WIJAYA KARYA BETON Tbk,PT TASPEN (PERSERO),State Owned Enterprises,L,,INDONESIA,120468400,0,120468400,1.38
30-Jun-2026,WTON,WIJAYA KARYA BETON Tbk,KOPERASI KARYA MITRA SATYA,Cooperatives,L,,INDONESIA,348539349,0,348539349,4.0
30-Jun-2026,WTON,WIJAYA KARYA BETON Tbk,"PANIN SEKURITAS Tbk, PT",Securities Company,L,,INDONESIA,136125700,0,136125700,1.56
30-Jun-2026,YELO,YELOOO INTEGRA DATANET Tbk,PT ARTALINDO SEMESTA NUSANTARA,Corporate,L,,INDONESIA,698799998,0,698799998,36.53
30-Jun-2026,YOII,ASURANSI DIGITAL BERSAMA Tbk,QOALA TECHNOLOGY PTE LTD,Corporate,F,,SINGAPORE,170087500,0,170087500,4.97
30-Jun-2026,YOII,ASURANSI DIGITAL BERSAMA Tbk,ADI WIBOWO ADISAPUTRO,Individual,L,INDONESIAN,INDONESIA,1448710000,0,1448710000,42.3
30-Jun-2026,YOII,ASURANSI DIGITAL BERSAMA Tbk,DWIJAWANTI WIDIATMADJA SH,Individual,L,INDONESIAN,,42690000,0,42690000,1.25
30-Jun-2026,YOII,ASURANSI DIGITAL BERSAMA Tbk,DJAJUS ADISAPUTRO,Individual,L,INDONESIAN,INDONESIA,934110000,0,934110000,27.28
30-Jun-2026,YOII,ASURANSI DIGITAL BERSAMA Tbk,AUWILLY,Individual,L,INDONESIAN,INDONESIA,42000000,0,42000000,1.23
30-Jun-2026,YOII,ASURANSI DIGITAL BERSAMA Tbk,DJUN KONG,Individual,L,INDONESIAN,INDONESIA,82986200,0,82986200,2.42
30-Jun-2026,YOII,ASURANSI DIGITAL BERSAMA Tbk,M. LUHUT DOLOKSARIBU SH,Individual,L,INDONESIAN,INDONESIA,80650000,0,80650000,2.35
30-Jun-2026,YOII,ASURANSI DIGITAL BERSAMA Tbk,DANA PENSIUN BANK PEMBANGUNAN DAERAH JATENG,Pension Funds,L,,INDONESIA,173370200,0,173370200,5.06
30-Jun-2026,YOII,ASURANSI DIGITAL BERSAMA Tbk,DANA PENSIUN BPD JAWA BARAT DAN BANTEN,Pension Funds,L,,INDONESIA,54800000,0,54800000,1.6
30-Jun-2026,YOII,ASURANSI DIGITAL BERSAMA Tbk,DANA PENSIUN BANK DKI,Pension Funds,L,,INDONESIA,82878100,0,82878100,2.42
30-Jun-2026,YPAS,YANAPRIMA HASTAPERSADA Tbk,PT HASTAGRAHA BUMIPERSADA,Corporate,L,,INDONESIA,597650500,0,597650500,89.47
30-Jun-2026,YPAS,YANAPRIMA HASTAPERSADA Tbk,HENDRA  GUNAWAN GO,Individual,L,INDONESIAN,,32818100,0,32818100,4.91
30-Jun-2026,YPAS,YANAPRIMA HASTAPERSADA Tbk,TONNY SOEGIONO,Individual,L,INDONESIAN,INDONESIA,20913300,0,20913300,3.13
30-Jun-2026,YULE,YULIE SEKURITAS INDONESIA Tbk,PT. Sumbersentosa Guna Lestari,Corporate,L,,INDONESIA,25225906,0,25225906,1.41
30-Jun-2026,YULE,YULIE SEKURITAS INDONESIA Tbk,PT ARISTA PRATAMA JAYA,Corporate,L,,INDONESIA,39327668,0,39327668,2.2
30-Jun-2026,YULE,YULIE SEKURITAS INDONESIA Tbk,PT. Gema Buana Indonesia,Corporate,L,,INDONESIA,178214304,0,178214304,9.98
30-Jun-2026,YULE,YULIE SEKURITAS INDONESIA Tbk,"EFG BANK AG, SINGAPORE BRANCH A/C CLIENTS",Private Bank,F,,SINGAPORE,49942300,0,49942300,2.8
30-Jun-2026,YULE,YULIE SEKURITAS INDONESIA Tbk,BANK OF SINGAPORE LIMITED,Private Bank,F,,SINGAPORE,77786500,0,77786500,4.36
30-Jun-2026,YULE,YULIE SEKURITAS INDONESIA Tbk,PURNOMO MARSIGIT,Individual,L,INDONESIAN,INDONESIA,21141410,0,21141410,1.18
30-Jun-2026,YULE,YULIE SEKURITAS INDONESIA Tbk,Sabrina Evelyn Elian,Individual,L,INDONESIAN,INDONESIA,91902716,0,91902716,5.15
30-Jun-2026,YULE,YULIE SEKURITAS INDONESIA Tbk,OKE SETIAWAN,Individual,L,INDONESIAN,INDONESIA,74279765,0,74279765,4.16
30-Jun-2026,YULE,YULIE SEKURITAS INDONESIA Tbk,Suharjono Sutanto,Individual,L,INDONESIAN,INDONESIA,20349633,0,20349633,1.14
30-Jun-2026,YULE,YULIE SEKURITAS INDONESIA Tbk,HERU TJAHYO WIYOGO,Individual,L,INDONESIAN,,51169000,0,51169000,2.87
30-Jun-2026,YULE,YULIE SEKURITAS INDONESIA Tbk,HENOCH WEYLIM,Individual,L,INDONESIAN,INDONESIA,69887483,0,69887483,3.92
30-Jun-2026,YULE,YULIE SEKURITAS INDONESIA Tbk,LO SENG FONG,Individual,L,INDONESIAN,INDONESIA,43811900,0,43811900,2.45
30-Jun-2026,YULE,YULIE SEKURITAS INDONESIA Tbk,MAGNUS JAYA,Individual,L,INDONESIAN,INDONESIA,65892351,0,65892351,3.69
30-Jun-2026,YULE,YULIE SEKURITAS INDONESIA Tbk,Julianti Santoso,Individual,L,INDONESIAN,INDONESIA,22945276,0,22945276,1.29
30-Jun-2026,YULE,YULIE SEKURITAS INDONESIA Tbk,"INDOPERKASA SUKSESJAYA REASURANSI, PT",Insurance,L,,INDONESIA,22728200,0,22728200,1.27
30-Jun-2026,YULE,YULIE SEKURITAS INDONESIA Tbk,Koperasi Simpan Pinjam Nusantara Sejahtera Mandiri,Cooperatives,L,,INDONESIA,55152106,0,55152106,3.09
30-Jun-2026,YULE,YULIE SEKURITAS INDONESIA Tbk,PT YULIE SEKURITAS INDONESIA TBK,Securities Company,L,,INDONESIA,197713200,0,197713200,11.08
30-Jun-2026,YULE,YULIE SEKURITAS INDONESIA Tbk,MAYBANK SECURITIES PTE. LTD.,Investment Manager,F,,SINGAPORE,45900000,0,45900000,2.57
30-Jun-2026,YULE,YULIE SEKURITAS INDONESIA Tbk,BOOM SECURITIES (H.K.) LIMITED,Securities Company,F,,HONG KONG,45200000,0,45200000,2.53
30-Jun-2026,YUPI,YUPI INDO JELLY GUM Tbk,CONFECTIONERY CONSUMER PRODUCTS INDONESIA,Corporate,L,,INDONESIA,7690039800,0,7690039800,90.0
30-Jun-2026,YUPI,YUPI INDO JELLY GUM Tbk,LION TRUST (SINGAPORE) LIMITED,Trustee Bank,F,,SINGAPORE,101508500,0,101508500,1.19
30-Jun-2026,YUPI,YUPI INDO JELLY GUM Tbk,SEMBA BONSAI FUND,Hedge Fund,F,,SINGAPORE,288669900,0,288669900,3.38
30-Jun-2026,YUPI,YUPI INDO JELLY GUM Tbk,CRATER LAKE CAPITAL FUND,Mutual Funds,F,,SINGAPORE,124065900,0,124065900,1.45
30-Jun-2026,YUPI,YUPI INDO JELLY GUM Tbk,BORNEO HORIZON FUND,Mutual Funds,F,,SINGAPORE,122121000,0,122121000,1.43
30-Jun-2026,YUPI,YUPI INDO JELLY GUM Tbk,EVERGREEN CONSUMER FUND,Mutual Funds,F,,SINGAPORE,124102200,0,124102200,1.45
30-Jun-2026,ZATA,BERSAMA ZATTA JAYA Tbk,"LEMBUR SADAYA INVESTAMA, PT",Corporate,L,,INDONESIA,5837675422,0,5837675422,68.71
30-Jun-2026,ZATA,BERSAMA ZATTA JAYA Tbk,HJ ELIDAWATI,Individual,L,INDONESIAN,INDONESIA,390000000,0,390000000,4.59
30-Jun-2026,ZATA,BERSAMA ZATTA JAYA Tbk,SUKAESIH,Individual,L,INDONESIAN,INDONESIA,90000000,0,90000000,1.06
30-Jun-2026,ZBRA,DOSNI ROHA INDONESIA Tbk,"EUROPEAN HOSPITAL DEVELOPMENT, PT",Corporate,L,,INDONESIA,105621603,0,105621603,4.21
30-Jun-2026,ZBRA,DOSNI ROHA INDONESIA Tbk,PT TRINITY HEALTHCARE,Corporate,L,,INDONESIA,1556871192,0,1556871192,62.01
30-Jun-2026,ZBRA,DOSNI ROHA INDONESIA Tbk,PT JADEGREEN EQUITIES,Private Equity,L,,INDONESIA,105288635,0,105288635,4.19
30-Jun-2026,ZBRA,DOSNI ROHA INDONESIA Tbk,DBS BANK LTD.,Bank,F,,SINGAPORE,117050800,0,117050800,4.66
30-Jun-2026,ZBRA,DOSNI ROHA INDONESIA Tbk,B.RUDIJANTO TANOESOEDIBJO,Individual,L,INDONESIAN,INDONESIA,56984200,0,56984200,2.27
30-Jun-2026,ZBRA,DOSNI ROHA INDONESIA Tbk,PT MAYBANK SEKURITAS INDONESIA - REGISTRAR,Securities Company,L,,INDONESIA,387223800,0,387223800,15.42
30-Jun-2026,ZINC,KAPUAS PRIMA COAL Tbk,PT SARANA INTI SELARAS,Corporate,L,,INDONESIA,2470509344,0,2470509344,9.78
30-Jun-2026,ZINC,KAPUAS PRIMA COAL Tbk,UBS SWITZERLAND AG,Trustee Bank,F,,SWITZERLAND,1288003580,0,1288003580,5.1
30-Jun-2026,ZINC,KAPUAS PRIMA COAL Tbk,SIM  ANTONY,Individual,L,INDONESIAN,INDONESIA,3639992000,0,3639992000,14.42
30-Jun-2026,ZINC,KAPUAS PRIMA COAL Tbk,HAROEN SOEDJATMIKO,Individual,L,INDONESIAN,INDONESIAN,0,2416000000,2416000000,9.57
30-Jun-2026,ZINC,KAPUAS PRIMA COAL Tbk,KIOE NATA,Individual,L,INDONESIAN,INDONESIA,3113992000,0,3113992000,12.33
30-Jun-2026,ZINC,KAPUAS PRIMA COAL Tbk,BUDIMULIO UTOMO,Individual,L,INDONESIAN,INDONESIA,2562000000,0,2562000000,10.15
30-Jun-2026,ZINC,KAPUAS PRIMA COAL Tbk,WILLIAM,Individual,L,INDONESIAN,INDONESIA,2314000000,0,2314000000,9.16
30-Jun-2026,ZONE,MEGA PERINTIS Tbk,PT MAHAWIRA ADI KRIYA,Corporate,L,,INDONESIA,38271478,0,38271478,4.4
30-Jun-2026,ZONE,MEGA PERINTIS Tbk,"TANCORP INVESTAMA MULIA, PT",Venture Capital,L,,INDONESIA,205797000,0,205797000,23.65
30-Jun-2026,ZONE,MEGA PERINTIS Tbk,PT. JABAYA ADI INVESTAMA,Corporate,L,,INDONESIA,36900000,0,36900000,4.24
30-Jun-2026,ZONE,MEGA PERINTIS Tbk,GANESH ZUKASH VASWANI,Individual,L,INDONESIAN,INDONESIA,2945900,71650000,74595900,8.57
30-Jun-2026,ZONE,MEGA PERINTIS Tbk,FRANXISCUS AFAT ADINATA NURSALIM,Individual,L,INDONESIAN,INDONESIA,992500,37500000,38492500,4.42
30-Jun-2026,ZONE,MEGA PERINTIS Tbk,VEROSITO GUNAWAN,Individual,L,INDONESIAN,INDONESIA,11380000,301150000,312530000,35.92
30-Jun-2026,ZONE,MEGA PERINTIS Tbk,VANDA GUNAWAN,Individual,L,INDONESIAN,INDONESIA,0,106225000,106225000,12.21
30-Jun-2026,ZONE,MEGA PERINTIS Tbk,UOB KAY HIAN PTE LTD,Securities Company,F,,SINGAPORE,41921200,0,41921200,4.82
30-Jun-2026,ZYRX,ZYREXINDO MANDIRI BUANA Tbk,PT BERKSHIRE MULTI INVESTAMA,Corporate,L,,INDONESIA,29253600,0,29253600,2.19
30-Jun-2026,ZYRX,ZYREXINDO MANDIRI BUANA Tbk,PT KOMPUTA UTAMA KENCANA,Corporate,L,,INDONESIA,38126200,0,38126200,2.86
30-Jun-2026,ZYRX,ZYREXINDO MANDIRI BUANA Tbk,PT BINEXCOM MANDIRI BUANA,Corporate,L,,INDONESIA,63322000,0,63322000,4.75
30-Jun-2026,ZYRX,ZYREXINDO MANDIRI BUANA Tbk,PT. BUNDA INVESTAMA INDONESIA,Private Equity,L,,INDONESIA,65352000,0,65352000,4.9
30-Jun-2026,ZYRX,ZYREXINDO MANDIRI BUANA Tbk,TIMOTHY SIDDIK SHU,Individual,L,INDONESIAN,INDONESIA,2076700,750000000,752076700,56.41
30-Jun-2026,ZYRX,ZYREXINDO MANDIRI BUANA Tbk,COLLEEN SIDDIK SHU,Individual,L,INDONESIAN,INDONESIA,0,250000000,250000000,18.75
30-Jun-2026,ZYRX,ZYREXINDO MANDIRI BUANA Tbk,LYDIAWATI DAKHI,Individual,L,INDONESIAN,INDONESIA,16000000,0,16000000,1.2
